{"type":"FeatureCollection","name":"QP2024_France_hexagonale_LB93","crs":{"type":"name","properties":{"name":"urn:ogc:def:crs:EPSG::2154"}},"features":[{"type":"Feature","properties":{"fid":196.0,"code_qp":"QN02201M","lib_qp":"Ar Santé - Les Fontaines","insee_reg":"53","lib_reg":"Bretagne","insee_dep":"22","lib_dep":"Côtes-d'Armor","insee_com":"22113","lib_com":"Lannion","siren_epci":"200065928"},"geometry":{"type":"MultiPolygon","coordinates":[[[[226386.9,6867106.1],[226397.9,6867103.8],[226404.4,6867094.9],[226422.4,6867039.8],[226431.0,6867004.9],[226434.5,6866978.1],[226474.6,6867008.4],[226485.1,6867011.4],[226490.8,6867009.5],[226512.1,6866964.8],[226534.0,6866935.6],[226542.6,6866918.0],[226547.1,6866898.4],[226538.5,6866782.3],[226521.6,6866762.0],[226500.7,6866734.8],[226495.8,6866731.8],[226477.2,6866700.2],[226444.1,6866713.9],[226414.7,6866720.6],[226430.1,6866743.3],[226436.9,6866765.7],[226441.9,6866795.2],[226445.0,6866805.6],[226445.5,6866818.6],[226443.6,6866846.9],[226417.2,6866843.9],[226394.0,6866845.5],[226357.7,6866790.4],[226351.7,6866785.1],[226371.2,6866768.6],[226387.2,6866743.9],[226381.1,6866737.2],[226377.4,6866727.5],[226344.8,6866713.6],[226317.3,6866708.8],[226282.6,6866703.7],[226187.5,6866690.3],[226084.8,6866693.8],[225947.6,6866698.9],[225948.4,6866663.6],[225953.6,6866641.0],[225925.2,6866631.7],[225922.5,6866641.5],[225883.5,6866635.2],[225875.8,6866625.3],[225802.1,6866673.6],[225810.2,6866685.3],[225784.3,6866706.0],[225787.1,6866713.2],[225825.7,6866706.2],[225947.1,6866699.0],[225945.6,6866742.3],[225942.8,6866766.8],[225932.2,6866797.6],[225924.6,6866826.2],[226097.3,6866930.6],[226078.9,6866961.5],[226064.5,6866953.2],[226046.3,6866985.6],[226001.6,6866958.6],[225984.3,6866985.9],[226004.5,6866998.8],[226019.2,6867006.8],[226021.9,6867010.2],[226005.4,6867023.5],[226001.9,6867024.8],[225995.8,6867020.6],[225989.4,6867031.2],[225983.5,6867040.7],[225957.7,6867025.2],[225953.0,6867034.7],[225970.6,6867045.8],[225963.3,6867060.5],[225970.0,6867063.0],[225958.6,6867072.3],[225952.1,6867083.7],[225967.4,6867088.0],[225972.9,6867088.3],[226005.1,6867087.5],[226012.1,6867097.2],[226056.2,6867120.4],[226084.9,6867129.7],[226073.7,6867149.4],[226058.8,6867152.4],[226050.0,6867157.9],[226045.1,6867163.3],[226012.2,6867154.2],[226010.0,6867153.5],[226007.3,6867153.7],[226004.3,6867156.3],[225994.8,6867165.2],[225977.0,6867147.4],[225952.1,6867174.6],[225983.5,6867200.6],[225982.1,6867202.6],[226006.7,6867226.5],[226007.9,6867225.4],[226013.1,6867230.5],[226012.6,6867231.6],[226034.4,6867252.3],[226030.0,6867256.3],[226053.5,6867278.9],[226013.7,6867336.0],[226038.4,6867358.9],[226066.4,6867322.7],[226095.8,6867281.4],[226130.8,6867235.5],[226149.5,6867209.5],[226161.7,6867183.8],[226169.1,6867160.4],[226164.4,6867156.8],[226090.1,6867130.6],[226091.8,6867125.2],[226096.0,6867105.0],[226098.1,6867085.5],[226191.2,6867090.3],[226269.6,6867095.5],[226386.9,6867106.1]]]]}},{"type":"Feature","properties":{"fid":197.0,"code_qp":"QN02202M","lib_qp":"Ker Uhel","insee_reg":"53","lib_reg":"Bretagne","insee_dep":"22","lib_dep":"Côtes-d'Armor","insee_com":"22113","lib_com":"Lannion","siren_epci":"200065928"},"geometry":{"type":"MultiPolygon","coordinates":[[[[224564.5,6869062.2],[224624.5,6869070.3],[224628.4,6869038.3],[224632.4,6869020.9],[224644.8,6869007.1],[224686.2,6869058.6],[224712.6,6869096.1],[224715.5,6869129.5],[224740.3,6869132.9],[224782.4,6869101.1],[224783.5,6869101.6],[224795.1,6869115.6],[224805.6,6869142.3],[224827.9,6869194.8],[224825.2,6869214.7],[224826.2,6869224.2],[224840.8,6869266.2],[224894.1,6869248.6],[224928.3,6869238.0],[224968.7,6869228.6],[225047.1,6869220.6],[225049.3,6869249.3],[225135.2,6869265.2],[225186.0,6869282.5],[225224.8,6869287.4],[225236.8,6869287.3],[225296.1,6869272.3],[225334.8,6869261.3],[225359.1,6869259.6],[225374.0,6869260.2],[225399.4,6869266.5],[225432.1,6869270.7],[225474.8,6869270.9],[225419.6,6869055.0],[225192.4,6869052.8],[225173.5,6869068.5],[225115.3,6869072.7],[225045.9,6869077.0],[225045.9,6869045.0],[225101.3,6869047.3],[225101.2,6869027.6],[225101.2,6869014.5],[225102.0,6869002.5],[225102.2,6868990.8],[225069.4,6868977.1],[225083.8,6868941.4],[225032.7,6868915.8],[225029.0,6868912.5],[225018.3,6868908.0],[225009.8,6868906.1],[225008.0,6868913.1],[225000.2,6868924.2],[224992.1,6868933.8],[224982.1,6868942.0],[224971.1,6868948.3],[224958.6,6868952.3],[224874.9,6868947.7],[224866.6,6868946.0],[224859.6,6868940.9],[224840.8,6868921.6],[224831.4,6868907.7],[224817.7,6868879.1],[224786.4,6868834.0],[224813.0,6868812.7],[224868.6,6868772.8],[224872.5,6868735.9],[224872.7,6868693.4],[224881.5,6868689.5],[224891.3,6868685.7],[224913.3,6868679.0],[224926.4,6868671.2],[224940.0,6868661.0],[224929.9,6868647.2],[224914.8,6868626.4],[224919.9,6868615.3],[224921.3,6868600.7],[224913.6,6868580.5],[224909.1,6868578.6],[224894.3,6868554.8],[224887.5,6868558.5],[224870.1,6868559.0],[224865.4,6868556.5],[224858.6,6868557.6],[224839.8,6868560.1],[224817.7,6868565.9],[224805.3,6868547.9],[224755.4,6868578.2],[224698.2,6868616.8],[224691.6,6868627.8],[224667.1,6868660.4],[224649.2,6868678.7],[224591.0,6868721.8],[224572.0,6868736.6],[224538.0,6868693.9],[224520.4,6868669.1],[224507.4,6868647.4],[224485.2,6868624.9],[224462.7,6868606.9],[224457.1,6868612.5],[224421.1,6868644.9],[224380.6,6868681.5],[224296.7,6868758.1],[224337.4,6868803.7],[224324.3,6868814.6],[224308.1,6868816.5],[224308.4,6868821.3],[224302.5,6868821.6],[224226.6,6868827.6],[224225.6,6868803.1],[224194.6,6868805.6],[224203.9,6868931.7],[224186.2,6868930.2],[224167.4,6868925.4],[224147.0,6868918.4],[224123.1,6868907.3],[224093.5,6868891.3],[224071.8,6868876.0],[224064.3,6868866.5],[224057.6,6868871.8],[224058.4,6868879.0],[224057.6,6868886.7],[224051.6,6868903.0],[224053.9,6868945.3],[224129.2,6868964.9],[224129.0,6868968.0],[224150.4,6868996.2],[224137.4,6869007.7],[224114.3,6869021.5],[224091.1,6869021.3],[224090.4,6869084.9],[224146.8,6869084.9],[224205.4,6869045.7],[224234.0,6869023.0],[224267.3,6868991.6],[224418.1,6868829.9],[224444.2,6868855.6],[224468.5,6868857.1],[224475.1,6868864.8],[224518.8,6868866.0],[224530.7,6868883.5],[224542.3,6868908.6],[224558.8,6868937.3],[224557.1,6868939.9],[224547.2,6868946.7],[224565.4,6868969.8],[224500.7,6869019.0],[224556.1,6869090.7],[224559.1,6869067.1],[224563.3,6869067.6],[224564.5,6869062.2]]]]}},{"type":"Feature","properties":{"fid":198.0,"code_qp":"QN02203I","lib_qp":"Croix Saint-Lambert - Ville Oger","insee_reg":"53","lib_reg":"Bretagne","insee_dep":"22","lib_dep":"Côtes-d'Armor","insee_com":"22278","lib_com":"Saint-Brieuc","siren_epci":"200069409"},"geometry":{"type":"MultiPolygon","coordinates":[[[[275621.6,6837581.3],[275706.6,6837639.3],[275799.6,6837704.2],[275825.5,6837722.2],[275856.9,6837739.5],[275895.2,6837748.9],[275915.4,6837756.7],[275922.4,6837754.6],[275934.0,6837752.4],[275982.4,6837708.9],[276119.4,6837582.7],[276000.0,6837490.2],[276015.8,6837474.5],[276033.6,6837473.3],[276078.0,6837446.2],[276092.2,6837436.2],[276095.0,6837440.3],[276100.9,6837436.5],[276102.5,6837436.5],[276132.2,6837475.1],[276129.6,6837480.7],[276120.8,6837494.2],[276112.2,6837508.0],[276117.8,6837510.8],[276120.6,6837519.6],[276133.0,6837521.3],[276137.7,6837540.8],[276128.7,6837542.5],[276125.6,6837546.8],[276143.8,6837557.0],[276180.3,6837521.7],[276187.4,6837510.8],[276186.9,6837493.9],[276190.7,6837482.4],[276208.8,6837406.5],[276265.2,6837418.0],[276281.2,6837412.3],[276310.0,6837392.5],[276330.8,6837372.4],[276341.8,6837360.4],[276342.7,6837351.9],[276354.0,6837342.9],[276363.5,6837335.5],[276367.9,6837327.8],[276359.3,6837316.6],[276354.6,6837310.3],[276346.8,6837305.5],[276238.4,6837280.4],[276240.6,6837274.6],[276235.1,6837273.1],[276238.3,6837257.8],[276234.6,6837254.3],[276230.8,6837247.6],[276229.4,6837241.6],[276213.0,6837243.9],[276183.8,6837250.7],[276056.3,6837299.1],[276041.7,6837305.1],[276034.1,6837289.9],[276012.7,6837254.2],[275995.3,6837228.8],[275985.0,6837212.0],[275976.9,6837199.3],[275967.8,6837182.8],[275965.2,6837171.0],[275964.4,6837152.8],[275966.6,6837113.0],[275961.6,6837103.9],[275947.1,6837092.6],[275966.0,6837069.5],[275941.0,6837052.9],[275874.7,6837017.4],[275843.0,6837001.4],[275787.7,6837057.9],[275822.5,6837185.6],[275853.7,6837205.8],[275883.2,6837161.3],[275943.7,6837095.1],[275960.0,6837105.5],[275963.7,6837113.0],[275962.5,6837153.1],[275962.6,6837171.5],[275963.3,6837181.6],[275930.7,6837205.8],[275907.0,6837223.6],[275885.2,6837238.1],[275857.7,6837259.6],[275822.1,6837280.8],[275830.4,6837294.5],[275796.4,6837299.0],[275783.6,6837288.7],[275779.3,6837292.7],[275771.7,6837303.7],[275777.2,6837309.9],[275781.0,6837319.2],[275791.0,6837328.7],[275838.5,6837358.3],[275863.2,6837373.0],[275868.1,6837366.1],[275893.8,6837334.9],[275958.0,6837387.2],[275935.0,6837415.5],[275922.6,6837429.3],[275896.0,6837409.5],[275873.2,6837393.1],[275827.1,6837364.1],[275791.1,6837341.9],[275782.6,6837340.8],[275772.0,6837342.3],[275763.5,6837346.4],[275757.2,6837347.0],[275750.5,6837346.5],[275743.9,6837343.2],[275736.7,6837350.7],[275721.9,6837364.9],[275705.7,6837380.1],[275689.1,6837399.3],[275673.8,6837419.9],[275706.9,6837457.5],[275676.7,6837497.2],[275667.9,6837514.6],[275660.5,6837529.5],[275667.9,6837541.9],[275647.0,6837558.0],[275621.6,6837581.3]]]]}},{"type":"Feature","properties":{"fid":199.0,"code_qp":"QN02204M","lib_qp":"Le Plateau - Europe - Balzac","insee_reg":"53","lib_reg":"Bretagne","insee_dep":"22","lib_dep":"Côtes-d'Armor","insee_com":"22278","lib_com":"Saint-Brieuc","siren_epci":"200069409"},"geometry":{"type":"MultiPolygon","coordinates":[[[[276824.8,6839383.7],[276781.9,6839319.7],[276755.1,6839280.7],[276705.2,6839208.5],[276695.8,6839194.8],[276687.8,6839220.8],[276686.3,6839260.6],[276653.2,6839253.7],[276651.5,6839256.7],[276604.5,6839250.0],[276608.0,6839225.0],[276571.6,6839219.0],[276560.3,6839218.7],[276549.1,6839215.9],[276525.2,6839212.9],[276527.6,6839195.4],[276488.6,6839191.4],[276442.4,6839132.8],[276439.1,6839135.5],[276417.3,6839110.7],[276405.3,6839099.4],[276379.0,6839121.6],[276373.9,6839116.3],[276357.8,6839131.9],[276359.3,6839150.0],[276359.9,6839164.2],[276283.6,6839169.9],[276255.5,6839172.9],[276214.7,6839176.8],[276201.2,6839179.3],[276212.0,6839150.4],[276226.5,6838955.5],[276147.9,6838963.2],[276057.6,6838969.7],[275890.8,6838984.8],[275897.7,6839064.1],[275865.5,6839068.1],[275858.6,6839073.3],[275860.4,6839082.3],[275850.8,6839083.8],[275860.9,6839108.5],[275837.9,6839117.9],[275832.6,6839123.1],[275827.1,6839129.9],[275818.2,6839130.9],[275813.6,6839127.1],[275803.9,6839124.0],[275784.5,6839101.1],[275778.0,6839094.9],[275776.7,6839086.0],[275780.6,6839077.2],[275689.3,6839079.0],[275689.8,6839118.0],[275671.2,6839119.1],[275667.0,6839133.6],[275678.2,6839158.7],[275716.8,6839184.6],[275737.0,6839196.7],[275762.2,6839204.1],[275757.0,6839230.8],[275760.4,6839243.0],[275772.1,6839252.1],[275800.9,6839282.6],[275812.7,6839305.8],[275832.5,6839303.5],[275832.9,6839298.9],[275891.5,6839295.0],[275893.4,6839327.5],[275904.1,6839327.5],[275906.0,6839331.9],[276003.5,6839323.7],[276003.7,6839325.7],[276036.1,6839322.9],[276047.8,6839308.5],[276057.7,6839308.5],[276054.3,6839223.9],[276053.0,6839195.2],[276148.8,6839186.1],[276220.6,6839180.3],[276261.4,6839180.9],[276255.9,6839215.3],[276243.1,6839263.1],[276217.7,6839357.5],[276206.7,6839412.8],[276199.8,6839443.5],[276196.3,6839473.8],[276191.7,6839522.6],[276219.9,6839520.0],[276221.4,6839570.9],[276217.3,6839574.3],[276222.0,6839582.0],[276222.4,6839644.3],[276201.0,6839648.4],[276178.0,6839649.6],[276165.4,6839665.4],[276145.7,6839725.3],[276142.2,6839762.3],[276142.4,6839780.4],[276148.3,6839793.6],[276158.3,6839799.5],[276173.0,6839800.9],[276187.4,6839796.1],[276189.3,6839791.3],[276221.9,6839789.2],[276233.7,6839787.9],[276269.0,6839784.8],[276312.7,6839778.8],[276342.8,6839775.3],[276372.1,6839752.6],[276370.2,6839738.5],[276368.2,6839738.3],[276364.4,6839712.6],[276359.5,6839708.1],[276353.3,6839706.7],[276347.2,6839706.7],[276311.6,6839710.4],[276308.7,6839700.4],[276302.6,6839673.0],[276311.3,6839672.3],[276393.2,6839663.7],[276393.0,6839658.4],[276409.9,6839656.5],[276409.5,6839651.4],[276412.0,6839651.0],[276411.7,6839649.7],[276420.7,6839649.0],[276417.1,6839612.3],[276416.8,6839514.1],[276418.8,6839497.8],[276442.2,6839496.4],[276458.2,6839497.4],[276477.3,6839500.9],[276491.4,6839506.0],[276511.8,6839515.3],[276532.7,6839532.7],[276553.5,6839549.9],[276574.2,6839560.1],[276573.4,6839573.9],[276579.1,6839596.3],[276595.7,6839629.7],[276607.5,6839652.9],[276620.4,6839673.7],[276634.9,6839688.8],[276658.2,6839706.1],[276747.2,6839744.9],[276777.8,6839765.0],[276804.9,6839801.3],[276820.4,6839830.6],[276850.9,6840006.4],[276877.8,6840142.9],[276883.2,6840156.9],[276867.4,6840164.1],[276836.6,6840170.8],[276843.1,6840211.0],[276902.8,6840242.1],[276929.5,6840254.2],[276931.4,6840249.9],[276934.2,6840243.0],[276939.4,6840244.2],[276950.7,6840213.8],[276921.4,6840198.7],[276920.2,6840188.7],[276916.2,6840082.0],[276913.6,6840069.7],[276887.8,6840018.8],[276887.2,6840014.1],[276889.0,6840008.0],[276883.6,6840005.8],[276874.0,6840001.6],[276887.0,6839976.5],[276891.9,6839955.7],[276890.4,6839942.3],[276895.4,6839941.5],[276935.9,6839932.5],[276940.3,6839950.7],[276993.4,6839890.8],[276999.1,6839889.2],[277005.4,6839890.8],[277031.6,6839914.2],[277075.0,6839847.8],[277033.9,6839813.4],[277004.8,6839825.8],[277000.4,6839815.3],[276997.2,6839816.8],[276996.6,6839815.1],[276966.3,6839821.3],[276958.6,6839775.5],[276959.0,6839768.0],[276960.0,6839762.3],[276923.6,6839752.7],[276928.4,6839744.9],[276949.4,6839686.7],[276850.6,6839648.1],[276846.0,6839657.8],[276806.3,6839643.0],[276764.2,6839627.4],[276776.1,6839582.1],[276784.6,6839556.2],[276759.9,6839551.2],[276678.5,6839562.7],[276630.3,6839566.1],[276605.0,6839567.6],[276581.3,6839558.5],[276515.1,6839513.6],[276527.4,6839509.9],[276544.7,6839516.0],[276551.7,6839513.9],[276575.5,6839446.6],[276518.4,6839415.6],[276512.5,6839428.3],[276441.7,6839382.5],[276447.8,6839367.0],[276464.3,6839343.2],[276484.6,6839319.6],[276499.0,6839329.2],[276573.5,6839369.5],[276624.0,6839396.3],[276666.2,6839418.9],[276681.5,6839424.7],[276697.9,6839427.5],[276795.1,6839414.8],[276804.7,6839409.0],[276813.6,6839396.9],[276803.8,6839388.5],[276824.8,6839383.7]]]]}},{"type":"Feature","properties":{"fid":200.0,"code_qp":"QN02205I","lib_qp":"Waron - Point Du Jour","insee_reg":"53","lib_reg":"Bretagne","insee_dep":"22","lib_dep":"Côtes-d'Armor","insee_com":"22278","lib_com":"Saint-Brieuc","siren_epci":"200069409"},"geometry":{"type":"MultiPolygon","coordinates":[[[[272988.8,6840165.7],[272995.5,6840173.9],[273003.2,6840174.7],[273008.4,6840170.5],[273026.5,6840165.0],[273099.6,6840168.6],[273114.8,6840168.1],[273129.3,6840164.8],[273146.4,6840158.5],[273153.7,6840181.1],[273170.1,6840204.2],[273199.5,6840244.5],[273210.1,6840261.9],[273226.8,6840284.5],[273293.5,6840232.1],[273341.7,6840189.9],[273363.9,6840171.7],[273379.3,6840156.7],[273386.2,6840149.8],[273399.2,6840130.6],[273414.1,6840099.8],[273421.6,6840073.4],[273430.1,6839990.4],[273433.2,6839983.8],[273432.3,6839974.6],[273426.2,6839967.1],[273419.4,6839965.8],[273412.8,6839966.3],[273354.7,6839975.5],[273303.7,6839980.8],[273288.0,6839987.1],[273284.3,6839997.0],[273283.5,6840035.5],[273273.6,6840040.7],[273241.0,6839988.9],[273231.6,6839963.5],[273222.8,6839941.4],[273218.5,6839930.5],[273214.4,6839914.1],[273212.4,6839905.5],[273214.8,6839904.6],[273230.7,6839756.4],[273196.7,6839738.5],[273192.2,6839722.4],[273191.2,6839704.0],[273137.1,6839742.0],[273095.1,6839732.0],[273089.9,6839775.1],[273085.8,6839842.8],[273088.2,6839844.6],[273110.2,6839896.9],[273131.9,6839947.4],[273100.4,6839959.3],[272999.6,6839993.7],[272971.4,6840003.6],[272942.6,6840011.7],[272953.3,6840058.8],[272971.3,6840114.8],[272985.7,6840160.1],[272988.8,6840165.7]]]]}},{"type":"Feature","properties":{"fid":201.0,"code_qp":"QN02206I","lib_qp":"La Fontaine des Eaux","insee_reg":"53","lib_reg":"Bretagne","insee_dep":"22","lib_dep":"Côtes-d'Armor","insee_com":"22050","lib_com":"Dinan","siren_epci":"200068989"},"geometry":{"type":"MultiPolygon","coordinates":[[[[327146.1,6829742.7],[327287.2,6829898.4],[327354.0,6829896.7],[327374.2,6829931.6],[327382.9,6829947.9],[327389.8,6829958.7],[327393.6,6829978.0],[327391.1,6829986.9],[327386.9,6829993.5],[327375.1,6830000.6],[327447.8,6830073.1],[327468.8,6830097.6],[327533.3,6830166.3],[327541.0,6830172.4],[327546.6,6830177.7],[327555.1,6830179.3],[327577.2,6830177.7],[327622.4,6830178.0],[327631.6,6830177.3],[327647.4,6830168.1],[327656.0,6830158.2],[327680.9,6830116.9],[327691.2,6830106.1],[327709.0,6830099.9],[327726.8,6830098.6],[327764.0,6830099.2],[327788.0,6830055.6],[327762.9,6830045.4],[327745.4,6830030.5],[327728.1,6830010.9],[327706.8,6830007.3],[327627.5,6830007.8],[327602.5,6830007.7],[327587.3,6830008.8],[327549.0,6830012.3],[327548.3,6830032.9],[327529.6,6830025.5],[327513.9,6830021.7],[327483.7,6830016.7],[327409.1,6830006.1],[327402.8,6830005.9],[327397.9,6829995.0],[327394.6,6829984.8],[327397.6,6829956.3],[327416.7,6829894.2],[327432.3,6829898.2],[327446.0,6829898.6],[327479.1,6829902.1],[327505.3,6829905.1],[327538.0,6829913.3],[327563.4,6829917.6],[327583.2,6829903.9],[327585.6,6829899.0],[327593.5,6829849.3],[327635.8,6829847.6],[327642.5,6829872.1],[327643.4,6829879.2],[327643.4,6829895.9],[327646.6,6829981.4],[327759.3,6829976.6],[327759.1,6829956.7],[327755.2,6829951.4],[327752.8,6829942.6],[327751.1,6829940.3],[327750.4,6829924.3],[327752.5,6829919.3],[327759.4,6829914.0],[327793.3,6829904.4],[327779.0,6829862.9],[327733.4,6829871.1],[327716.9,6829814.6],[327764.2,6829805.6],[327760.0,6829792.0],[327736.3,6829742.8],[327708.8,6829751.2],[327687.4,6829754.8],[327679.3,6829727.6],[327676.2,6829723.0],[327690.8,6829699.4],[327682.4,6829695.7],[327679.0,6829694.7],[327679.1,6829700.1],[327643.1,6829701.0],[327643.0,6829697.2],[327640.6,6829697.3],[327601.1,6829722.9],[327598.1,6829678.7],[327524.8,6829661.8],[327525.3,6829661.0],[327497.3,6829658.9],[327499.1,6829662.5],[327494.6,6829715.5],[327491.4,6829715.1],[327489.4,6829727.9],[327490.0,6829728.1],[327488.9,6829737.8],[327498.7,6829739.4],[327491.2,6829791.8],[327490.2,6829800.0],[327489.8,6829799.7],[327488.4,6829807.8],[327489.0,6829808.4],[327488.6,6829822.1],[327456.0,6829818.9],[327440.7,6829816.7],[327437.3,6829815.9],[327427.3,6829858.7],[327422.5,6829858.7],[327384.1,6829859.1],[327379.6,6829854.2],[327381.2,6829853.0],[327370.7,6829840.5],[327369.5,6829841.1],[327364.7,6829838.4],[327374.4,6829824.2],[327381.7,6829803.4],[327387.4,6829770.3],[327385.2,6829769.2],[327348.6,6829710.5],[327301.1,6829722.0],[327300.0,6829727.0],[327296.5,6829731.7],[327291.2,6829732.6],[327286.6,6829732.0],[327264.7,6829770.4],[327262.7,6829765.8],[327244.6,6829733.8],[327168.1,6829735.9],[327146.1,6829742.7]]]]}},{"type":"Feature","properties":{"fid":202.0,"code_qp":"QN02207N","lib_qp":"Castel Pic - Roudourou - La Madeleine","insee_reg":"53","lib_reg":"Bretagne","insee_dep":"22","lib_dep":"Côtes-d'Armor","insee_com":"22070","lib_com":"Guingamp","siren_epci":"200067981"},"geometry":{"type":"MultiPolygon","coordinates":[[[[245807.8,6846464.9],[245769.8,6846334.2],[245764.8,6846316.7],[245723.4,6846326.5],[245585.5,6846304.4],[245572.2,6846318.7],[245536.9,6846306.3],[245508.7,6846386.5],[245547.6,6846462.5],[245551.3,6846464.0],[245546.3,6846532.2],[245548.8,6846563.2],[245560.2,6846597.6],[245579.8,6846634.5],[245588.7,6846649.5],[245618.8,6846642.9],[245616.8,6846628.5],[245695.7,6846611.6],[245690.5,6846591.3],[245697.9,6846588.9],[245698.3,6846582.3],[245805.9,6846573.6],[245823.1,6846626.4],[245779.8,6846636.1],[245778.4,6846639.8],[245765.5,6846643.9],[245746.0,6846645.4],[245758.4,6846708.4],[245760.0,6846709.1],[245771.5,6846765.7],[245772.8,6846769.2],[245749.0,6846781.3],[245564.7,6846914.7],[245562.2,6846919.6],[245564.2,6846924.9],[245565.5,6846930.1],[245567.7,6846933.7],[245577.0,6846936.7],[245746.2,6846932.3],[245746.7,6847017.7],[245785.1,6847022.5],[245779.7,6847035.4],[245774.3,6847054.1],[245770.2,6847068.0],[245768.8,6847075.3],[245760.0,6847097.7],[245727.9,6847088.6],[245712.6,6847109.7],[245707.5,6847113.0],[245669.5,6847129.1],[245646.0,6847136.6],[245624.7,6847142.7],[245590.3,6847147.7],[245562.7,6847147.0],[245538.5,6847139.7],[245517.4,6847129.5],[245503.4,6847120.4],[245488.9,6847109.7],[245475.2,6847099.6],[245455.2,6847084.6],[245438.2,6847055.1],[245428.0,6847020.8],[245425.8,6847015.2],[245253.9,6847139.4],[245282.6,6847177.6],[245295.1,6847179.2],[245316.0,6847177.5],[245344.4,6847176.8],[245344.5,6847181.0],[245343.4,6847185.5],[245345.4,6847226.9],[245345.4,6847245.9],[245362.9,6847260.7],[245363.1,6847266.3],[245359.6,6847297.2],[245359.5,6847322.6],[245359.5,6847391.2],[245352.4,6847391.8],[245351.9,6847399.4],[245352.4,6847416.2],[245371.4,6847431.4],[245384.9,6847437.3],[245401.9,6847449.8],[245419.5,6847456.2],[245417.6,6847461.2],[245458.9,6847473.8],[245494.0,6847487.2],[245499.6,6847449.7],[245503.2,6847392.4],[245537.7,6847391.1],[245542.3,6847405.3],[245551.3,6847415.6],[245573.6,6847427.3],[245597.4,6847441.5],[245624.8,6847460.9],[245669.4,6847515.2],[245706.3,6847567.2],[245712.1,6847570.0],[245786.0,6847677.3],[245792.4,6847683.7],[245822.1,6847735.5],[245854.5,6847763.1],[245853.0,6847780.5],[245877.0,6847785.8],[245885.9,6847740.5],[245915.6,6847704.5],[245928.1,6847689.4],[245934.8,6847682.2],[245957.2,6847696.0],[246014.7,6847714.0],[246019.6,6847713.1],[246055.5,6847723.6],[246083.8,6847725.8],[246129.9,6847733.2],[246133.3,6847730.7],[246137.5,6847727.0],[246135.5,6847715.4],[246117.1,6847668.0],[246100.1,6847642.3],[246074.0,6847624.8],[246074.2,6847623.0],[246049.7,6847608.9],[246070.8,6847549.7],[246080.9,6847506.0],[246081.9,6847465.4],[246101.1,6847468.9],[246108.2,6847478.2],[246121.6,6847478.1],[246136.6,6847480.0],[246151.6,6847484.4],[246152.6,6847482.0],[246190.4,6847486.7],[246198.6,6847489.6],[246218.4,6847499.7],[246226.8,6847506.0],[246239.0,6847520.5],[246249.8,6847537.9],[246254.8,6847553.6],[246255.2,6847565.1],[246254.1,6847584.6],[246250.2,6847598.1],[246235.0,6847620.1],[246219.0,6847641.2],[246209.2,6847657.6],[246201.8,6847676.9],[246198.8,6847701.1],[246199.7,6847720.2],[246203.9,6847752.0],[246203.7,6847766.7],[246197.2,6847789.0],[246192.5,6847799.0],[246184.8,6847808.5],[246183.9,6847811.7],[246203.4,6847826.2],[246256.5,6847851.1],[246310.4,6847868.2],[246341.2,6847879.4],[246370.7,6847883.6],[246375.7,6847882.1],[246379.1,6847873.5],[246384.9,6847849.2],[246400.4,6847839.9],[246438.2,6847839.8],[246445.6,6847824.0],[246453.5,6847767.3],[246481.4,6847684.8],[246488.7,6847651.4],[246491.0,6847611.3],[246490.3,6847566.6],[246558.6,6847616.6],[246591.2,6847642.5],[246605.9,6847649.0],[246617.6,6847650.0],[246631.3,6847648.3],[246639.1,6847645.0],[246644.5,6847638.8],[246646.1,6847630.6],[246642.7,6847617.5],[246625.3,6847588.6],[246601.3,6847556.7],[246575.6,6847533.4],[246521.3,6847499.6],[246515.8,6847494.2],[246520.3,6847475.1],[246522.2,6847455.2],[246529.5,6847416.0],[246537.5,6847358.9],[246561.6,6847365.8],[246565.0,6847359.3],[246567.2,6847351.4],[246569.1,6847338.2],[246569.5,6847327.2],[246570.6,6847317.7],[246569.4,6847311.6],[246567.7,6847303.5],[246563.7,6847297.1],[246560.2,6847300.5],[246521.7,6847303.6],[246520.1,6847288.1],[246478.4,6847280.4],[246456.2,6847272.5],[246427.4,6847271.3],[246366.1,6847295.1],[246347.0,6847303.6],[246314.0,6847322.2],[246316.3,6847324.4],[246309.5,6847328.9],[246331.8,6847356.9],[246325.6,6847365.9],[246320.8,6847373.9],[246322.2,6847375.3],[246317.2,6847383.0],[246314.2,6847393.3],[246311.1,6847405.3],[246312.6,6847418.0],[246272.6,6847423.9],[246273.6,6847416.2],[246260.6,6847424.0],[246237.5,6847438.9],[246208.6,6847409.0],[246189.8,6847369.5],[246156.1,6847307.4],[246136.3,6847285.7],[246125.3,6847279.8],[246098.3,6847257.4],[246096.0,6847258.0],[246089.2,6847250.5],[246073.4,6847228.9],[246062.8,6847224.1],[246045.6,6847219.3],[246018.0,6847212.5],[245981.4,6847209.0],[246003.0,6847160.6],[246010.2,6847170.0],[246014.4,6847166.6],[246005.9,6847155.2],[246006.6,6847120.6],[246041.8,6847111.4],[246044.0,6847082.3],[246056.4,6847048.1],[246092.9,6847058.7],[246114.8,6847025.5],[246122.1,6847029.3],[246128.1,6847037.5],[246131.9,6847040.6],[246134.1,6847038.8],[246146.1,6847054.1],[246171.0,6847038.1],[246160.9,6847016.5],[246151.3,6846985.5],[246143.8,6846977.4],[246143.2,6846937.9],[246134.1,6846898.7],[246124.9,6846899.7],[246123.3,6846901.1],[246107.4,6846900.3],[246107.6,6846911.2],[246047.8,6846906.7],[246044.9,6846852.2],[246031.5,6846853.3],[246013.7,6846853.3],[246014.3,6846844.0],[246001.6,6846849.2],[245973.1,6846850.0],[245973.4,6846843.3],[245966.1,6846842.5],[245886.8,6846842.6],[245852.3,6846739.2],[245892.8,6846723.3],[245833.9,6846543.4],[245860.4,6846544.2],[245864.2,6846541.5],[245866.7,6846543.2],[245936.7,6846538.8],[245946.4,6846537.7],[245959.9,6846532.8],[245963.9,6846526.6],[245968.2,6846525.9],[245966.6,6846518.9],[246032.4,6846498.1],[246047.0,6846495.4],[246050.2,6846497.0],[246056.4,6846505.8],[246057.2,6846510.5],[246058.9,6846518.0],[246072.9,6846521.8],[246074.0,6846529.6],[246077.6,6846550.1],[246084.1,6846548.9],[246102.2,6846611.5],[246086.4,6846616.5],[246095.8,6846646.8],[246099.4,6846658.1],[246086.1,6846689.1],[246101.5,6846689.8],[246112.0,6846690.2],[246126.5,6846688.1],[246145.5,6846687.0],[246161.6,6846684.5],[246186.4,6846682.6],[246206.6,6846676.9],[246231.8,6846658.7],[246254.6,6846640.4],[246255.6,6846629.2],[246234.9,6846599.5],[246201.5,6846626.8],[246171.9,6846584.2],[246177.3,6846579.0],[246167.9,6846569.1],[246164.7,6846555.2],[246169.2,6846539.2],[246167.6,6846533.7],[246161.6,6846508.6],[246162.6,6846489.6],[246124.9,6846495.6],[246111.3,6846440.1],[246108.2,6846431.4],[246054.3,6846435.9],[246052.9,6846426.0],[246046.2,6846426.7],[246023.8,6846421.7],[246018.5,6846420.0],[245956.7,6846431.9],[245957.7,6846443.2],[245817.3,6846462.7],[245807.8,6846464.9]]]]}},{"type":"Feature","properties":{"fid":261.0,"code_qp":"QN02901M","lib_qp":"Kerandon","insee_reg":"53","lib_reg":"Bretagne","insee_dep":"29","lib_dep":"Finistère","insee_com":"29039","lib_com":"Concarneau","siren_epci":"242900769"},"geometry":{"type":"MultiPolygon","coordinates":[[[[183542.6,6776335.2],[183563.0,6776351.8],[183579.7,6776360.3],[183572.9,6776365.5],[183547.2,6776382.3],[183494.7,6776387.1],[183497.6,6776421.5],[183495.1,6776446.8],[183485.0,6776486.7],[183490.3,6776489.9],[183493.3,6776494.3],[183493.3,6776500.7],[183505.9,6776503.3],[183519.9,6776504.4],[183586.9,6776509.7],[183603.0,6776509.7],[183604.2,6776516.3],[183609.4,6776520.0],[183616.3,6776520.5],[183621.6,6776531.3],[183620.9,6776546.2],[183688.0,6776552.4],[183693.8,6776508.1],[183738.6,6776511.6],[183738.3,6776502.3],[183739.7,6776494.9],[183743.1,6776483.0],[183750.3,6776472.5],[183758.1,6776471.9],[183779.3,6776463.0],[183798.1,6776454.7],[183838.7,6776443.3],[183848.9,6776437.1],[183905.5,6776419.0],[183945.4,6776406.2],[183948.4,6776401.5],[183945.0,6776385.2],[183936.8,6776367.5],[183926.9,6776340.4],[183924.1,6776330.3],[183922.3,6776325.3],[183915.6,6776311.8],[183900.9,6776311.5],[183884.9,6776312.6],[183835.2,6776316.9],[183832.3,6776268.3],[183830.4,6776249.3],[183826.7,6776210.0],[183826.0,6776183.0],[183825.1,6776172.4],[183822.7,6776152.6],[183816.5,6776125.6],[183816.9,6776117.7],[183814.8,6776110.6],[183814.6,6776104.6],[183810.5,6776097.4],[183815.2,6776097.7],[183817.6,6776094.3],[183818.7,6776090.4],[183818.7,6776084.1],[183814.6,6775982.7],[183820.4,6775982.0],[183831.3,6775976.5],[183864.1,6775962.2],[183860.2,6775934.3],[183846.1,6775884.3],[183839.0,6775869.8],[183830.3,6775826.4],[183796.4,6775831.1],[183789.1,6775833.6],[183785.4,6775838.4],[183780.9,6775836.3],[183767.7,6775836.9],[183756.0,6775837.6],[183755.5,6775847.4],[183755.3,6775861.7],[183752.6,6775868.3],[183742.9,6775875.0],[183722.3,6775884.4],[183710.1,6775895.2],[183683.0,6775900.9],[183644.2,6775900.2],[183644.2,6775996.2],[183710.3,6775987.5],[183712.6,6775997.3],[183723.9,6776041.4],[183733.0,6776058.9],[183737.4,6776071.9],[183737.9,6776078.1],[183735.6,6776082.0],[183732.6,6776086.6],[183728.0,6776089.4],[183720.2,6776091.2],[183722.9,6776108.3],[183723.2,6776110.8],[183684.1,6776116.7],[183627.7,6776121.4],[183608.4,6776124.2],[183577.5,6776124.0],[183574.5,6776115.8],[183572.0,6776097.4],[183565.8,6776080.0],[183452.7,6776074.6],[183459.1,6776130.6],[183512.0,6776127.5],[183513.6,6776145.6],[183517.1,6776145.9],[183523.2,6776188.8],[183496.5,6776192.2],[183490.5,6776192.7],[183490.1,6776188.1],[183480.9,6776189.7],[183475.8,6776192.2],[183469.2,6776193.5],[183470.3,6776200.8],[183473.4,6776206.7],[183477.5,6776214.8],[183477.0,6776229.2],[183474.2,6776239.7],[183475.4,6776256.3],[183481.1,6776296.2],[183504.8,6776309.5],[183538.7,6776309.3],[183542.6,6776335.2]]]]}},{"type":"Feature","properties":{"fid":262.0,"code_qp":"QN02902M","lib_qp":"Kermoysan","insee_reg":"53","lib_reg":"Bretagne","insee_dep":"29","lib_dep":"Finistère","insee_com":"29232","lib_com":"Quimper","siren_epci":"200068120"},"geometry":{"type":"MultiPolygon","coordinates":[[[[168920.7,6789421.6],[169038.1,6789419.1],[169046.7,6789416.5],[169050.7,6789414.4],[169054.6,6789410.8],[169057.3,6789405.7],[169068.3,6789408.7],[169073.2,6789394.5],[169108.6,6789406.1],[169110.1,6789413.6],[169099.5,6789415.4],[169105.8,6789435.6],[169120.7,6789430.3],[169128.3,6789453.6],[169131.8,6789479.7],[169132.6,6789496.8],[169131.7,6789510.1],[169125.7,6789546.2],[169110.5,6789609.4],[169132.7,6789611.9],[169148.9,6789617.2],[169171.1,6789615.0],[169199.1,6789615.9],[169207.4,6789631.3],[169244.1,6789646.1],[169279.2,6789654.2],[169286.0,6789658.0],[169328.0,6789666.4],[169333.0,6789635.1],[169330.2,6789593.8],[169334.7,6789550.3],[169185.9,6789527.2],[169185.3,6789508.1],[169186.7,6789489.2],[169172.5,6789483.8],[169170.3,6789432.0],[169170.3,6789400.7],[169166.4,6789379.5],[169162.0,6789380.3],[169150.1,6789380.6],[169129.3,6789302.0],[169146.9,6789296.8],[169148.6,6789290.9],[169152.5,6789278.7],[169180.8,6789287.5],[169181.8,6789284.5],[169190.9,6789286.8],[169191.6,6789279.5],[169203.3,6789241.0],[169203.9,6789233.9],[169237.0,6789241.1],[169246.0,6789217.7],[169252.1,6789206.0],[169260.3,6789184.5],[169264.6,6789170.4],[169266.6,6789164.1],[169269.6,6789158.2],[169272.2,6789152.9],[169273.8,6789148.2],[169274.8,6789147.6],[169274.5,6789145.1],[169274.7,6789141.6],[169273.7,6789140.9],[169285.0,6789110.6],[169296.1,6789087.3],[169316.1,6789070.0],[169313.7,6789060.2],[169310.3,6789052.8],[169310.6,6789045.2],[169312.8,6789039.4],[169320.6,6789026.5],[169330.5,6789004.8],[169339.4,6788976.0],[169335.8,6788970.2],[169329.3,6788961.4],[169351.6,6788940.3],[169355.8,6788946.4],[169382.9,6788940.3],[169391.2,6788938.8],[169412.4,6788930.1],[169412.7,6788934.3],[169429.9,6788931.8],[169432.2,6788931.6],[169435.2,6788948.6],[169437.2,6788964.3],[169437.2,6788974.0],[169456.9,6788976.0],[169458.9,6788986.6],[169457.4,6788987.5],[169457.8,6788997.8],[169459.2,6789007.9],[169460.2,6789040.6],[169456.2,6789043.8],[169468.7,6789060.1],[169480.0,6789077.4],[169483.5,6789076.1],[169495.9,6789071.2],[169498.5,6789066.1],[169497.6,6789059.4],[169513.7,6789055.7],[169495.4,6788977.9],[169516.2,6788971.0],[169514.5,6788963.5],[169533.7,6788958.9],[169518.6,6788916.1],[169445.7,6788933.4],[169434.0,6788935.6],[169429.8,6788915.6],[169410.1,6788919.1],[169409.2,6788914.5],[169387.6,6788925.6],[169377.9,6788927.3],[169357.6,6788934.9],[169354.6,6788919.5],[169349.6,6788888.2],[169340.2,6788885.4],[169340.2,6788892.9],[169341.8,6788893.9],[169335.0,6788916.0],[169333.8,6788914.6],[169312.6,6788906.3],[169305.8,6788904.0],[169306.4,6788880.7],[169305.0,6788858.5],[169226.4,6788833.1],[169209.1,6788888.9],[169228.7,6788894.3],[169214.8,6788937.6],[169224.8,6788941.6],[169210.4,6788984.7],[169210.6,6788986.5],[169209.0,6788991.5],[169201.4,6788988.8],[169201.5,6788988.1],[169161.1,6788975.2],[169134.6,6788966.7],[169135.8,6788960.8],[169108.6,6788951.6],[169110.3,6788945.6],[169098.5,6788942.1],[169097.9,6788943.1],[169085.8,6788939.7],[169083.0,6788947.0],[169071.0,6788942.9],[169057.8,6788938.2],[169057.1,6788939.0],[168988.5,6788913.2],[168988.3,6788914.3],[168962.6,6788904.6],[168928.9,6788889.9],[168903.5,6788881.0],[168871.8,6788851.0],[168884.7,6788831.2],[168897.1,6788811.2],[168905.6,6788795.1],[168921.7,6788769.5],[168967.0,6788720.8],[168971.7,6788716.8],[168992.8,6788678.6],[169009.7,6788651.0],[169019.7,6788637.8],[168995.4,6788609.9],[168998.0,6788605.8],[168986.1,6788594.0],[168985.3,6788598.4],[168981.1,6788601.6],[168976.5,6788601.8],[168974.7,6788610.0],[168969.5,6788620.9],[168965.4,6788625.8],[168948.7,6788638.9],[168933.9,6788652.4],[168922.1,6788665.7],[168915.9,6788672.7],[168909.7,6788682.4],[168875.8,6788736.2],[168848.7,6788779.9],[168814.0,6788770.1],[168819.4,6788760.6],[168848.2,6788717.8],[168853.7,6788701.0],[168862.4,6788687.8],[168871.7,6788669.3],[168870.7,6788651.5],[168868.4,6788629.9],[168872.2,6788579.8],[168874.0,6788541.7],[168869.6,6788523.1],[168868.1,6788515.1],[168861.5,6788498.0],[168857.9,6788498.6],[168851.6,6788497.9],[168847.8,6788493.5],[168839.1,6788499.8],[168816.3,6788526.0],[168811.1,6788531.9],[168784.9,6788564.0],[168769.8,6788586.9],[168764.9,6788599.9],[168759.3,6788629.3],[168756.8,6788663.7],[168756.4,6788694.5],[168757.8,6788704.9],[168770.3,6788775.0],[168770.4,6788789.0],[168769.0,6788798.1],[168767.4,6788805.6],[168762.7,6788818.6],[168739.3,6788886.9],[168726.4,6788915.3],[168713.8,6788912.1],[168700.2,6788931.1],[168688.9,6788991.6],[168676.2,6789035.0],[168677.3,6789039.1],[168681.7,6789038.0],[168687.8,6789039.0],[168692.0,6789042.7],[168690.6,6789054.0],[168690.5,6789057.4],[168688.0,6789057.2],[168687.1,6789059.3],[168687.5,6789060.0],[168683.4,6789060.4],[168680.7,6789063.7],[168671.3,6789061.5],[168656.7,6789068.9],[168647.1,6789074.8],[168657.4,6789111.0],[168656.8,6789136.9],[168655.2,6789149.4],[168657.1,6789174.4],[168654.9,6789190.5],[168653.0,6789197.6],[168651.3,6789203.6],[168660.6,6789231.6],[168663.1,6789242.6],[168654.4,6789331.4],[168787.5,6789333.0],[168785.0,6789373.4],[168816.3,6789375.2],[168824.4,6789377.0],[168828.7,6789371.7],[168845.9,6789384.5],[168852.8,6789392.3],[168855.5,6789400.1],[168855.7,6789406.0],[168852.0,6789415.1],[168854.9,6789435.2],[168856.7,6789439.6],[168857.1,6789457.5],[168908.9,6789455.8],[168906.9,6789423.6],[168914.9,6789420.4],[168920.7,6789421.6]]]]}},{"type":"Feature","properties":{"fid":263.0,"code_qp":"QN02903M","lib_qp":"Kerourien","insee_reg":"53","lib_reg":"Bretagne","insee_dep":"29","lib_dep":"Finistère","insee_com":"29019","lib_com":"Brest","siren_epci":"242900314"},"geometry":{"type":"MultiPolygon","coordinates":[[[[143018.0,6836088.6],[143055.9,6836093.9],[143056.0,6836090.9],[143107.4,6836070.9],[143122.2,6836067.0],[143128.6,6836071.2],[143134.8,6836069.8],[143232.9,6836041.9],[143255.3,6836035.4],[143296.0,6836025.7],[143339.1,6836015.6],[143397.8,6836006.2],[143430.4,6836001.4],[143461.8,6836000.9],[143479.0,6836001.3],[143480.2,6836021.3],[143494.4,6836021.8],[143505.2,6836049.7],[143509.4,6836055.2],[143524.9,6836057.2],[143545.9,6836106.6],[143629.7,6836102.6],[143627.0,6836159.7],[143871.3,6836187.9],[143902.5,6836188.7],[143937.3,6836178.0],[143983.2,6836154.9],[143980.0,6836139.8],[143983.7,6836114.0],[143982.6,6836112.7],[143985.0,6836098.8],[143983.7,6836068.2],[143972.0,6836068.7],[143966.5,6836070.3],[143964.8,6836070.8],[143949.2,6836071.6],[143943.2,6836066.2],[143943.2,6836065.3],[143922.7,6836063.6],[143908.7,6836064.0],[143901.4,6836063.8],[143897.6,6836061.3],[143897.9,6836042.8],[143890.6,6836043.2],[143893.7,6835989.7],[143740.0,6835966.7],[143687.2,6835966.7],[143639.5,6835973.0],[143570.9,6835990.9],[143524.1,6836000.8],[143495.7,6836001.4],[143479.0,6836000.9],[143489.8,6835929.9],[143397.6,6835956.5],[143395.0,6835954.5],[143398.1,6835935.1],[143394.0,6835935.6],[143389.3,6835940.8],[143367.7,6835939.9],[143364.2,6835905.2],[143362.6,6835900.0],[143346.1,6835879.3],[143331.8,6835872.7],[143305.7,6835867.4],[143312.0,6835833.2],[143284.5,6835825.8],[143255.1,6835810.1],[143246.1,6835802.5],[143233.1,6835790.3],[143219.3,6835788.4],[143150.7,6835796.7],[142936.5,6835816.8],[142937.9,6835920.1],[143071.7,6835919.6],[143072.7,6835943.4],[143059.0,6835943.4],[143059.4,6835951.5],[143073.2,6835951.7],[143074.3,6835982.8],[142998.6,6835983.3],[142999.0,6836007.9],[142983.7,6836012.2],[142994.7,6836063.6],[142989.7,6836068.8],[143018.0,6836088.6]]]]}},{"type":"Feature","properties":{"fid":264.0,"code_qp":"QN02904M","lib_qp":"Bellevue","insee_reg":"53","lib_reg":"Bretagne","insee_dep":"29","lib_dep":"Finistère","insee_com":"29019","lib_com":"Brest","siren_epci":"242900314"},"geometry":{"type":"MultiPolygon","coordinates":[[[[145217.8,6837759.0],[145217.4,6837726.9],[145206.7,6837727.6],[145203.3,6837719.8],[145197.9,6837607.0],[145223.2,6837598.7],[145214.6,6837504.5],[145091.4,6837509.1],[145089.1,6837467.1],[145057.8,6837466.3],[145052.5,6837464.0],[145018.4,6837456.6],[144934.0,6837442.0],[144913.7,6837442.6],[144906.5,6837446.1],[144839.6,6837479.4],[144833.0,6837468.1],[144819.0,6837439.2],[144762.8,6837470.4],[144755.9,6837473.5],[144754.4,6837465.9],[144690.0,6837479.0],[144660.4,6837484.8],[144693.3,6837635.5],[144649.1,6837600.9],[144632.1,6837596.1],[144610.8,6837593.3],[144592.6,6837602.2],[144576.9,6837613.3],[144579.3,6837617.6],[144570.7,6837622.6],[144571.5,6837626.3],[144545.7,6837660.4],[144533.6,6837683.6],[144491.9,6837692.7],[144436.2,6837747.1],[144437.5,6837749.7],[144440.6,6837754.5],[144451.1,6837755.5],[144447.4,6837765.9],[144454.5,6837813.7],[144468.4,6837895.0],[144493.1,6838012.7],[144599.4,6838092.3],[144599.6,6838107.0],[144595.5,6838114.2],[144595.8,6838194.0],[144495.3,6838195.9],[144492.4,6838218.0],[144497.6,6838222.4],[144497.7,6838358.5],[144630.1,6838354.8],[144631.5,6838385.9],[144653.3,6838433.4],[144653.6,6838447.5],[144650.6,6838454.4],[144634.9,6838471.9],[144628.9,6838481.1],[144625.3,6838494.9],[144623.3,6838505.0],[144624.1,6838530.6],[144631.6,6838540.1],[144646.0,6838553.0],[144652.9,6838556.0],[144655.5,6838609.2],[144693.8,6838608.6],[144715.0,6838609.9],[144731.3,6838612.9],[144760.8,6838583.2],[144786.6,6838560.1],[144786.5,6838461.7],[144808.4,6838446.3],[144819.1,6838441.5],[144820.3,6838435.0],[144820.4,6838376.7],[144814.9,6838316.0],[144829.4,6838289.0],[144857.4,6838249.0],[144950.4,6838118.5],[144925.7,6838104.2],[144833.8,6838107.7],[144837.1,6838095.5],[144836.2,6837984.8],[144895.9,6837982.8],[145015.3,6837981.0],[145014.6,6837940.6],[145097.6,6837823.3],[145093.1,6837810.3],[145050.0,6837812.9],[144912.3,6837814.0],[144914.2,6837931.5],[144914.7,6837974.9],[144915.3,6837980.5],[144896.1,6837982.0],[144832.8,6837983.0],[144724.7,6837985.9],[144720.7,6837984.3],[144715.5,6837980.3],[144659.6,6837887.8],[144611.8,6837805.2],[144568.6,6837728.5],[144570.8,6837715.7],[144571.6,6837712.5],[144575.5,6837704.9],[144581.6,6837696.5],[144586.2,6837691.5],[144607.2,6837652.3],[144677.2,6837708.4],[144711.7,6837652.9],[144742.5,6837678.7],[144825.5,6837738.1],[145036.5,6837734.6],[145093.5,6837800.4],[145102.5,6837805.8],[145140.9,6837804.9],[145152.0,6837806.9],[145161.7,6837812.0],[145171.5,6837812.9],[145180.6,6837806.5],[145196.4,6837805.1],[145240.1,6837803.6],[145315.5,6837801.3],[145366.1,6837799.7],[145384.1,6837804.7],[145417.5,6837803.9],[145430.1,6837813.8],[145457.2,6837778.9],[145463.0,6837782.5],[145469.8,6837783.8],[145483.7,6837781.7],[145481.1,6837816.6],[145498.6,6837816.6],[145499.5,6837850.8],[145500.6,6837858.7],[145503.0,6837861.7],[145517.7,6837861.2],[145524.4,6837863.8],[145525.5,6837868.0],[145536.6,6837867.5],[145538.9,6837871.9],[145592.1,6837871.2],[145609.3,6837865.3],[145651.6,6837863.7],[145708.9,6837831.6],[145714.9,6837829.5],[145729.9,6837852.9],[145745.1,6837890.8],[145757.6,6837907.5],[145902.2,6837814.9],[145842.6,6837746.1],[145830.2,6837728.2],[145789.9,6837653.7],[145706.3,6837506.3],[145661.6,6837547.9],[145602.5,6837599.9],[145570.2,6837626.9],[145553.9,6837639.2],[145540.6,6837656.0],[145506.7,6837704.9],[145493.2,6837722.8],[145472.4,6837724.1],[145463.1,6837727.8],[145458.7,6837733.2],[145378.7,6837728.6],[145375.7,6837726.9],[145373.1,6837727.3],[145358.5,6837731.2],[145347.5,6837729.9],[145337.7,6837722.6],[145327.5,6837716.9],[145312.1,6837717.1],[145308.4,6837717.8],[145303.9,6837723.9],[145297.2,6837726.5],[145297.4,6837732.8],[145292.6,6837738.9],[145285.3,6837744.1],[145250.8,6837747.1],[145236.5,6837767.2],[145222.8,6837759.6],[145217.8,6837759.0]]]]}},{"type":"Feature","properties":{"fid":265.0,"code_qp":"QN02905M","lib_qp":"Keredern","insee_reg":"53","lib_reg":"Bretagne","insee_dep":"29","lib_dep":"Finistère","insee_com":"29019","lib_com":"Brest","siren_epci":"242900314"},"geometry":{"type":"MultiPolygon","coordinates":[[[[146018.0,6838310.3],[145903.3,6838283.6],[145770.9,6838249.9],[145765.4,6838258.0],[145755.9,6838263.7],[145744.5,6838269.0],[145670.1,6838277.2],[145708.7,6838663.3],[145855.8,6838651.8],[145860.9,6838729.8],[145855.8,6838783.4],[145924.4,6838803.4],[145943.5,6838810.6],[145997.6,6838841.2],[146007.8,6838845.6],[146013.1,6838858.5],[146021.0,6838858.2],[146020.7,6838850.1],[146029.5,6838818.7],[146058.7,6838736.5],[146051.9,6838731.3],[146038.2,6838727.7],[146045.6,6838692.3],[146048.0,6838687.4],[146044.9,6838638.7],[146058.3,6838637.7],[146053.6,6838570.5],[146046.9,6838467.6],[146046.8,6838457.7],[146038.4,6838334.2],[146038.0,6838321.3],[146018.0,6838310.3]]]]}},{"type":"Feature","properties":{"fid":266.0,"code_qp":"QN02906M","lib_qp":"Lambézellec Bourg","insee_reg":"53","lib_reg":"Bretagne","insee_dep":"29","lib_dep":"Finistère","insee_com":"29019","lib_com":"Brest","siren_epci":"242900314"},"geometry":{"type":"MultiPolygon","coordinates":[[[[146686.9,6839395.5],[146767.5,6839389.8],[146803.6,6839392.0],[146819.2,6839392.0],[146826.8,6839393.2],[146833.3,6839396.3],[146837.2,6839392.2],[146842.9,6839390.0],[146849.5,6839390.6],[146851.2,6839380.9],[146849.3,6839339.4],[146846.0,6839245.5],[146797.5,6839247.6],[146799.1,6839236.8],[146759.3,6839238.0],[146755.1,6839222.5],[146792.7,6839213.7],[146842.0,6839201.3],[146840.9,6839016.7],[146828.8,6839024.8],[146797.2,6839049.6],[146779.5,6839059.0],[146757.7,6839065.1],[146656.5,6839074.3],[146637.7,6839074.6],[146633.6,6838967.3],[146608.3,6838947.2],[146568.3,6838933.6],[146561.0,6838953.5],[146538.1,6838947.1],[146533.6,6838958.2],[146520.6,6838969.0],[146521.9,6838971.1],[146481.4,6838971.5],[146479.1,6838975.9],[146457.8,6838968.2],[146452.9,6838965.4],[146443.4,6838980.5],[146442.5,6838988.2],[146441.9,6838999.6],[146455.3,6839068.0],[146453.8,6839083.1],[146465.2,6839086.6],[146469.7,6839090.1],[146492.4,6839100.2],[146485.2,6839125.5],[146486.7,6839125.6],[146485.6,6839130.8],[146490.6,6839131.1],[146493.9,6839153.3],[146499.9,6839152.5],[146500.4,6839166.5],[146499.9,6839182.0],[146497.7,6839182.3],[146493.0,6839196.9],[146494.8,6839197.8],[146494.2,6839199.3],[146514.4,6839204.9],[146506.8,6839240.0],[146505.9,6839239.7],[146505.5,6839249.8],[146536.1,6839245.7],[146559.7,6839241.1],[146576.8,6839240.5],[146600.4,6839242.5],[146615.6,6839243.6],[146633.5,6839245.8],[146638.5,6839248.2],[146639.3,6839254.5],[146652.7,6839250.5],[146714.3,6839232.8],[146692.6,6839309.6],[146688.5,6839309.0],[146686.6,6839327.1],[146646.3,6839318.0],[146641.9,6839387.5],[146686.9,6839395.5]]]]}},{"type":"Feature","properties":{"fid":267.0,"code_qp":"QN02907M","lib_qp":"Pontanézen","insee_reg":"53","lib_reg":"Bretagne","insee_dep":"29","lib_dep":"Finistère","insee_com":"29019","lib_com":"Brest","siren_epci":"242900314"},"geometry":{"type":"MultiPolygon","coordinates":[[[[148171.1,6838608.7],[148159.8,6838584.7],[148158.0,6838576.8],[148156.4,6838564.3],[148155.4,6838550.2],[148155.2,6838537.7],[148046.7,6838508.1],[148046.3,6838468.5],[148040.1,6838469.0],[148039.5,6838466.4],[148068.0,6838423.1],[148073.9,6838426.7],[148079.0,6838407.3],[148048.1,6838392.7],[148024.9,6838377.8],[148014.2,6838369.5],[148010.6,6838365.3],[148015.6,6838352.8],[148006.6,6838350.1],[147983.3,6838339.5],[147971.6,6838334.8],[147961.3,6838366.4],[147961.1,6838372.9],[147957.1,6838381.6],[147933.3,6838410.5],[147903.3,6838442.0],[147892.3,6838446.8],[147883.8,6838456.7],[147825.1,6838505.5],[147809.9,6838504.2],[147805.7,6838492.7],[147806.3,6838440.3],[147745.7,6838432.5],[147735.2,6838430.7],[147702.8,6838421.2],[147688.1,6838458.7],[147647.6,6838456.7],[147652.3,6838514.8],[147657.6,6838548.3],[147665.0,6838569.9],[147620.6,6838590.3],[147611.1,6838594.3],[147624.2,6838637.0],[147628.8,6838649.1],[147648.5,6838702.4],[147688.6,6838796.6],[147692.9,6838814.7],[147695.8,6838836.9],[147698.2,6838855.0],[147698.9,6838871.9],[147766.5,6838873.7],[147791.3,6838875.7],[147793.7,6838851.8],[147802.6,6838814.7],[147803.2,6838799.7],[147839.2,6838801.3],[147892.5,6838800.6],[147892.3,6838862.7],[147891.8,6838956.4],[147894.8,6838959.4],[147899.0,6838961.1],[147928.5,6838960.4],[147945.2,6838956.5],[147965.9,6838960.0],[148056.5,6838962.0],[148057.7,6838848.0],[148083.1,6838846.2],[148106.9,6838844.5],[148188.2,6838838.2],[148199.3,6838836.9],[148175.3,6838701.6],[148174.8,6838686.7],[148060.7,6838687.0],[148061.4,6838638.4],[148086.4,6838643.3],[148091.8,6838644.6],[148094.6,6838629.6],[148097.7,6838624.0],[148103.0,6838619.1],[148103.0,6838617.0],[148117.9,6838612.8],[148164.3,6838620.0],[148173.4,6838621.2],[148171.1,6838608.7]]]]}},{"type":"Feature","properties":{"fid":268.0,"code_qp":"QN02908M","lib_qp":"Queliverzan Pontaniou","insee_reg":"53","lib_reg":"Bretagne","insee_dep":"29","lib_dep":"Finistère","insee_com":"29019","lib_com":"Brest","siren_epci":"242900314"},"geometry":{"type":"MultiPolygon","coordinates":[[[[145326.7,6836618.2],[145334.5,6836585.7],[145340.4,6836571.3],[145341.2,6836538.9],[145347.0,6836510.2],[145348.4,6836477.9],[145347.9,6836463.5],[145343.2,6836362.1],[145337.9,6836340.8],[145338.3,6836340.2],[145333.0,6836318.9],[145328.0,6836285.7],[145345.7,6836274.0],[145358.5,6836281.6],[145402.6,6836290.8],[145413.4,6836287.7],[145466.8,6836265.2],[145499.5,6836247.3],[145511.1,6836232.7],[145517.9,6836227.1],[145508.9,6836202.1],[145521.0,6836173.0],[145518.7,6836168.3],[145515.0,6836171.5],[145479.2,6836190.4],[145468.8,6836192.6],[145403.7,6836199.2],[145339.5,6836207.1],[145331.1,6836206.7],[145334.5,6836193.3],[145335.5,6836175.9],[145332.3,6836104.3],[145406.7,6836109.7],[145409.6,6836080.5],[145411.2,6836050.2],[145425.7,6836047.5],[145422.6,6836027.2],[145336.5,6836004.3],[145337.9,6835985.3],[145357.6,6835986.6],[145432.2,6836006.6],[145434.3,6835965.7],[145464.7,6835966.9],[145469.7,6835887.5],[145499.4,6835883.9],[145616.3,6835840.0],[145615.4,6835814.4],[145614.6,6835784.8],[145475.9,6835755.3],[145413.4,6835742.1],[145352.6,6835744.3],[145278.5,6835742.1],[145255.5,6835742.1],[145249.8,6835920.3],[145248.5,6835976.9],[145244.7,6836099.5],[145243.5,6836182.7],[145242.8,6836198.6],[145241.0,6836264.0],[145239.4,6836336.8],[145238.2,6836353.2],[145238.5,6836366.7],[145229.5,6836371.8],[145191.9,6836415.3],[145162.2,6836454.3],[145154.6,6836464.4],[145168.9,6836479.6],[145177.1,6836488.9],[145161.0,6836509.6],[145151.5,6836532.1],[145145.9,6836547.5],[145139.7,6836559.8],[145127.7,6836573.5],[145119.5,6836582.4],[145089.2,6836602.8],[145042.3,6836606.9],[145029.6,6836621.9],[144975.8,6836615.4],[144972.1,6836638.7],[144977.9,6836646.9],[144978.1,6836654.0],[144972.5,6836659.9],[144968.5,6836695.9],[144994.2,6836701.1],[144995.3,6836697.3],[145078.5,6836713.9],[145077.9,6836716.7],[145090.3,6836719.8],[145135.7,6836676.7],[145235.2,6836639.2],[145235.0,6836618.3],[145255.7,6836628.9],[145276.6,6836635.0],[145314.0,6836642.2],[145326.7,6836618.2]]]]}},{"type":"Feature","properties":{"fid":269.0,"code_qp":"QN02909M","lib_qp":"Kerangoff Loti","insee_reg":"53","lib_reg":"Bretagne","insee_dep":"29","lib_dep":"Finistère","insee_com":"29019","lib_com":"Brest","siren_epci":"242900314"},"geometry":{"type":"MultiPolygon","coordinates":[[[[144836.9,6835618.4],[144852.5,6835622.2],[144859.5,6835611.2],[144886.9,6835595.8],[144900.1,6835590.6],[144950.8,6835579.5],[145030.2,6835562.2],[145020.0,6835517.8],[145009.3,6835519.6],[145003.5,6835492.5],[145002.6,6835491.7],[144987.0,6835455.5],[145000.6,6835443.5],[145005.9,6835449.5],[145009.4,6835441.4],[145010.5,6835433.4],[144986.7,6835403.3],[144977.8,6835398.1],[144934.7,6835387.1],[144918.0,6835356.5],[144905.5,6835336.8],[144883.0,6835304.7],[144878.5,6835299.5],[144815.9,6835284.3],[144759.9,6835248.8],[144741.2,6835280.6],[144726.7,6835282.5],[144677.7,6835268.6],[144676.6,6835275.8],[144675.9,6835286.9],[144673.8,6835298.0],[144672.3,6835321.1],[144673.7,6835337.4],[144715.0,6835429.4],[144739.9,6835421.2],[144771.4,6835415.8],[144792.5,6835415.2],[144806.2,6835417.5],[144818.3,6835421.8],[144832.6,6835431.2],[144844.8,6835443.7],[144873.9,6835498.1],[144818.6,6835502.6],[144821.3,6835537.5],[144836.2,6835536.9],[144836.9,6835544.9],[144834.5,6835544.5],[144831.8,6835549.0],[144836.9,6835618.4]]]]}},{"type":"Feature","properties":{"fid":358.0,"code_qp":"QN03501I","lib_qp":"La Découverte","insee_reg":"53","lib_reg":"Bretagne","insee_dep":"35","lib_dep":"Ille-et-Vilaine","insee_com":"35288","lib_com":"Saint-Malo","siren_epci":"243500782"},"geometry":{"type":"MultiPolygon","coordinates":[[[[332576.4,6849076.4],[332529.0,6849052.9],[332518.1,6849073.1],[332512.1,6849070.3],[332488.6,6849119.3],[332480.8,6849114.1],[332458.6,6849101.3],[332448.1,6849098.2],[332423.3,6849085.4],[332413.1,6849080.2],[332355.2,6849051.6],[332405.3,6848952.7],[332421.5,6848897.5],[332456.2,6848831.7],[332476.7,6848840.0],[332520.9,6848860.7],[332539.2,6848868.1],[332548.5,6848870.7],[332561.9,6848872.8],[332568.5,6848863.1],[332576.6,6848851.8],[332578.6,6848841.1],[332579.3,6848820.6],[332448.6,6848762.3],[332443.5,6848773.9],[332447.2,6848820.7],[332444.8,6848826.9],[332396.3,6848806.7],[332383.8,6848803.6],[332357.7,6848808.3],[332349.6,6848822.4],[332334.8,6848837.7],[332310.0,6848871.2],[332281.8,6848905.6],[332271.3,6848918.8],[332240.6,6848937.7],[332214.0,6848950.8],[332103.0,6849006.3],[332069.3,6849024.3],[332055.2,6849039.3],[332009.7,6849113.3],[331957.4,6849082.6],[331936.9,6849069.7],[331912.0,6849049.0],[331869.2,6849006.9],[331864.3,6849004.0],[331845.5,6848999.8],[331843.7,6849038.3],[331844.3,6849054.4],[331845.9,6849063.9],[331848.4,6849071.0],[331854.3,6849075.8],[331848.1,6849096.9],[331843.0,6849119.6],[331841.0,6849138.2],[331841.2,6849148.6],[331841.2,6849155.1],[331844.1,6849162.4],[331850.2,6849166.8],[331864.0,6849167.3],[331869.5,6849169.8],[331852.6,6849222.4],[331871.5,6849229.5],[331865.0,6849247.9],[331887.0,6849255.6],[331882.8,6849277.8],[331879.5,6849302.4],[331876.8,6849318.7],[331873.5,6849326.5],[331848.6,6849312.9],[331835.7,6849302.9],[331828.1,6849293.6],[331820.4,6849290.8],[331823.0,6849284.4],[331788.0,6849272.0],[331792.5,6849258.2],[331777.4,6849253.1],[331775.7,6849252.7],[331762.5,6849244.0],[331756.3,6849248.1],[331748.5,6849254.7],[331737.4,6849274.2],[331739.7,6849276.9],[331734.3,6849282.9],[331726.3,6849285.3],[331725.8,6849286.3],[331716.4,6849286.9],[331710.9,6849291.8],[331694.0,6849284.8],[331686.5,6849285.2],[331667.4,6849282.4],[331663.4,6849284.1],[331645.1,6849282.9],[331632.8,6849307.9],[331628.9,6849315.3],[331623.1,6849320.9],[331606.6,6849335.8],[331588.2,6849350.3],[331571.6,6849361.0],[331563.1,6849369.1],[331581.8,6849390.8],[331563.9,6849405.9],[331565.1,6849427.7],[331555.1,6849444.9],[331554.8,6849458.3],[331639.2,6849457.5],[331637.2,6849541.9],[331636.9,6849545.6],[331632.6,6849545.7],[331614.7,6849617.6],[331576.7,6849703.2],[331575.2,6849702.6],[331556.5,6849745.2],[331537.8,6849777.1],[331518.7,6849808.6],[331464.7,6849895.2],[331494.6,6849914.4],[331504.0,6849920.4],[331462.5,6849988.0],[331417.5,6850058.4],[331410.5,6850070.6],[331415.8,6850077.0],[331432.9,6850073.0],[331437.2,6850071.6],[331438.0,6850077.2],[331448.0,6850104.5],[331451.3,6850113.7],[331470.7,6850122.4],[331519.3,6850139.4],[331537.7,6850142.5],[331635.0,6850114.4],[331632.6,6850108.3],[331826.9,6850054.7],[331840.2,6850046.6],[331873.1,6850039.1],[331884.3,6850040.6],[331924.4,6850030.0],[331930.0,6850023.2],[331931.7,6850016.6],[331929.7,6850006.2],[331919.3,6849974.8],[331914.7,6849972.0],[331900.8,6849965.4],[331892.4,6849963.0],[331873.2,6849968.2],[331856.0,6849973.0],[331820.7,6849983.2],[331807.7,6849944.9],[331781.0,6849954.2],[331757.9,6849961.4],[331750.1,6849964.1],[331730.3,6849971.9],[331707.3,6849978.0],[331685.9,6849985.7],[331676.0,6849955.1],[331783.5,6849918.3],[331770.3,6849879.3],[331655.2,6849890.4],[331653.4,6849881.9],[331641.9,6849853.2],[331636.4,6849844.8],[331628.9,6849836.6],[331621.2,6849833.4],[331623.4,6849827.7],[331655.0,6849744.2],[331653.5,6849722.0],[331653.6,6849703.5],[331656.8,6849694.2],[331634.2,6849684.6],[331643.2,6849665.8],[331664.9,6849615.0],[331677.0,6849586.7],[331706.5,6849506.1],[331710.3,6849492.6],[331712.4,6849470.7],[331713.4,6849462.8],[331730.5,6849464.6],[331794.9,6849472.4],[331833.4,6849477.0],[331883.3,6849431.3],[331892.2,6849416.6],[331921.8,6849338.3],[331940.3,6849289.1],[331977.3,6849186.4],[331998.7,6849135.9],[332034.7,6849153.1],[332037.5,6849155.5],[332071.2,6849089.0],[332102.0,6849103.3],[332109.3,6849106.7],[332133.2,6849120.8],[332153.7,6849079.6],[332164.6,6849065.1],[332173.1,6849055.6],[332189.8,6849040.7],[332220.8,6849024.0],[332259.3,6849005.3],[332270.9,6848999.5],[332278.3,6849008.5],[332283.8,6849012.8],[332341.6,6849042.6],[332354.3,6849052.9],[332409.0,6849079.5],[332383.7,6849132.3],[332348.2,6849199.2],[332339.7,6849215.7],[332291.0,6849315.7],[332228.5,6849438.4],[332286.9,6849562.5],[332324.8,6849487.5],[332388.7,6849519.5],[332411.4,6849530.9],[332419.9,6849545.7],[332445.3,6849558.1],[332445.5,6849637.5],[332480.7,6849637.6],[332484.4,6849651.7],[332484.4,6849677.1],[332482.9,6849681.2],[332489.0,6849691.6],[332523.5,6849701.5],[332543.9,6849710.9],[332560.1,6849724.8],[332553.6,6849802.9],[332543.9,6849807.5],[332533.8,6849819.6],[332526.7,6849822.7],[332507.6,6849838.8],[332408.4,6849885.3],[332409.7,6849915.4],[332414.0,6849924.0],[332421.0,6849955.1],[332444.1,6849949.0],[332494.0,6849939.1],[332542.4,6849927.3],[332553.0,6849925.3],[332574.3,6849922.4],[332571.6,6849985.0],[332567.4,6850035.4],[332559.2,6850155.9],[332547.9,6850281.0],[332543.5,6850329.5],[332543.0,6850340.1],[332544.0,6850339.8],[332548.2,6850328.9],[332558.1,6850313.6],[332566.9,6850296.0],[332580.3,6850275.2],[332593.8,6850254.2],[332606.0,6850239.5],[332655.1,6850159.8],[332684.5,6850116.1],[332703.4,6850091.8],[332708.5,6850077.0],[332709.1,6850070.4],[332707.9,6850055.5],[332686.0,6850033.0],[332675.2,6850019.9],[332645.5,6849979.0],[332630.4,6849955.3],[332608.4,6849910.0],[332591.5,6849855.9],[332585.2,6849828.8],[332579.6,6849790.5],[332573.4,6849725.2],[332573.6,6849685.5],[332573.3,6849551.9],[332574.2,6849474.0],[332574.0,6849449.7],[332576.5,6849276.3],[332577.1,6849177.5],[332576.3,6849153.2],[332576.4,6849076.4]]]]}},{"type":"Feature","properties":{"fid":359.0,"code_qp":"QN03502M","lib_qp":"Villejean","insee_reg":"53","lib_reg":"Bretagne","insee_dep":"35","lib_dep":"Ille-et-Vilaine","insee_com":"35238","lib_com":"Rennes","siren_epci":"243500139"},"geometry":{"type":"MultiPolygon","coordinates":[[[[349108.2,6790443.9],[349108.7,6790455.6],[349110.8,6790459.4],[349116.5,6790461.2],[349162.8,6790458.1],[349165.1,6790493.7],[349193.2,6790491.0],[349221.2,6790488.8],[349228.0,6790566.5],[349181.1,6790570.0],[349182.6,6790593.0],[349180.1,6790600.3],[349188.1,6790718.3],[349188.1,6790720.0],[349191.9,6790720.6],[349350.6,6790707.3],[349359.0,6790812.9],[349394.2,6790809.8],[349396.0,6790812.7],[349489.2,6790805.8],[349491.4,6790841.1],[349538.1,6790838.0],[349604.6,6790832.8],[349603.2,6790813.7],[349645.2,6790810.4],[349657.4,6790813.4],[349686.1,6790811.5],[349685.2,6790795.0],[349716.8,6790793.0],[349731.0,6790777.9],[349781.2,6790773.9],[349783.2,6790779.5],[349785.6,6790815.9],[349824.8,6790812.9],[349819.0,6790895.0],[349924.5,6790903.0],[349996.7,6790902.1],[350065.7,6790895.6],[350053.0,6790724.3],[350043.3,6790614.2],[350039.5,6790569.1],[350007.8,6790572.5],[350005.3,6790576.0],[349939.3,6790581.9],[349841.1,6790587.0],[349842.6,6790564.3],[349848.3,6790499.3],[349916.2,6790495.8],[349915.6,6790477.8],[349957.1,6790474.6],[349973.8,6790472.8],[350012.3,6790469.1],[350016.4,6790456.5],[350142.4,6790441.6],[350139.1,6790421.4],[350135.7,6790383.0],[350113.6,6790386.1],[350103.1,6790386.9],[350099.9,6790384.1],[350025.9,6790391.7],[350030.0,6790425.7],[350009.3,6790427.9],[350004.7,6790430.3],[349980.2,6790432.2],[349977.8,6790403.3],[349916.1,6790409.9],[349918.0,6790437.1],[349851.0,6790442.6],[349863.5,6790302.6],[349870.1,6790215.0],[349937.7,6790209.8],[349932.0,6790132.6],[349945.1,6790125.6],[349955.1,6790125.6],[350049.5,6790117.7],[350058.0,6790118.2],[350055.1,6790080.4],[350057.9,6790074.9],[350061.1,6790068.1],[350060.8,6790058.6],[350093.7,6790058.2],[350107.1,6790058.2],[350098.5,6789976.0],[350074.0,6789940.2],[350071.3,6789942.3],[350061.2,6789943.6],[350034.3,6789948.9],[350000.2,6789959.8],[349975.9,6789967.4],[349914.1,6789987.5],[349906.0,6789991.6],[349890.6,6790001.8],[349877.5,6790014.4],[349870.8,6790024.6],[349867.8,6790034.0],[349862.2,6790052.5],[349872.6,6790158.5],[349869.6,6790189.2],[349812.3,6790194.3],[349820.6,6790294.4],[349813.6,6790295.7],[349699.7,6790303.9],[349663.1,6790307.6],[349621.2,6790310.9],[349617.9,6790323.0],[349609.4,6790334.1],[349599.5,6790340.5],[349557.4,6790342.8],[349554.0,6790340.3],[349547.0,6790333.5],[349543.3,6790288.1],[349540.3,6790281.1],[349534.0,6790275.8],[349522.5,6790272.6],[349463.9,6790277.3],[349455.3,6790279.9],[349454.0,6790275.8],[349437.8,6790279.9],[349425.8,6790280.5],[349423.4,6790288.2],[349388.3,6790291.4],[349377.7,6790308.2],[349379.2,6790310.2],[349381.1,6790324.6],[349347.3,6790327.1],[349300.7,6790332.8],[349303.2,6790363.8],[349303.9,6790372.3],[349270.7,6790373.5],[349267.1,6790376.1],[349265.7,6790379.3],[349266.8,6790395.1],[349204.3,6790399.8],[349196.6,6790400.2],[349198.5,6790428.9],[349183.3,6790429.0],[349174.7,6790435.8],[349155.2,6790434.1],[349134.1,6790435.9],[349123.2,6790443.1],[349108.2,6790443.9]]]]}},{"type":"Feature","properties":{"fid":360.0,"code_qp":"QN03503I","lib_qp":"Bréquigny - Champs-Manceaux - Les Clôteaux","insee_reg":"53","lib_reg":"Bretagne","insee_dep":"35","lib_dep":"Ille-et-Vilaine","insee_com":"35238","lib_com":"Rennes","siren_epci":"243500139"},"geometry":{"type":"MultiPolygon","coordinates":[[[[351656.8,6787428.5],[351725.9,6787417.7],[351789.4,6787408.2],[351784.5,6787370.1],[351751.2,6787143.7],[351748.2,6787107.1],[351732.4,6787108.8],[351724.1,6787053.4],[351709.8,6787053.5],[351706.5,6787044.4],[351611.0,6787059.8],[351601.7,6786998.7],[351598.6,6786959.2],[351607.8,6786958.5],[351614.9,6786955.9],[351623.0,6786950.4],[351627.6,6786940.9],[351632.2,6786926.0],[351631.1,6786911.1],[351625.7,6786901.2],[351649.6,6786885.1],[351649.9,6786815.3],[351645.5,6786745.7],[351711.0,6786720.3],[351753.7,6786676.4],[351789.3,6786691.3],[351835.8,6786689.7],[351850.7,6786682.7],[351880.0,6786663.1],[351911.6,6786658.5],[351944.2,6786658.8],[351956.7,6786661.2],[351961.4,6786668.6],[351979.4,6786669.4],[351989.2,6786680.3],[352002.5,6786682.7],[352013.8,6786677.6],[352020.1,6786656.1],[352039.3,6786656.1],[352049.9,6786635.6],[352044.6,6786563.4],[352063.4,6786561.8],[352112.7,6786557.7],[352102.4,6786427.1],[352006.0,6786434.4],[351971.2,6786434.7],[351969.3,6786449.8],[351788.0,6786464.6],[351783.4,6786390.4],[351699.4,6786396.7],[351696.6,6786372.1],[351591.9,6786379.2],[351590.4,6786379.5],[351584.1,6786387.5],[351572.9,6786391.0],[351552.4,6786390.0],[351480.1,6786399.0],[351475.1,6786363.0],[351477.8,6786362.4],[351474.5,6786329.2],[351422.6,6786297.1],[351361.2,6786302.5],[351319.0,6786328.2],[351150.8,6786344.7],[350981.6,6786263.2],[350904.8,6786258.3],[350822.5,6786221.2],[350812.3,6786243.1],[350806.2,6786251.7],[350799.2,6786251.9],[350708.2,6786267.0],[350529.2,6786296.9],[350549.3,6786409.3],[350549.3,6786415.5],[350545.3,6786417.8],[350541.0,6786420.0],[350541.3,6786424.8],[350539.6,6786428.8],[350537.1,6786431.3],[350542.0,6786444.1],[350564.6,6786492.4],[350611.7,6786485.3],[350611.6,6786481.7],[350703.7,6786467.1],[350742.6,6786462.7],[350736.5,6786433.8],[350734.4,6786418.9],[350795.5,6786408.0],[350813.8,6786404.8],[350834.8,6786401.2],[350853.8,6786513.0],[350876.3,6786649.6],[350937.6,6786630.5],[351028.0,6786622.9],[351141.0,6786610.3],[351258.7,6786595.4],[351292.6,6786601.1],[351314.7,6786609.5],[351333.8,6786622.1],[351388.0,6786616.0],[351385.7,6786556.5],[351370.5,6786504.2],[351359.8,6786474.1],[351345.0,6786450.7],[351337.2,6786421.4],[351542.5,6786395.1],[351546.0,6786400.4],[351550.9,6786402.3],[351557.8,6786401.0],[351557.0,6786407.1],[351558.9,6786411.3],[351569.3,6786574.9],[351573.2,6786586.6],[351585.4,6786594.5],[351587.2,6786606.2],[351583.1,6786615.9],[351573.5,6786621.8],[351580.5,6786712.7],[351596.7,6786891.9],[351588.3,6786891.5],[351578.2,6786893.7],[351567.0,6786906.8],[351560.9,6786920.7],[351561.0,6786934.9],[351565.1,6786943.9],[351570.3,6786950.0],[351565.9,6786951.9],[351544.8,6786957.7],[351570.0,6787114.6],[351618.8,6787106.1],[351627.1,6787166.6],[351632.2,6787197.7],[351522.8,6787216.4],[351519.4,6787218.1],[351536.5,6787338.7],[351646.3,6787322.6],[351645.5,6787332.1],[351656.8,6787428.5]]]]}},{"type":"Feature","properties":{"fid":361.0,"code_qp":"QN03504M","lib_qp":"Maurepas","insee_reg":"53","lib_reg":"Bretagne","insee_dep":"35","lib_dep":"Ille-et-Vilaine","insee_com":"35238","lib_com":"Rennes","siren_epci":"243500139"},"geometry":{"type":"MultiPolygon","coordinates":[[[[353350.1,6790540.0],[353342.2,6790548.7],[353343.3,6790550.0],[353327.1,6790567.6],[353280.0,6790569.9],[353260.5,6790560.7],[353247.2,6790585.7],[353245.4,6790600.8],[353245.9,6790608.5],[353247.6,6790614.7],[353223.6,6790616.3],[353224.2,6790612.3],[353206.1,6790596.9],[353193.8,6790588.9],[353167.5,6790570.9],[353159.2,6790581.5],[353160.1,6790583.4],[353137.8,6790610.2],[353151.7,6790622.8],[353153.6,6790621.2],[353182.2,6790645.9],[353178.9,6790659.5],[353181.0,6790670.8],[353161.9,6790696.0],[353105.8,6790650.6],[353083.3,6790676.2],[353082.9,6790688.4],[352982.2,6790784.2],[353030.1,6790833.7],[353052.8,6790863.1],[353126.6,6791008.8],[353172.1,6791114.4],[353190.1,6791149.7],[353281.8,6791114.1],[353405.2,6791093.1],[353406.5,6791108.6],[353403.4,6791112.6],[353398.8,6791114.6],[353396.2,6791117.1],[353396.5,6791127.4],[353399.3,6791135.9],[353405.0,6791172.4],[353415.3,6791170.2],[353421.4,6791207.2],[353415.1,6791224.4],[353418.3,6791233.3],[353479.4,6791230.5],[353479.7,6791217.4],[353586.9,6791213.1],[353590.5,6791341.0],[353547.2,6791341.7],[353544.0,6791347.1],[353546.2,6791386.6],[353376.3,6791391.7],[353337.6,6791408.4],[353393.3,6791532.7],[353399.7,6791531.5],[353435.7,6791548.1],[353536.3,6791545.6],[353536.2,6791524.1],[353627.3,6791522.2],[353624.0,6791430.5],[353625.3,6791397.4],[353635.0,6791396.5],[353629.9,6791374.4],[353628.6,6791329.0],[353717.6,6791327.2],[353774.0,6791326.7],[353779.2,6791462.4],[353829.2,6791459.6],[353832.6,6791455.1],[353841.9,6791430.4],[353847.0,6791422.1],[353847.6,6791416.0],[354026.7,6791412.0],[354049.8,6791419.5],[354074.1,6791417.6],[354076.8,6791478.9],[354077.5,6791525.9],[354119.2,6791522.7],[354118.2,6791490.7],[354117.2,6791422.7],[354088.1,6791027.5],[354088.5,6791014.1],[354076.9,6791010.9],[354064.1,6791002.9],[354057.4,6790992.0],[354055.1,6790983.3],[354026.6,6790986.8],[353875.3,6791013.1],[353873.1,6790999.6],[353806.8,6790933.0],[353799.3,6790939.9],[353794.0,6790942.9],[353790.4,6790943.8],[353674.0,6790842.7],[353669.4,6790842.3],[353667.6,6790795.4],[353664.0,6790795.9],[353639.8,6790818.5],[353638.9,6790789.3],[353561.3,6790793.0],[353584.5,6790772.3],[353543.5,6790725.2],[353542.1,6790720.8],[353474.6,6790663.6],[353478.4,6790656.7],[353454.2,6790638.3],[353452.5,6790631.3],[353421.4,6790605.0],[353411.4,6790597.9],[353350.1,6790540.0]]]]}},{"type":"Feature","properties":{"fid":362.0,"code_qp":"QN03505M","lib_qp":"Le Blosne","insee_reg":"53","lib_reg":"Bretagne","insee_dep":"35","lib_dep":"Ille-et-Vilaine","insee_com":"35238","lib_com":"Rennes","siren_epci":"243500139"},"geometry":{"type":"MultiPolygon","coordinates":[[[[353911.9,6786553.7],[353885.9,6786215.0],[353134.8,6786275.4],[353137.2,6786298.6],[353139.8,6786354.2],[353105.8,6786355.3],[353074.7,6786361.1],[352952.2,6786367.4],[352895.4,6786352.9],[352851.7,6786369.0],[352796.4,6786381.3],[352766.0,6786394.2],[352752.7,6786383.6],[352733.3,6786391.2],[352720.6,6786389.8],[352720.8,6786384.4],[352633.6,6786389.1],[352628.8,6786341.7],[352595.0,6786294.0],[352570.1,6786295.0],[352550.4,6786297.3],[352539.5,6786299.0],[352538.3,6786303.6],[352533.4,6786307.0],[352523.8,6786308.2],[352511.9,6786311.9],[352498.9,6786316.9],[352509.1,6786420.7],[352514.9,6786420.3],[352528.7,6786513.9],[352541.2,6786522.4],[352557.9,6786722.5],[352896.1,6786692.6],[352902.6,6786684.1],[353016.7,6786675.4],[353021.6,6786744.0],[353051.2,6786741.3],[353064.5,6786795.5],[353100.5,6786792.5],[353102.9,6786822.5],[353113.1,6786821.5],[353113.6,6786829.7],[353145.5,6786826.8],[353177.0,6786817.8],[353178.1,6786813.0],[353181.9,6786805.0],[353192.8,6786792.7],[353198.3,6786782.1],[353185.0,6786767.4],[353177.1,6786753.1],[353169.6,6786661.6],[353217.1,6786660.2],[353429.1,6786640.1],[353430.0,6786657.4],[353445.0,6786839.0],[353451.1,6786919.2],[353458.5,6786999.9],[353629.9,6786988.3],[353634.5,6787089.2],[353678.3,6787086.1],[353678.9,6787105.8],[353677.6,6787105.8],[353677.9,6787108.3],[353666.7,6787109.0],[353671.3,6787198.5],[353675.9,6787293.2],[353704.9,6787292.2],[353719.7,6787257.0],[353718.9,6787231.2],[353708.5,6787205.3],[353706.9,6787190.1],[353704.9,6787136.3],[353756.4,6787135.9],[353753.5,6787054.3],[353755.8,6787046.6],[353768.2,6787053.8],[353774.4,6787057.7],[353795.2,6787034.5],[353806.8,6787030.0],[353811.1,6787029.9],[353874.4,6787024.8],[353884.1,6787020.1],[353888.9,6787011.6],[353898.3,6787004.6],[353983.5,6786996.6],[353993.4,6787001.9],[353997.3,6787010.9],[354007.4,6787009.9],[354089.5,6787005.5],[354086.6,6786966.9],[354081.5,6786943.7],[354132.4,6786935.5],[354234.4,6786923.3],[354303.2,6786918.6],[354346.1,6786915.7],[354358.0,6786886.0],[354368.3,6786858.7],[354377.1,6786825.5],[354380.9,6786788.3],[354383.6,6786745.6],[354381.8,6786685.0],[354206.5,6786683.1],[354203.0,6786644.3],[354168.6,6786647.2],[354154.1,6786625.5],[354144.1,6786595.4],[354121.8,6786596.4],[354118.1,6786535.2],[353911.9,6786553.7]]]]}},{"type":"Feature","properties":{"fid":363.0,"code_qp":"QN03506I","lib_qp":"Cleunay","insee_reg":"53","lib_reg":"Bretagne","insee_dep":"35","lib_dep":"Ille-et-Vilaine","insee_com":"35238","lib_com":"Rennes","siren_epci":"243500139"},"geometry":{"type":"MultiPolygon","coordinates":[[[[349704.8,6788138.8],[349700.3,6788181.8],[349685.7,6788287.2],[349675.8,6788341.7],[349675.4,6788355.4],[349883.5,6788383.4],[350018.9,6788430.9],[350102.9,6788459.2],[350100.5,6788409.2],[350015.9,6788389.9],[350011.0,6788383.1],[349997.5,6788379.7],[349980.5,6788369.6],[349956.2,6788365.0],[349957.3,6788346.4],[349955.0,6788311.3],[349934.7,6788309.0],[349924.7,6788306.9],[349927.1,6788293.7],[349934.6,6788266.3],[349932.4,6788241.1],[349930.4,6788221.3],[349907.2,6788223.9],[349914.8,6788181.7],[349919.1,6788150.2],[349931.4,6788149.1],[349948.6,6788124.3],[349956.4,6788096.2],[349958.5,6788077.6],[349966.6,6788042.1],[349922.8,6788059.9],[349873.9,6788074.5],[349863.9,6788081.2],[349859.5,6788088.5],[349855.9,6788097.4],[349847.9,6788152.2],[349837.4,6788225.5],[349791.5,6788217.1],[349760.9,6788207.8],[349779.9,6788153.6],[349786.7,6788139.8],[349790.4,6788136.5],[349792.3,6788102.6],[349764.7,6788101.2],[349706.4,6788098.4],[349704.8,6788138.8]]]]}},{"type":"Feature","properties":{"fid":446.0,"code_qp":"QN04401M","lib_qp":"Ville Ouest","insee_reg":"52","lib_reg":"Pays de la Loire","insee_dep":"44","lib_dep":"Loire-Atlantique","insee_com":"44184","lib_com":"Saint-Nazaire","siren_epci":"244400644"},"geometry":{"type":"MultiPolygon","coordinates":[[[[304629.8,6698085.9],[304623.4,6698059.2],[304561.1,6698075.7],[304569.4,6698107.6],[304567.0,6698114.3],[304574.5,6698138.0],[304571.9,6698139.5],[304579.6,6698167.0],[304515.8,6698184.4],[304535.8,6698247.5],[304511.5,6698254.0],[304434.1,6698284.7],[304345.4,6698346.6],[304247.4,6698418.1],[304195.1,6698458.5],[304180.0,6698388.6],[304174.6,6698372.1],[304145.1,6698253.5],[304136.1,6698226.4],[304142.0,6698220.2],[304151.6,6698213.0],[304157.8,6698212.2],[304235.1,6698148.8],[304329.9,6698080.0],[304319.8,6698068.3],[304297.6,6698035.9],[304288.2,6698026.9],[304287.1,6698024.1],[304280.6,6697932.1],[304146.2,6697950.3],[304085.4,6697957.1],[304077.4,6697955.8],[304049.5,6697952.4],[304011.2,6697950.7],[303990.8,6697951.9],[303949.7,6697959.5],[303900.2,6697975.6],[303794.0,6698015.7],[303775.2,6697960.2],[303766.2,6697952.5],[303686.0,6698000.1],[303666.6,6698007.8],[303634.4,6698016.9],[303600.5,6698020.0],[303583.1,6698018.9],[303562.6,6698017.4],[303546.4,6698014.3],[303523.4,6698007.9],[303491.3,6697997.5],[303458.9,6697980.9],[303405.6,6697955.1],[303418.3,6697897.2],[303436.6,6697814.0],[303450.3,6697765.2],[303406.8,6697753.6],[303320.2,6697735.8],[303291.9,6697734.0],[303269.3,6697732.2],[303263.5,6697766.1],[303260.8,6697772.9],[303252.3,6697831.7],[303256.2,6697836.2],[303241.0,6697890.1],[303239.0,6697894.3],[303321.0,6697922.6],[303309.0,6697958.6],[303387.6,6697986.3],[303360.5,6698035.8],[303330.7,6698087.2],[303323.8,6698101.6],[303418.2,6698126.4],[303415.7,6698135.8],[303416.7,6698174.0],[303415.2,6698196.4],[303412.7,6698228.5],[303346.4,6698231.8],[303315.9,6698233.8],[303315.6,6698265.5],[303299.3,6698278.5],[303288.2,6698271.5],[303224.7,6698252.6],[303166.5,6698227.0],[303117.9,6698194.0],[303084.5,6698164.7],[303074.4,6698197.3],[303062.3,6698203.6],[303015.8,6698189.9],[302900.1,6698156.1],[302883.3,6698149.9],[302868.0,6698146.3],[302827.7,6698138.0],[302810.7,6698132.1],[302798.3,6698125.3],[302767.9,6698104.0],[302762.3,6698097.5],[302751.6,6698075.4],[302745.2,6698048.1],[302745.5,6698033.3],[302748.2,6698018.7],[302750.7,6697987.4],[302750.4,6697972.5],[302790.2,6697972.1],[302824.0,6697971.5],[302848.7,6697975.5],[302859.7,6697979.3],[302923.6,6697909.5],[302945.4,6697895.6],[302935.4,6697877.6],[302914.4,6697841.3],[302890.8,6697808.6],[302871.4,6697790.2],[302828.3,6697757.0],[302785.9,6697730.7],[302764.5,6697721.9],[302748.5,6697717.7],[302717.0,6697711.9],[302700.1,6697710.3],[302680.4,6697709.9],[302672.6,6697711.3],[302647.1,6697694.9],[302607.8,6697606.0],[302598.9,6697608.8],[302589.4,6697614.7],[302579.9,6697626.5],[302566.7,6697614.4],[302514.2,6697566.7],[302519.6,6697559.4],[302515.2,6697552.5],[302420.3,6697550.7],[302403.5,6697552.7],[302395.8,6697556.2],[302388.5,6697561.9],[302371.2,6697580.2],[302322.0,6697534.3],[302310.8,6697533.1],[302194.0,6697658.4],[302438.1,6697875.0],[302644.3,6698062.3],[302700.7,6698113.5],[302713.7,6698118.3],[302726.6,6698120.1],[302740.0,6698138.3],[302752.6,6698161.3],[303004.8,6698390.9],[303094.9,6698472.9],[303105.7,6698477.7],[303130.5,6698504.4],[303130.5,6698515.2],[303173.6,6698554.8],[303204.3,6698587.5],[303218.8,6698604.9],[303264.8,6698659.8],[303308.2,6698721.0],[303310.2,6698673.2],[303311.9,6698647.9],[303333.8,6698658.0],[303350.1,6698661.3],[303366.4,6698662.0],[303362.6,6698473.9],[303528.1,6698474.6],[303527.8,6698353.1],[303529.2,6698348.4],[303531.5,6698340.4],[303530.8,6698338.7],[303532.6,6698333.0],[303539.6,6698328.2],[303563.3,6698305.5],[303583.8,6698289.7],[303638.2,6698248.0],[303675.4,6698217.7],[303678.2,6698226.5],[303679.5,6698234.8],[303681.4,6698234.2],[303720.3,6698286.3],[303721.9,6698284.3],[303739.1,6698309.2],[303759.6,6698324.1],[303793.7,6698344.6],[303806.7,6698350.8],[303830.3,6698360.3],[303850.0,6698363.0],[303863.1,6698363.1],[303889.7,6698357.6],[303917.7,6698355.9],[303966.2,6698363.5],[303973.0,6698368.4],[303982.6,6698373.4],[303987.2,6698377.3],[303989.4,6698385.4],[303990.0,6698397.8],[303991.4,6698440.6],[303994.4,6698451.6],[303995.1,6698467.2],[304004.3,6698471.7],[304011.8,6698494.6],[304022.4,6698520.3],[304033.8,6698543.2],[304046.3,6698564.2],[304065.7,6698552.3],[304085.6,6698537.4],[304137.8,6698501.3],[304155.4,6698528.8],[304174.2,6698552.9],[304178.9,6698556.9],[304185.9,6698560.0],[304208.2,6698567.6],[304222.2,6698571.3],[304231.0,6698577.7],[304238.9,6698592.6],[304266.1,6698571.7],[304356.9,6698515.6],[304342.1,6698486.6],[304337.4,6698467.5],[304309.6,6698428.6],[304319.3,6698421.3],[304321.7,6698418.5],[304371.1,6698383.7],[304398.1,6698363.3],[304417.1,6698347.1],[304431.1,6698319.5],[304480.4,6698339.3],[304496.5,6698299.8],[304518.6,6698309.0],[304517.2,6698301.6],[304548.9,6698292.7],[304541.7,6698268.3],[304579.8,6698273.5],[304615.9,6698277.6],[304626.4,6698277.1],[304635.3,6698275.6],[304644.9,6698272.8],[304754.3,6698225.5],[304834.3,6698185.5],[304843.7,6698178.9],[304777.3,6698131.3],[304717.4,6698150.1],[304629.8,6698085.9]]]]}},{"type":"Feature","properties":{"fid":447.0,"code_qp":"QN04402I","lib_qp":"Petit Caporal - île du Pé","insee_reg":"52","lib_reg":"Pays de la Loire","insee_dep":"44","lib_dep":"Loire-Atlantique","insee_com":"44184","lib_com":"Saint-Nazaire","siren_epci":"244400644"},"geometry":{"type":"MultiPolygon","coordinates":[[[[304666.5,6700165.1],[304685.0,6700151.0],[304751.0,6700110.4],[304764.9,6700097.8],[304785.6,6700102.2],[304804.2,6700098.8],[304818.0,6700090.0],[304828.9,6700087.5],[304829.9,6700149.2],[304879.5,6700148.9],[304880.1,6700169.7],[304895.1,6700181.7],[304922.9,6700182.3],[304923.4,6700120.4],[304927.6,6700121.2],[304924.5,6700052.3],[304951.6,6700040.5],[304969.4,6700028.8],[304986.3,6700014.4],[304974.3,6699991.3],[304966.3,6699959.8],[304955.3,6699898.5],[304953.2,6699887.6],[304950.5,6699875.0],[304956.4,6699873.7],[305036.8,6699877.1],[304958.2,6699801.1],[304939.1,6699784.1],[304909.2,6699752.3],[304819.8,6699660.9],[304814.5,6699659.1],[304805.3,6699662.0],[304796.2,6699663.0],[304787.6,6699670.3],[304777.4,6699673.1],[304711.8,6699699.0],[304673.8,6699716.7],[304641.4,6699709.9],[304621.7,6699711.5],[304610.1,6699758.2],[304663.5,6699770.2],[304653.7,6699810.5],[304687.8,6699816.9],[304702.3,6699820.9],[304703.2,6699823.6],[304716.4,6699828.7],[304737.8,6699817.9],[304774.0,6699808.1],[304792.2,6699809.1],[304799.3,6699833.7],[304881.5,6699819.6],[304881.3,6699908.5],[304874.1,6699909.3],[304846.9,6699916.8],[304819.2,6699917.6],[304784.1,6699920.9],[304741.6,6699935.5],[304676.0,6699971.7],[304676.0,6699999.3],[304593.1,6700031.7],[304666.5,6700165.1]]]]}},{"type":"Feature","properties":{"fid":448.0,"code_qp":"QN04403I","lib_qp":"Prézégat - Berthauderie - Robespierre","insee_reg":"52","lib_reg":"Pays de la Loire","insee_dep":"44","lib_dep":"Loire-Atlantique","insee_com":"44184","lib_com":"Saint-Nazaire","siren_epci":"244400644"},"geometry":{"type":"MultiPolygon","coordinates":[[[[305384.2,6700450.2],[305402.7,6700446.4],[305409.2,6700500.7],[305541.5,6700482.6],[305622.4,6700462.4],[305639.9,6700452.9],[305652.1,6700438.2],[305662.4,6700429.7],[305671.5,6700479.7],[305685.1,6700504.7],[305696.5,6700574.8],[305701.7,6700598.3],[305698.2,6700605.5],[305707.5,6700642.6],[305690.8,6700646.7],[305702.9,6700693.7],[305723.8,6700687.9],[305726.9,6700701.8],[305721.1,6700703.6],[305719.2,6700708.9],[305724.2,6700725.9],[305714.7,6700724.6],[305707.0,6700741.8],[305700.2,6700768.5],[305702.7,6700771.9],[305701.7,6700776.9],[305693.2,6700776.4],[305652.4,6700779.1],[305643.8,6700782.1],[305632.1,6700807.4],[305628.2,6700830.6],[305631.5,6700847.5],[305635.9,6700898.5],[305631.7,6700917.8],[305632.4,6700935.0],[305643.3,6700940.3],[305663.4,6700945.3],[305681.1,6700944.8],[305697.5,6700946.8],[305723.7,6700933.3],[305730.5,6700930.9],[305749.4,6700931.4],[305764.7,6700929.5],[305796.4,6700919.5],[305819.4,6700910.5],[305831.8,6700908.2],[305843.0,6700912.8],[305856.9,6700883.0],[305854.3,6700871.5],[305862.1,6700830.0],[305868.8,6700805.9],[305830.6,6700796.2],[305829.7,6700799.0],[305823.1,6700807.2],[305796.3,6700798.7],[305799.6,6700789.0],[305819.3,6700717.8],[305823.1,6700707.3],[305827.5,6700668.5],[305829.7,6700563.1],[305832.5,6700538.9],[305781.9,6700552.7],[305753.7,6700461.1],[305786.3,6700441.8],[305818.3,6700420.9],[305756.8,6700366.6],[305713.5,6700332.8],[305705.3,6700322.2],[305686.8,6700315.6],[305676.0,6700309.7],[305573.8,6700232.7],[305523.0,6700192.1],[305473.0,6700231.8],[305429.9,6700272.8],[305401.8,6700303.1],[305392.8,6700313.0],[305382.1,6700297.6],[305377.6,6700252.5],[305345.0,6700256.6],[305273.0,6700265.5],[305288.2,6700389.4],[305333.0,6700456.7],[305384.2,6700450.2]]]]}},{"type":"Feature","properties":{"fid":449.0,"code_qp":"QN04404M","lib_qp":"La Ville aux Roses","insee_reg":"52","lib_reg":"Pays de la Loire","insee_dep":"44","lib_dep":"Loire-Atlantique","insee_com":"44036","lib_com":"Châteaubriant","siren_epci":"200072726"},"geometry":{"type":"MultiPolygon","coordinates":[[[[371355.2,6744006.2],[371355.5,6744003.9],[371363.7,6744004.3],[371423.1,6744003.6],[371434.9,6744002.2],[371468.9,6743986.2],[371464.5,6743960.4],[371536.1,6743959.5],[371542.1,6743958.7],[371545.2,6743960.1],[371547.5,6743963.9],[371547.8,6743953.7],[371547.2,6743936.4],[371565.4,6743936.3],[371564.7,6743929.5],[371561.3,6743929.1],[371560.0,6743919.0],[371558.9,6743912.6],[371550.9,6743895.1],[371461.9,6743897.8],[371461.8,6743885.5],[371459.8,6743860.5],[371460.0,6743834.3],[371463.6,6743800.0],[371463.1,6743789.3],[371423.7,6743790.0],[371407.6,6743789.7],[371405.8,6743790.6],[371394.7,6743790.0],[371393.9,6743742.2],[371391.4,6743737.5],[371385.4,6743736.2],[371326.3,6743735.6],[371317.4,6743733.1],[371308.1,6743727.7],[371297.9,6743740.8],[371289.9,6743737.7],[371203.9,6743740.4],[371207.0,6743806.1],[371201.4,6743818.5],[371202.1,6743852.8],[371202.0,6743865.5],[371203.8,6743887.2],[371111.0,6743871.2],[371094.1,6743896.2],[371086.4,6743894.3],[371085.4,6743888.2],[371074.3,6743874.8],[371065.9,6743859.0],[371059.3,6743859.4],[371057.4,6743859.5],[371052.6,6743859.8],[371047.0,6743862.0],[371046.1,6743864.0],[371030.2,6743869.6],[370997.9,6743890.5],[370966.6,6743860.8],[370888.6,6743905.7],[370876.6,6743892.1],[370860.7,6743899.1],[370839.3,6743857.4],[370799.8,6743878.7],[370765.9,6743897.3],[370719.8,6743921.3],[370740.3,6743941.1],[370756.3,6743997.8],[370756.8,6744054.6],[370730.0,6744153.6],[370924.1,6744230.5],[370925.7,6744202.2],[370922.7,6744187.7],[370919.7,6744162.8],[370917.6,6744075.7],[370971.9,6744044.0],[370940.2,6743987.4],[371027.8,6743936.5],[371048.8,6743951.4],[371051.2,6743958.3],[371035.7,6743989.3],[371039.9,6744018.6],[371043.2,6744026.3],[371053.9,6744041.8],[371073.5,6744067.4],[371080.2,6744076.9],[371119.3,6744122.0],[371131.9,6744101.4],[371149.1,6744074.4],[371182.4,6744024.2],[371183.1,6744021.5],[371201.1,6744031.3],[371219.9,6744039.7],[371236.9,6744047.7],[371265.2,6744052.3],[371284.9,6744047.4],[371304.6,6744044.3],[371354.7,6744042.6],[371355.2,6744006.2]]]]}},{"type":"Feature","properties":{"fid":450.0,"code_qp":"QN04405M","lib_qp":"Bellevue","insee_reg":"52","lib_reg":"Pays de la Loire","insee_dep":"44","lib_dep":"Loire-Atlantique","insee_com":"44109, 44162","lib_com":"Nantes, Saint-Herblain","siren_epci":"244400404"},"geometry":{"type":"MultiPolygon","coordinates":[[[[352920.8,6688825.2],[352915.9,6688817.7],[352911.6,6688810.9],[352911.1,6688807.3],[352915.7,6688806.3],[352911.6,6688791.2],[352906.4,6688767.8],[352924.4,6688764.4],[352920.3,6688743.5],[352902.6,6688747.7],[352901.8,6688743.2],[352898.2,6688724.0],[352894.9,6688707.9],[352908.5,6688704.9],[352899.2,6688670.6],[352888.0,6688672.9],[352885.1,6688658.1],[352881.3,6688658.3],[352876.6,6688639.9],[352870.6,6688640.8],[352862.3,6688606.0],[352854.2,6688608.3],[352845.6,6688613.5],[352765.5,6688637.3],[352719.9,6688651.6],[352735.4,6688704.1],[352740.8,6688707.1],[352750.5,6688728.5],[352755.9,6688749.1],[352734.9,6688788.3],[352724.4,6688792.5],[352717.3,6688806.4],[352627.6,6688767.2],[352593.3,6688865.4],[352578.5,6688867.1],[352560.8,6688867.1],[352536.7,6688864.4],[352525.2,6688863.8],[352504.8,6688868.7],[352498.8,6688866.2],[352493.1,6688856.6],[352507.5,6688827.5],[352518.1,6688831.6],[352519.5,6688829.6],[352522.6,6688827.5],[352525.9,6688826.6],[352527.0,6688824.2],[352512.9,6688817.6],[352514.9,6688812.2],[352371.0,6688759.1],[352342.8,6688750.5],[352385.2,6688609.7],[352347.3,6688602.7],[352354.1,6688561.9],[352357.4,6688491.2],[352361.0,6688468.9],[352303.1,6688467.4],[352303.9,6688399.4],[352230.0,6688406.6],[352185.8,6688411.3],[352168.8,6688338.6],[352075.4,6688359.3],[352078.3,6688367.0],[352091.4,6688415.4],[352043.0,6688423.3],[352050.8,6688458.7],[352069.6,6688521.4],[352120.2,6688513.6],[352138.8,6688583.0],[352086.7,6688583.9],[352045.3,6688589.2],[351939.2,6688606.0],[351948.4,6688616.5],[351956.6,6688621.8],[351961.3,6688629.3],[351983.4,6688654.3],[352030.6,6688704.2],[351906.2,6688776.4],[351881.2,6688786.5],[351815.0,6688664.1],[351867.7,6688662.5],[351936.4,6688654.9],[351950.4,6688650.6],[351941.7,6688636.1],[351919.7,6688614.0],[351878.5,6688603.6],[351847.9,6688603.9],[351797.2,6688604.0],[351749.4,6688602.6],[351726.2,6688597.5],[351710.5,6688596.3],[351702.9,6688588.9],[351691.8,6688587.4],[351686.3,6688585.5],[351695.1,6688543.2],[351775.1,6688546.9],[351836.7,6688539.1],[351862.0,6688554.2],[351868.9,6688564.4],[351875.0,6688559.1],[351884.7,6688551.4],[351889.1,6688547.0],[351886.5,6688549.4],[351887.0,6688547.8],[351856.8,6688388.1],[351854.5,6688385.3],[351851.1,6688368.5],[351983.7,6688340.6],[351963.7,6688282.9],[351929.6,6688184.6],[351909.4,6688190.2],[351885.0,6688195.6],[351865.9,6688198.8],[351834.6,6688202.5],[351826.4,6688184.6],[351820.2,6688177.6],[351815.2,6688157.3],[351802.5,6688159.9],[351784.4,6688080.1],[351656.2,6688114.3],[351648.0,6688113.5],[351639.7,6688094.7],[351615.7,6688021.8],[351600.3,6687974.8],[351538.8,6687973.7],[351538.6,6687968.3],[351487.0,6687974.2],[351453.1,6687980.5],[351452.5,6687985.5],[351429.7,6687882.4],[351423.2,6687859.5],[351411.9,6687852.0],[351384.0,6687877.0],[351313.0,6687918.4],[351260.7,6687951.9],[351226.6,6687980.0],[351220.0,6687988.5],[351204.9,6688002.5],[351218.7,6688049.6],[351248.6,6688041.3],[351255.3,6688067.8],[351253.4,6688068.3],[351254.4,6688073.1],[351233.3,6688078.3],[351236.9,6688093.1],[351252.6,6688089.1],[351257.6,6688114.7],[351272.0,6688111.6],[351274.9,6688117.7],[351283.5,6688115.5],[351294.5,6688153.4],[351297.2,6688153.4],[351305.3,6688186.4],[351306.7,6688202.4],[351366.9,6688184.3],[351428.5,6688145.5],[351449.6,6688133.4],[351464.1,6688125.8],[351514.0,6688116.9],[351523.2,6688163.5],[351530.6,6688183.0],[351540.8,6688219.0],[351552.9,6688248.3],[351567.7,6688243.2],[351571.6,6688269.9],[351440.5,6688332.7],[351417.2,6688346.0],[351474.9,6688480.7],[351429.7,6688483.9],[351323.3,6688528.1],[351232.4,6688566.9],[351199.7,6688582.6],[351159.8,6688621.1],[351177.8,6688661.1],[351203.5,6688700.0],[351112.4,6688763.2],[351060.6,6688795.4],[350867.2,6688504.7],[350853.1,6688483.3],[350821.9,6688400.6],[350818.9,6688393.0],[350787.3,6688353.8],[350770.1,6688327.8],[350743.5,6688294.6],[350719.4,6688262.7],[350704.0,6688236.1],[350701.9,6688226.6],[350705.1,6688226.0],[350675.2,6688078.3],[350612.5,6688096.2],[350544.0,6688116.7],[350502.3,6688135.0],[350478.6,6688146.1],[350498.6,6688210.0],[350502.3,6688221.3],[350531.8,6688282.7],[350554.4,6688330.7],[350565.4,6688360.3],[350575.5,6688394.6],[350580.2,6688413.1],[350586.1,6688426.4],[350590.5,6688432.7],[350575.3,6688502.9],[350564.5,6688584.4],[350562.7,6688617.8],[350566.2,6688638.8],[350570.6,6688664.7],[350570.1,6688695.9],[350575.9,6688706.1],[350596.7,6688705.7],[350598.0,6688815.2],[350683.9,6688877.7],[350890.3,6688739.3],[350981.9,6688875.2],[350785.3,6689014.7],[350738.1,6689044.6],[350784.1,6689110.3],[350917.9,6689020.7],[351030.1,6689190.5],[351054.0,6689218.6],[350948.3,6689290.6],[350947.5,6689309.7],[350971.3,6689346.4],[350868.5,6689414.1],[350801.1,6689312.9],[350799.8,6689293.5],[350795.1,6689293.9],[350785.9,6689278.2],[350779.4,6689281.3],[350763.0,6689256.7],[350764.0,6689230.8],[350692.4,6689224.5],[350692.5,6689242.6],[350695.3,6689253.0],[350705.8,6689274.9],[350751.4,6689343.8],[350820.4,6689446.2],[350988.3,6689703.8],[350955.9,6689724.6],[350942.2,6689734.7],[350947.7,6689738.4],[350949.3,6689756.1],[351019.9,6689752.1],[351097.9,6689748.4],[351101.4,6689777.6],[351106.1,6689804.8],[351114.5,6689821.3],[351129.8,6689832.0],[351145.0,6689833.1],[351181.2,6689801.3],[351210.3,6689773.5],[351295.6,6689680.9],[351447.0,6689510.0],[351460.8,6689498.5],[351485.0,6689493.3],[351495.9,6689475.5],[351469.8,6689459.6],[351408.2,6689359.6],[351354.4,6689255.9],[351297.6,6689155.5],[351342.4,6689126.4],[351446.9,6689094.3],[351490.7,6689071.6],[351994.0,6688960.2],[352056.3,6688951.9],[352132.6,6688938.7],[352314.0,6688922.8],[352369.0,6688930.1],[352516.6,6688943.4],[352598.2,6688947.3],[352647.9,6688945.4],[352695.9,6688937.8],[352763.4,6688918.5],[352853.1,6688875.1],[352926.2,6688829.4],[352920.8,6688825.2]]]]}},{"type":"Feature","properties":{"fid":451.0,"code_qp":"QN04406M","lib_qp":"Les Dervallières","insee_reg":"52","lib_reg":"Pays de la Loire","insee_dep":"44","lib_dep":"Loire-Atlantique","insee_com":"44109","lib_com":"Nantes","siren_epci":"244400404"},"geometry":{"type":"MultiPolygon","coordinates":[[[[352007.8,6690221.0],[351998.5,6690195.8],[351903.4,6690225.3],[351861.3,6690246.0],[351869.7,6690287.3],[351876.0,6690313.3],[351887.7,6690394.2],[351894.0,6690455.5],[351891.9,6690489.4],[351874.9,6690585.2],[351871.1,6690622.8],[351882.0,6690648.3],[351897.5,6690687.0],[351910.6,6690704.3],[351971.5,6690771.3],[352093.2,6690884.7],[352132.3,6690916.7],[352159.0,6690945.9],[352208.4,6691002.4],[352243.4,6691040.6],[352276.0,6691073.2],[352314.9,6691113.2],[352355.4,6691139.4],[352371.5,6691085.9],[352390.3,6691053.2],[352398.1,6691040.5],[352396.0,6691034.7],[352409.2,6691030.4],[352419.9,6691023.0],[352426.5,6691015.4],[352431.8,6691006.6],[352436.8,6690992.9],[352440.5,6690980.3],[352439.2,6690967.9],[352435.1,6690950.6],[352431.7,6690932.0],[352427.9,6690903.6],[352406.3,6690895.4],[352327.6,6690875.6],[352316.0,6690868.6],[352330.9,6690819.3],[352427.2,6690844.1],[352432.7,6690821.5],[352437.2,6690808.9],[352415.0,6690781.3],[352467.5,6690738.6],[352581.2,6690707.3],[352679.7,6690670.2],[352746.7,6690642.6],[352772.3,6690626.0],[352817.1,6690682.5],[352943.6,6690590.4],[352965.6,6690604.3],[353020.5,6690596.0],[353045.1,6690577.4],[353053.3,6690532.5],[353043.8,6690524.3],[353029.0,6690528.9],[353023.0,6690554.7],[353011.0,6690561.4],[352993.2,6690557.7],[352977.2,6690540.1],[352966.4,6690509.7],[352697.8,6690275.7],[352659.5,6690262.7],[352646.2,6690263.3],[352591.8,6690268.4],[352555.8,6690274.1],[352342.7,6690346.2],[352247.9,6690382.5],[352177.5,6690396.5],[352149.4,6690396.7],[352096.8,6690381.7],[352060.5,6690363.0],[352007.8,6690221.0]]]]}},{"type":"Feature","properties":{"fid":452.0,"code_qp":"QN04407I","lib_qp":"Le Breil","insee_reg":"52","lib_reg":"Pays de la Loire","insee_dep":"44","lib_dep":"Loire-Atlantique","insee_com":"44109","lib_com":"Nantes","siren_epci":"244400404"},"geometry":{"type":"MultiPolygon","coordinates":[[[[352749.1,6691321.5],[352797.2,6691349.6],[352841.9,6691385.6],[352858.5,6691403.9],[352878.0,6691406.7],[352878.0,6691406.7],[352960.7,6691316.1],[352980.5,6691339.3],[352992.8,6691328.3],[353012.7,6691349.6],[353054.4,6691394.9],[353074.5,6691375.1],[353144.9,6691454.6],[353209.4,6691524.3],[353269.6,6691589.2],[353299.4,6691627.2],[353332.7,6691670.1],[353335.5,6691633.9],[353335.8,6691594.4],[353335.6,6691499.7],[353337.8,6691445.9],[353338.2,6691428.3],[353337.0,6691399.4],[353372.8,6691364.7],[353404.5,6691336.8],[353420.7,6691325.3],[353486.3,6691290.4],[353379.8,6691179.0],[353330.7,6691128.7],[353255.3,6691050.5],[353257.6,6691042.5],[353296.2,6691019.4],[353282.7,6691006.4],[353293.2,6690996.2],[353247.8,6690949.6],[353239.8,6690956.1],[353222.2,6690936.4],[353202.3,6690957.1],[353206.4,6690961.7],[353190.6,6690976.9],[353226.7,6691015.7],[353218.6,6691023.6],[353227.5,6691032.4],[353232.2,6691031.8],[353247.6,6691048.7],[353216.8,6691069.5],[353189.9,6691094.8],[353174.7,6691083.2],[353147.7,6691054.6],[353115.7,6691021.1],[353095.9,6691002.0],[353083.7,6691010.1],[353069.1,6691022.4],[353042.2,6691048.0],[353034.9,6691040.3],[352983.9,6690982.5],[352963.4,6691000.0],[352957.0,6690993.9],[352933.0,6691015.6],[352948.3,6691032.5],[352962.9,6691053.3],[352954.7,6691059.7],[352909.0,6691101.7],[352862.2,6691143.3],[352851.2,6691191.3],[352864.4,6691207.0],[352812.3,6691253.4],[352802.1,6691258.9],[352788.4,6691273.3],[352788.1,6691273.0],[352749.1,6691321.5]]]]}},{"type":"Feature","properties":{"fid":453.0,"code_qp":"QN04408M","lib_qp":"Bout des landes - Bout des pavés - Chêne des Anglais","insee_reg":"52","lib_reg":"Pays de la Loire","insee_dep":"44","lib_dep":"Loire-Atlantique","insee_com":"44109","lib_com":"Nantes","siren_epci":"244400404"},"geometry":{"type":"MultiPolygon","coordinates":[[[[353742.4,6695222.9],[353841.3,6695246.8],[353920.8,6695269.5],[353989.2,6695286.1],[354000.7,6695192.2],[354012.6,6695182.3],[354028.8,6695146.6],[354109.6,6695122.2],[354182.7,6695092.8],[354269.6,6695063.0],[354362.4,6695030.6],[354356.6,6695017.5],[354329.7,6694934.2],[354323.9,6694925.1],[354321.1,6694922.6],[354269.6,6694923.1],[354236.7,6694921.7],[354151.5,6694912.2],[354119.0,6694901.8],[354117.1,6694881.1],[354098.3,6694728.5],[353982.7,6694779.0],[353975.4,6694752.0],[354025.2,6694727.6],[354217.5,6694633.5],[354253.6,6694618.0],[354282.5,6694614.0],[354287.4,6694609.5],[354306.3,6694598.8],[354317.2,6694595.2],[354354.5,6694589.2],[354405.2,6694583.6],[354426.9,6694582.4],[354465.0,6694582.9],[354506.6,6694586.7],[354515.7,6694586.7],[354530.3,6694585.8],[354543.6,6694576.3],[354550.2,6694554.1],[354557.0,6694542.3],[354539.6,6694530.2],[354531.5,6694523.7],[354532.8,6694508.6],[354531.6,6694480.6],[354529.5,6694474.9],[354524.9,6694469.6],[354516.9,6694467.0],[354492.3,6694468.3],[354482.1,6694466.4],[354474.4,6694462.9],[354467.8,6694454.9],[354464.0,6694448.0],[354459.3,6694431.9],[354454.3,6694423.7],[354450.6,6694414.1],[354445.1,6694394.7],[354443.2,6694377.6],[354444.7,6694361.9],[354445.0,6694355.4],[354440.6,6694324.9],[354437.7,6694293.7],[354430.6,6694272.2],[354427.0,6694265.2],[354423.8,6694261.9],[354390.2,6694247.1],[354382.2,6694246.9],[354373.1,6694249.4],[354341.8,6694265.5],[354295.5,6694283.7],[354278.4,6694284.2],[354240.8,6694283.0],[354211.6,6694285.9],[354204.0,6694282.7],[354193.2,6694247.8],[354179.7,6694196.6],[354175.1,6694182.1],[354161.1,6694129.1],[354138.3,6694041.9],[354082.8,6694066.4],[353997.6,6694064.3],[353990.7,6694101.5],[353981.3,6694161.6],[353975.4,6694198.8],[353957.2,6694304.9],[353947.5,6694360.7],[353928.6,6694470.4],[353926.2,6694485.5],[353906.3,6694646.7],[353894.1,6694724.5],[353879.1,6694805.4],[353891.3,6694817.8],[354009.4,6694855.8],[353974.7,6694959.4],[353967.7,6694983.1],[353934.0,6694984.1],[353839.3,6694979.8],[353833.3,6694978.3],[353817.5,6694971.7],[353799.0,6695011.9],[353787.5,6695038.0],[353768.6,6695093.3],[353762.0,6695117.9],[353751.8,6695162.8],[353742.4,6695222.9]]]]}},{"type":"Feature","properties":{"fid":454.0,"code_qp":"QN04409I","lib_qp":"La Boissière","insee_reg":"52","lib_reg":"Pays de la Loire","insee_dep":"44","lib_dep":"Loire-Atlantique","insee_com":"44109","lib_com":"Nantes","siren_epci":"244400404"},"geometry":{"type":"MultiPolygon","coordinates":[[[[354879.0,6693968.3],[354886.2,6693816.0],[354891.2,6693786.7],[354893.6,6693770.4],[354888.5,6693763.0],[354889.3,6693733.8],[354885.8,6693713.1],[354877.4,6693669.1],[354844.2,6693553.9],[354830.7,6693515.8],[354815.9,6693486.2],[354800.6,6693481.3],[354780.4,6693470.4],[354767.1,6693465.4],[354754.4,6693459.2],[354743.0,6693455.5],[354731.4,6693448.9],[354729.7,6693452.0],[354727.0,6693459.3],[354725.1,6693479.8],[354708.5,6693479.6],[354696.7,6693484.9],[354695.9,6693495.2],[354665.4,6693519.6],[354667.3,6693520.7],[354636.1,6693548.5],[354668.7,6693589.6],[354623.6,6693602.9],[354499.8,6693650.0],[354530.2,6693730.5],[354546.1,6693725.3],[354601.1,6693808.8],[354620.3,6693834.2],[354643.7,6693852.1],[354662.8,6693870.6],[354705.7,6693904.3],[354754.1,6693937.4],[354775.9,6693948.5],[354796.8,6693957.9],[354806.8,6693961.5],[354839.9,6693965.4],[354855.7,6693965.8],[354879.0,6693968.3]]]]}},{"type":"Feature","properties":{"fid":455.0,"code_qp":"QN04410I","lib_qp":"Port Boyer","insee_reg":"52","lib_reg":"Pays de la Loire","insee_dep":"44","lib_dep":"Loire-Atlantique","insee_com":"44109","lib_com":"Nantes","siren_epci":"244400404"},"geometry":{"type":"MultiPolygon","coordinates":[[[[356413.3,6692130.9],[356419.2,6692151.5],[356387.7,6692187.9],[356446.6,6692243.4],[356464.9,6692257.0],[356484.5,6692276.5],[356508.9,6692299.9],[356522.3,6692297.8],[356532.7,6692292.8],[356553.3,6692279.8],[356563.6,6692277.0],[356573.5,6692277.6],[356600.2,6692289.6],[356620.3,6692295.8],[356638.7,6692297.5],[356672.8,6692291.7],[356722.7,6692291.5],[356782.2,6692267.9],[356805.9,6692257.1],[356821.0,6692247.9],[356852.1,6692227.3],[356865.0,6692217.3],[356879.5,6692202.5],[356885.6,6692192.2],[356879.7,6692180.2],[356843.8,6692178.5],[356763.0,6692171.9],[356702.1,6692165.5],[356677.2,6692162.2],[356657.1,6692157.2],[356633.5,6692146.9],[356618.3,6692139.2],[356598.9,6692126.4],[356580.1,6692110.1],[356567.1,6692096.6],[356555.4,6692081.7],[356545.7,6692066.8],[356535.1,6692073.4],[356528.5,6692076.4],[356524.2,6692078.4],[356514.7,6692079.7],[356496.1,6692079.0],[356479.7,6692071.8],[356458.0,6692055.2],[356450.3,6692051.9],[356442.0,6692051.9],[356430.9,6692055.3],[356418.3,6692060.9],[356408.1,6692066.9],[356401.8,6692073.0],[356398.3,6692080.4],[356396.6,6692089.2],[356401.3,6692118.1],[356409.4,6692124.4],[356413.3,6692130.9]]]]}},{"type":"Feature","properties":{"fid":456.0,"code_qp":"QN04411I","lib_qp":"Le Clos Toreau","insee_reg":"52","lib_reg":"Pays de la Loire","insee_dep":"44","lib_dep":"Loire-Atlantique","insee_com":"44109","lib_com":"Nantes","siren_epci":"244400404"},"geometry":{"type":"MultiPolygon","coordinates":[[[[357369.9,6686817.5],[357355.9,6686834.8],[357336.3,6686858.3],[357328.0,6686867.8],[357321.1,6686878.2],[357314.5,6686891.1],[357310.3,6686896.5],[357301.4,6686915.4],[357297.6,6686927.8],[357283.3,6686957.2],[357269.2,6686981.9],[357257.4,6687001.1],[357252.3,6687007.1],[357243.4,6687021.2],[357182.0,6687146.3],[357167.2,6687175.3],[357161.9,6687189.3],[357156.8,6687202.7],[357134.4,6687250.3],[357124.9,6687268.2],[357134.5,6687259.8],[357144.3,6687251.3],[357151.6,6687244.3],[357160.4,6687237.9],[357171.2,6687235.7],[357212.7,6687215.0],[357249.9,6687199.6],[357269.9,6687192.3],[357370.8,6687155.2],[357381.6,6687152.1],[357387.4,6687150.3],[357397.6,6687148.9],[357418.2,6687148.7],[357435.5,6687150.5],[357436.8,6687128.7],[357438.0,6687114.9],[357443.8,6687082.0],[357447.1,6687074.8],[357497.1,6687070.9],[357493.8,6687035.9],[357505.1,6687035.7],[357521.2,6687039.3],[357538.9,6687037.1],[357573.1,6687029.1],[357569.3,6687017.1],[357526.1,6687028.4],[357520.5,6687007.7],[357515.2,6687008.4],[357503.9,6686964.6],[357491.6,6686967.9],[357453.5,6686929.4],[357440.5,6686872.1],[357436.6,6686857.6],[357435.2,6686850.1],[357422.5,6686836.4],[357416.2,6686826.9],[357409.1,6686813.9],[357400.7,6686790.8],[357393.6,6686792.1],[357383.6,6686801.6],[357369.9,6686817.5]]]]}},{"type":"Feature","properties":{"fid":457.0,"code_qp":"QN04412M","lib_qp":"Le Ranzay","insee_reg":"52","lib_reg":"Pays de la Loire","insee_dep":"44","lib_dep":"Loire-Atlantique","insee_com":"44109","lib_com":"Nantes","siren_epci":"244400404"},"geometry":{"type":"MultiPolygon","coordinates":[[[[357455.2,6692832.8],[357455.4,6692837.3],[357471.7,6692855.8],[357479.5,6692865.9],[357485.9,6692876.7],[357495.9,6692908.2],[357504.2,6692920.5],[357524.4,6692966.0],[357527.9,6692977.7],[357551.6,6693014.7],[357557.1,6693030.8],[357561.1,6693049.4],[357565.9,6693094.7],[357564.9,6693106.4],[357563.8,6693139.6],[357564.5,6693148.4],[357564.2,6693186.3],[357564.4,6693233.4],[357564.7,6693259.1],[357565.5,6693265.7],[357570.3,6693306.0],[357574.6,6693337.0],[357578.1,6693361.2],[357588.4,6693406.0],[357592.6,6693414.0],[357601.2,6693418.2],[357639.0,6693418.1],[357653.2,6693413.0],[357678.0,6693395.0],[357714.7,6693370.2],[357750.6,6693340.5],[357788.7,6693303.4],[357792.6,6693293.4],[357791.1,6693260.0],[357787.2,6693222.4],[357780.7,6693173.4],[357777.9,6693144.9],[357775.8,6693135.6],[357767.4,6693124.6],[357723.8,6693095.0],[357678.3,6693036.1],[357612.7,6693077.9],[357581.0,6692974.9],[357572.2,6692947.8],[357575.9,6692945.2],[357594.9,6692946.2],[357622.0,6692946.5],[357629.5,6692968.2],[357633.1,6692977.2],[357645.8,6692972.3],[357686.2,6692974.8],[357695.2,6692861.8],[357696.0,6692835.9],[357694.9,6692808.7],[357691.4,6692781.6],[357682.0,6692740.6],[357623.5,6692753.2],[357585.5,6692760.7],[357549.0,6692772.1],[357515.0,6692790.4],[357455.2,6692832.8]]]]}},{"type":"Feature","properties":{"fid":458.0,"code_qp":"QN04413M","lib_qp":"Malakoff","insee_reg":"52","lib_reg":"Pays de la Loire","insee_dep":"44","lib_dep":"Loire-Atlantique","insee_com":"44109","lib_com":"Nantes","siren_epci":"244400404"},"geometry":{"type":"MultiPolygon","coordinates":[[[[357043.4,6689061.3],[357025.8,6689062.2],[357033.1,6689087.9],[357050.0,6689144.7],[357059.8,6689169.2],[357068.9,6689190.2],[357088.5,6689213.0],[357109.3,6689235.1],[357134.0,6689254.2],[357163.1,6689270.1],[357185.9,6689279.4],[357215.3,6689288.2],[357248.9,6689292.1],[357266.2,6689292.6],[357284.8,6689290.6],[357284.8,6689297.2],[357289.1,6689296.5],[357291.7,6689290.0],[357342.4,6689280.8],[357339.5,6689273.5],[357371.4,6689265.6],[357419.8,6689256.4],[357420.5,6689252.5],[357471.7,6689247.9],[357509.5,6689250.6],[357530.3,6689255.1],[357567.6,6689267.8],[357616.6,6689290.2],[357627.0,6689296.7],[357661.9,6689324.2],[357697.8,6689360.5],[357688.8,6689368.5],[357701.3,6689383.8],[357728.3,6689414.5],[357748.8,6689432.4],[357773.3,6689449.2],[357796.4,6689460.6],[357823.4,6689470.6],[357849.4,6689477.1],[357873.6,6689480.5],[357902.6,6689481.0],[357938.1,6689476.6],[357965.5,6689469.2],[357997.4,6689455.6],[358016.9,6689444.8],[358044.1,6689424.5],[358070.5,6689390.5],[358112.5,6689330.1],[358022.7,6689297.7],[358013.3,6689288.8],[357992.9,6689280.4],[357960.3,6689265.9],[357946.5,6689261.6],[357929.4,6689259.0],[357850.7,6689228.4],[357833.7,6689219.6],[357818.6,6689243.5],[357807.4,6689276.3],[357802.4,6689286.9],[357798.5,6689298.5],[357803.6,6689299.7],[357795.7,6689321.1],[357761.9,6689308.4],[357741.1,6689291.7],[357645.6,6689254.6],[357700.0,6689163.1],[357664.0,6689150.1],[357646.4,6689146.2],[357636.3,6689143.0],[357626.1,6689137.5],[357618.3,6689131.7],[357610.8,6689129.7],[357599.5,6689127.9],[357587.3,6689121.3],[357579.2,6689119.1],[357569.1,6689116.0],[357561.4,6689112.7],[357553.6,6689105.8],[357547.4,6689104.9],[357543.7,6689106.3],[357533.6,6689103.2],[357503.5,6689099.4],[357473.4,6689089.5],[357417.0,6689087.2],[357365.6,6689103.6],[357327.4,6689086.9],[357297.4,6689076.4],[357265.1,6689066.9],[357167.2,6689052.8],[357043.4,6689061.3]]]]}},{"type":"Feature","properties":{"fid":459.0,"code_qp":"QN04414M","lib_qp":"Bottière Pin Sec","insee_reg":"52","lib_reg":"Pays de la Loire","insee_dep":"44","lib_dep":"Loire-Atlantique","insee_com":"44109","lib_com":"Nantes","siren_epci":"244400404"},"geometry":{"type":"MultiPolygon","coordinates":[[[[358370.4,6692538.6],[358406.3,6692340.0],[358411.2,6692313.0],[358459.8,6692117.2],[358460.6,6692108.7],[358469.9,6692091.6],[358504.8,6691922.6],[358499.6,6691899.0],[358504.3,6691878.3],[358505.6,6691851.0],[358509.1,6691843.4],[358512.4,6691814.2],[358513.4,6691799.1],[358522.5,6691771.3],[358525.7,6691732.3],[358534.0,6691706.5],[358506.3,6691691.6],[358489.8,6691677.0],[358464.8,6691656.1],[358457.3,6691653.6],[358449.7,6691651.9],[358444.9,6691645.8],[358414.7,6691615.9],[358407.1,6691608.6],[358357.3,6691555.2],[358339.5,6691535.0],[358301.0,6691495.3],[358285.0,6691486.6],[358270.1,6691481.3],[358264.0,6691484.0],[358257.1,6691484.3],[358244.5,6691482.7],[358207.1,6691479.3],[358180.1,6691477.7],[358167.0,6691477.4],[358155.8,6691477.7],[358144.9,6691478.4],[358136.5,6691479.2],[358124.5,6691481.9],[358106.3,6691487.9],[358100.5,6691490.5],[358093.8,6691493.9],[358077.8,6691504.6],[358033.6,6691541.3],[357991.5,6691580.5],[357984.2,6691579.7],[357975.9,6691587.9],[357963.7,6691596.4],[357953.6,6691606.7],[357943.4,6691615.0],[357870.1,6691697.9],[357873.0,6691714.3],[357901.1,6691724.3],[357903.4,6691726.4],[357905.0,6691727.0],[357900.3,6691723.6],[357900.2,6691722.1],[357912.5,6691726.6],[358029.7,6691747.4],[358051.7,6691754.2],[358031.6,6691780.8],[357975.6,6691844.3],[358029.2,6691875.2],[358030.8,6691881.5],[358022.9,6691955.3],[358021.1,6691981.7],[358013.6,6692057.6],[358013.3,6692061.1],[358001.6,6692065.2],[357989.4,6692070.7],[357974.6,6692080.7],[357960.0,6692093.3],[357968.2,6692108.0],[357976.4,6692128.3],[358000.7,6692218.2],[358008.4,6692263.3],[358029.9,6692372.5],[358129.7,6692427.9],[358252.4,6692492.7],[358303.0,6692522.2],[358249.3,6692556.7],[358246.7,6692560.4],[358248.4,6692564.0],[358269.9,6692599.8],[358315.8,6692569.9],[358327.1,6692567.6],[358330.0,6692533.2],[358370.4,6692538.6]]]]}},{"type":"Feature","properties":{"fid":460.0,"code_qp":"QN04415I","lib_qp":"La Halvêque","insee_reg":"52","lib_reg":"Pays de la Loire","insee_dep":"44","lib_dep":"Loire-Atlantique","insee_com":"44109","lib_com":"Nantes","siren_epci":"244400404"},"geometry":{"type":"MultiPolygon","coordinates":[[[[358354.2,6693939.3],[358366.4,6693938.7],[358369.5,6693931.1],[358373.4,6693926.4],[358399.4,6693912.0],[358435.8,6693891.5],[358442.8,6693886.8],[358446.2,6693880.6],[358452.4,6693853.6],[358456.7,6693828.6],[358489.4,6693638.4],[358504.7,6693547.8],[358523.0,6693442.9],[358481.9,6693447.5],[358426.3,6693459.5],[358396.2,6693469.3],[358329.9,6693497.9],[358324.9,6693497.7],[358145.9,6693582.8],[358211.9,6693693.1],[358233.2,6693730.7],[358263.7,6693782.4],[358336.8,6693926.0],[358339.6,6693930.3],[358347.4,6693938.3],[358354.2,6693939.3]]]]}},{"type":"Feature","properties":{"fid":461.0,"code_qp":"QN04416I","lib_qp":"La Petite Sensive","insee_reg":"52","lib_reg":"Pays de la Loire","insee_dep":"44","lib_dep":"Loire-Atlantique","insee_com":"44109","lib_com":"Nantes","siren_epci":"244400404"},"geometry":{"type":"MultiPolygon","coordinates":[[[[355100.4,6694481.3],[355102.8,6694482.2],[355117.6,6694473.9],[355143.4,6694465.0],[355173.3,6694457.5],[355206.2,6694450.3],[355228.7,6694442.1],[355230.6,6694438.4],[355230.5,6694431.6],[355234.0,6694419.9],[355240.7,6694400.8],[355263.4,6694346.3],[355273.5,6694309.2],[355255.9,6694309.7],[355173.0,6694306.5],[355019.9,6694300.9],[354967.1,6694299.9],[354852.6,6694284.2],[354831.0,6694264.9],[354838.2,6694253.9],[354854.7,6694217.9],[354857.1,6694203.2],[354865.0,6694126.8],[354831.9,6694122.8],[354828.3,6694134.7],[354822.2,6694142.0],[354832.0,6694148.0],[354795.0,6694162.8],[354794.3,6694288.7],[354746.3,6694301.8],[354735.4,6694306.5],[354723.5,6694313.1],[354714.6,6694320.7],[354708.6,6694327.9],[354693.9,6694349.0],[354680.4,6694344.3],[354640.8,6694318.8],[354632.6,6694316.6],[354624.7,6694315.7],[354601.9,6694319.3],[354619.3,6694399.9],[354622.4,6694400.5],[354628.1,6694424.3],[354629.9,6694426.6],[354637.9,6694431.7],[354684.8,6694362.2],[354692.6,6694363.1],[354721.2,6694367.2],[354774.2,6694331.9],[354796.9,6694321.5],[354815.5,6694316.8],[354835.5,6694316.4],[354849.9,6694319.7],[354849.5,6694349.7],[354844.1,6694419.8],[354836.2,6694553.5],[354830.4,6694605.6],[354832.3,6694616.0],[354837.4,6694627.3],[354845.0,6694638.6],[354851.9,6694638.6],[354861.4,6694641.1],[354871.7,6694649.3],[354991.8,6694560.1],[355002.9,6694597.1],[355055.8,6694586.3],[355116.2,6694591.4],[355100.4,6694481.3]]]]}},{"type":"Feature","properties":{"fid":462.0,"code_qp":"QN04417I","lib_qp":"Plaisance","insee_reg":"52","lib_reg":"Pays de la Loire","insee_dep":"44","lib_dep":"Loire-Atlantique","insee_com":"44114","lib_com":"Orvault","siren_epci":"244400404"},"geometry":{"type":"MultiPolygon","coordinates":[[[[352944.4,6692500.2],[353005.5,6692585.8],[353008.0,6692592.4],[353038.7,6692659.6],[352914.2,6692710.6],[352906.9,6692714.4],[352905.6,6692728.3],[352904.6,6692741.3],[352914.4,6692746.7],[352925.7,6692765.2],[352939.7,6692789.4],[352951.6,6692782.7],[353072.7,6692741.4],[353090.9,6692738.4],[353123.1,6692754.5],[353151.6,6692769.0],[353162.9,6692774.0],[353173.9,6692776.7],[353209.6,6692728.9],[353239.1,6692694.5],[353254.9,6692674.5],[353233.0,6692659.6],[353247.6,6692643.3],[353257.4,6692633.7],[353262.3,6692625.6],[353272.7,6692602.5],[353274.0,6692590.0],[353279.3,6692575.6],[353286.3,6692560.4],[353278.3,6692551.7],[353260.5,6692519.7],[353240.6,6692479.3],[353222.1,6692458.2],[353199.7,6692443.1],[353154.4,6692405.5],[353122.1,6692374.4],[353089.3,6692400.8],[353064.1,6692421.3],[353035.9,6692425.1],[352944.4,6692500.2]]]]}},{"type":"Feature","properties":{"fid":463.0,"code_qp":"QN04418M","lib_qp":"Château","insee_reg":"52","lib_reg":"Pays de la Loire","insee_dep":"44","lib_dep":"Loire-Atlantique","insee_com":"44143","lib_com":"Rezé","siren_epci":"244400404"},"geometry":{"type":"MultiPolygon","coordinates":[[[[354602.2,6686113.0],[354609.8,6686118.6],[354740.5,6686166.2],[354803.0,6686186.4],[354825.5,6686192.9],[354888.3,6686206.0],[354914.4,6686209.1],[354921.7,6686218.2],[354919.7,6686382.2],[354909.5,6686403.3],[354898.5,6686409.1],[354965.7,6686409.1],[354958.3,6686492.5],[355026.8,6686495.5],[355027.0,6686489.8],[355028.1,6686459.8],[355041.6,6686461.3],[355080.1,6686438.9],[355077.1,6686428.4],[355104.7,6686425.1],[355134.4,6686427.9],[355132.4,6686392.2],[355107.5,6686388.6],[355099.5,6686345.5],[355130.1,6686350.7],[355160.4,6686356.3],[355187.7,6686353.3],[355188.0,6686350.8],[355176.8,6686303.3],[355174.9,6686294.6],[355172.2,6686287.6],[355167.1,6686282.9],[355136.7,6686272.4],[355080.2,6686281.6],[355052.4,6686272.1],[355048.0,6686263.1],[355044.1,6686217.5],[355094.9,6686211.8],[355127.9,6686200.1],[355183.8,6686170.3],[355194.0,6686167.5],[355297.3,6686131.2],[355333.9,6686114.1],[355315.6,6686086.2],[355317.4,6686012.7],[355312.5,6686005.8],[355300.8,6686014.2],[355245.9,6686018.4],[355238.3,6685979.6],[355238.2,6685972.8],[355225.4,6685969.5],[355227.3,6685955.1],[355219.3,6685943.0],[355211.9,6685952.7],[355070.4,6685928.4],[355083.9,6685850.1],[355018.7,6685838.6],[354977.1,6685830.9],[354943.8,6685824.4],[354956.7,6685751.8],[354968.3,6685690.4],[354940.3,6685686.5],[354901.9,6685898.4],[354818.1,6685883.3],[354803.7,6685871.9],[354740.7,6685861.8],[354736.8,6685875.5],[354677.6,6685864.7],[354665.1,6685883.3],[354651.7,6685908.0],[354626.8,6685971.9],[354620.2,6685998.0],[354603.8,6686071.5],[354598.1,6686102.2],[354602.2,6686113.0]]]]}},{"type":"Feature","properties":{"fid":464.0,"code_qp":"QN04419I","lib_qp":"Le Sillon de Bretagne","insee_reg":"52","lib_reg":"Pays de la Loire","insee_dep":"44","lib_dep":"Loire-Atlantique","insee_com":"44162","lib_com":"Saint-Herblain","siren_epci":"244400404"},"geometry":{"type":"MultiPolygon","coordinates":[[[[351132.2,6692806.2],[351219.1,6692945.5],[351223.6,6692946.7],[351259.9,6692941.2],[351288.8,6692937.6],[351327.6,6692934.8],[351354.0,6692934.1],[351415.5,6692940.0],[351424.6,6692941.8],[351439.7,6692944.0],[351523.0,6692961.2],[351544.6,6692963.7],[351554.0,6692965.4],[351565.6,6692965.7],[351631.5,6692978.1],[351639.1,6692978.5],[351645.9,6692977.5],[351655.3,6692975.3],[351671.1,6692970.2],[351770.0,6692905.3],[351783.0,6692898.7],[351780.5,6692890.9],[351781.7,6692886.1],[351782.2,6692877.7],[351780.8,6692870.6],[351776.9,6692859.2],[351759.7,6692832.8],[351740.1,6692811.4],[351734.0,6692803.0],[351719.9,6692780.1],[351710.2,6692759.4],[351703.1,6692747.4],[351673.8,6692702.7],[351598.5,6692720.8],[351575.5,6692724.8],[351546.0,6692737.9],[351499.1,6692761.8],[351491.0,6692768.8],[351486.4,6692771.9],[351466.7,6692737.2],[351443.4,6692702.9],[351407.2,6692666.3],[351392.3,6692648.7],[351354.6,6692671.8],[351303.8,6692709.3],[351287.2,6692719.2],[351204.3,6692762.8],[351200.6,6692761.9],[351173.8,6692777.5],[351151.9,6692796.1],[351132.2,6692806.2]]]]}},{"type":"Feature","properties":{"fid":493.0,"code_qp":"QN04901M","lib_qp":"Belle Beille","insee_reg":"52","lib_reg":"Pays de la Loire","insee_dep":"49","lib_dep":"Maine-et-Loire","insee_com":"49007","lib_com":"Angers","siren_epci":"244900015"},"geometry":{"type":"MultiPolygon","coordinates":[[[[429267.6,6715031.2],[429305.3,6715047.7],[429362.1,6715069.9],[429405.8,6715084.1],[429433.7,6715089.3],[429522.1,6715051.8],[429604.0,6715016.6],[429626.4,6715098.2],[429631.6,6715096.2],[429691.4,6715080.4],[429754.7,6715052.7],[429784.8,6715052.9],[429820.9,6715027.7],[429889.6,6714991.3],[430030.3,6714937.0],[430058.7,6714914.0],[430078.6,6714918.9],[430143.5,6714896.6],[430162.4,6714882.3],[430189.3,6714876.4],[430215.7,6714856.1],[430253.3,6714834.6],[430277.2,6714780.4],[430286.3,6714751.1],[430293.4,6714705.1],[430255.5,6714667.6],[430245.7,6714635.0],[430240.7,6714575.7],[430232.9,6714564.3],[430231.9,6714543.1],[430215.8,6714514.9],[430200.0,6714511.0],[430207.7,6714490.4],[430221.2,6714470.9],[430229.5,6714458.7],[430230.0,6714443.3],[430230.7,6714430.4],[430252.8,6714427.1],[430284.9,6714422.3],[430323.7,6714423.2],[430380.8,6714423.3],[430395.6,6714422.8],[430406.5,6714409.9],[430391.4,6714401.7],[430392.9,6714393.9],[430397.2,6714368.4],[430356.9,6714362.6],[430352.3,6714391.2],[430349.3,6714395.0],[430336.4,6714397.6],[430321.9,6714392.1],[430286.7,6714375.0],[430267.0,6714371.6],[430229.8,6714368.9],[430153.2,6714368.5],[430125.5,6714369.6],[430109.9,6714377.7],[430089.3,6714376.5],[430064.0,6714374.4],[430064.0,6714352.2],[430061.7,6714348.9],[429980.5,6714350.0],[429988.5,6714399.7],[430062.9,6714407.2],[430055.0,6714415.6],[430049.0,6714422.7],[430012.2,6714479.9],[430001.1,6714490.7],[430000.4,6714514.1],[430036.7,6714506.5],[430065.2,6714500.2],[430070.8,6714535.8],[430062.5,6714538.3],[430054.3,6714541.6],[430022.8,6714546.4],[430028.3,6714556.7],[430051.9,6714612.3],[430033.2,6714622.9],[429999.8,6714646.1],[429958.3,6714675.2],[429956.5,6714680.1],[429959.5,6714708.1],[429952.3,6714730.7],[429944.4,6714747.2],[429929.1,6714720.2],[429918.0,6714692.0],[429893.8,6714642.0],[429918.9,6714627.1],[429948.3,6714604.2],[429956.0,6714597.7],[429869.9,6714514.4],[429851.1,6714527.8],[429820.1,6714500.5],[429814.0,6714504.3],[429763.8,6714459.5],[429751.7,6714450.4],[429738.6,6714448.6],[429708.0,6714450.0],[429708.9,6714467.4],[429690.9,6714480.1],[429680.6,6714486.2],[429672.4,6714491.7],[429653.1,6714503.2],[429654.8,6714503.1],[429685.8,6714533.5],[429716.5,6714564.2],[429769.6,6714616.3],[429771.5,6714630.0],[429822.6,6714677.0],[429834.9,6714672.0],[429836.8,6714675.7],[429847.4,6714702.3],[429855.0,6714723.1],[429720.9,6714774.6],[429653.3,6714801.1],[429618.1,6714815.3],[429584.2,6714828.8],[429581.1,6714822.6],[429487.3,6714860.6],[429401.8,6714894.1],[429401.5,6714882.6],[429396.0,6714843.2],[429430.5,6714829.7],[429450.7,6714821.3],[429429.6,6714768.0],[429409.3,6714776.0],[429393.1,6714734.9],[429358.1,6714748.4],[429347.3,6714752.6],[429309.9,6714766.9],[429296.3,6714729.5],[429296.3,6714728.6],[429218.0,6714756.5],[429174.7,6714637.7],[429112.0,6714663.5],[429091.3,6714609.5],[429064.7,6714531.9],[429068.0,6714529.5],[429081.1,6714521.0],[429090.1,6714511.6],[429097.1,6714502.3],[429103.5,6714496.8],[429182.0,6714468.0],[429262.1,6714436.3],[429267.6,6714445.4],[429319.8,6714580.1],[429358.2,6714562.5],[429375.4,6714598.3],[429344.0,6714616.8],[429382.7,6714683.6],[429430.9,6714656.0],[429433.6,6714645.4],[429431.7,6714636.8],[429426.2,6714635.5],[429430.5,6714629.3],[429444.0,6714612.5],[429459.8,6714601.2],[429411.6,6714533.9],[429477.4,6714481.4],[429503.1,6714460.6],[429544.4,6714458.1],[429545.5,6714449.4],[429627.3,6714447.8],[429627.5,6714392.1],[429635.2,6714391.7],[429681.8,6714391.4],[429681.8,6714389.4],[429689.9,6714389.4],[429689.5,6714372.2],[429700.2,6714373.2],[429700.4,6714269.0],[429660.7,6714269.1],[429660.2,6714310.4],[429585.8,6714310.6],[429586.1,6714392.2],[429545.1,6714392.9],[429545.0,6714326.6],[429545.1,6714293.8],[429545.1,6714270.1],[429628.1,6714268.8],[429629.9,6714216.6],[429628.5,6714211.4],[429651.5,6714205.9],[429683.0,6714199.2],[429722.2,6714190.3],[429732.9,6714190.0],[429740.7,6714192.2],[429752.7,6714199.6],[429767.3,6714211.0],[429779.8,6714219.7],[429790.5,6714223.0],[429803.8,6714223.5],[429808.8,6714222.2],[429813.0,6714220.8],[429824.5,6714211.9],[429891.4,6714211.7],[429897.0,6714211.8],[429897.2,6714217.4],[429918.5,6714216.2],[429919.2,6714226.0],[429937.2,6714225.0],[429938.2,6714235.2],[429958.4,6714233.5],[429958.1,6714227.8],[429957.7,6714219.1],[429956.9,6714209.3],[429955.4,6714177.0],[429945.6,6714177.4],[429943.5,6714147.1],[429809.5,6714156.6],[429806.4,6714110.8],[429785.7,6714113.3],[429782.6,6714076.3],[429802.6,6714073.9],[429880.5,6714071.6],[429887.2,6714069.9],[429912.0,6714030.8],[429926.9,6714014.4],[429883.9,6713978.8],[429808.4,6713928.4],[429787.5,6713988.4],[429777.8,6714057.3],[429778.0,6714081.9],[429779.7,6714113.3],[429736.7,6714116.8],[429707.7,6714117.5],[429705.7,6714058.0],[429705.2,6714049.1],[429694.3,6714049.1],[429694.1,6714045.0],[429677.5,6714047.1],[429671.3,6714053.9],[429671.8,6714077.3],[429642.4,6714077.9],[429639.4,6714119.8],[429520.8,6714121.4],[429490.9,6714125.0],[429461.8,6714129.4],[429417.6,6714136.2],[429372.0,6714143.0],[429371.5,6714135.5],[429355.8,6714005.2],[429340.0,6713874.4],[429275.4,6713873.9],[429216.8,6713873.4],[429216.4,6713914.3],[429210.3,6713950.8],[429206.1,6713966.6],[429212.9,6713986.7],[429226.0,6714054.3],[429227.7,6714066.7],[429234.4,6714161.3],[429303.0,6714152.1],[429315.8,6714176.6],[429325.9,6714209.1],[429333.1,6714225.7],[429344.0,6714231.8],[429361.3,6714233.8],[429370.9,6714255.9],[429374.2,6714268.8],[429449.4,6714268.7],[429450.0,6714342.0],[429447.1,6714343.8],[429437.0,6714349.9],[429439.9,6714354.8],[429438.6,6714359.3],[429464.6,6714394.3],[429363.5,6714467.8],[429339.9,6714437.5],[429326.3,6714422.3],[429296.0,6714392.2],[429248.9,6714350.0],[429226.1,6714326.0],[429209.9,6714309.2],[429199.5,6714294.8],[429194.0,6714287.2],[429191.2,6714268.1],[429061.3,6714267.3],[428957.7,6714269.0],[428966.0,6714340.9],[428973.4,6714397.4],[428981.9,6714460.8],[428996.2,6714546.2],[429007.3,6714597.3],[429024.4,6714650.8],[429070.3,6714777.4],[429074.4,6714796.6],[429081.5,6714810.7],[429088.3,6714833.3],[429105.6,6714868.7],[429120.5,6714893.4],[429137.8,6714917.7],[429153.9,6714937.5],[429176.5,6714963.6],[429199.6,6714985.1],[429242.9,6715016.1],[429267.6,6715031.2]]]]}},{"type":"Feature","properties":{"fid":494.0,"code_qp":"QN04902M","lib_qp":"Roseraie","insee_reg":"52","lib_reg":"Pays de la Loire","insee_dep":"49","lib_dep":"Maine-et-Loire","insee_com":"49007","lib_com":"Angers","siren_epci":"244900015"},"geometry":{"type":"MultiPolygon","coordinates":[[[[431452.5,6711769.5],[431547.2,6711694.4],[431578.6,6711668.2],[431648.5,6711614.0],[431692.5,6711671.3],[431737.8,6711636.7],[431752.1,6711655.4],[431756.5,6711661.2],[431812.7,6711619.3],[431835.9,6711602.0],[431891.8,6711561.0],[431905.8,6711550.0],[431888.4,6711529.6],[431873.5,6711513.0],[431843.9,6711483.1],[431852.5,6711476.8],[431782.8,6711387.4],[431768.5,6711398.0],[431685.4,6711295.0],[431708.0,6711277.8],[431734.0,6711258.1],[431781.6,6711314.6],[431814.6,6711288.6],[431816.2,6711290.8],[431840.9,6711270.6],[431826.1,6711251.5],[431862.5,6711251.5],[431862.5,6711292.6],[431904.2,6711293.2],[431904.7,6711298.1],[431910.6,6711298.2],[431910.5,6711309.6],[431942.1,6711309.9],[431943.3,6711281.8],[431950.7,6711285.7],[431969.2,6711291.8],[431987.9,6711296.8],[432015.9,6711196.5],[432031.6,6711156.7],[432046.3,6711119.1],[432058.2,6711084.7],[432103.7,6711094.4],[432106.4,6711167.1],[432111.2,6711222.5],[432115.7,6711296.0],[432143.2,6711293.7],[432165.2,6711292.5],[432173.4,6711292.4],[432230.6,6711303.8],[432217.0,6711371.3],[432138.3,6711396.7],[432114.0,6711445.1],[432151.1,6711463.7],[432212.0,6711494.1],[432255.9,6711413.2],[432267.7,6711390.8],[432248.8,6711372.1],[432246.7,6711309.1],[432261.2,6711310.0],[432280.3,6711313.6],[432280.2,6711320.5],[432293.7,6711320.4],[432294.8,6711323.5],[432304.8,6711324.3],[432307.2,6711304.8],[432308.8,6711304.2],[432399.4,6711312.3],[432396.5,6711227.0],[432363.7,6711226.3],[432369.6,6711137.0],[432343.3,6711139.3],[432334.9,6711149.6],[432320.5,6711148.0],[432296.6,6711149.2],[432295.9,6711170.3],[432277.2,6711169.5],[432275.4,6711202.8],[432150.7,6711174.4],[432140.2,6711157.0],[432150.9,6711102.7],[432152.4,6711103.7],[432173.6,6711051.1],[432154.7,6711029.2],[432153.7,6711006.6],[432133.0,6710998.6],[432127.4,6711054.8],[432097.0,6711056.5],[432097.6,6711052.0],[432076.2,6711053.8],[432062.2,6711036.7],[432053.1,6711025.6],[432048.4,6711028.5],[432024.7,6710999.2],[432041.0,6710974.9],[432052.4,6710936.9],[432060.6,6710858.6],[432063.4,6710840.5],[431885.9,6710822.4],[431789.8,6710808.4],[431707.2,6710817.2],[431632.8,6710839.8],[431612.1,6710866.3],[431608.4,6710868.7],[431605.4,6710869.6],[431598.7,6710870.7],[431585.2,6710872.8],[431556.4,6710886.1],[431524.1,6710906.3],[431505.1,6710919.2],[431421.7,6710976.6],[431371.9,6711012.0],[431346.8,6711029.1],[431309.3,6711058.2],[431248.3,6711102.6],[431219.5,6711123.9],[431252.9,6711163.0],[431222.3,6711170.6],[431135.2,6711239.7],[431099.7,6711267.1],[431105.3,6711285.5],[431124.7,6711332.5],[431134.7,6711357.5],[431154.6,6711398.4],[431169.4,6711432.9],[431201.1,6711505.4],[431235.3,6711478.4],[431262.5,6711457.5],[431296.7,6711501.0],[431341.2,6711556.2],[431302.3,6711586.4],[431127.5,6711742.1],[431236.2,6711891.4],[431299.1,6711837.1],[431321.9,6711809.8],[431314.5,6711797.6],[431340.0,6711780.5],[431364.7,6711767.9],[431412.6,6711787.5],[431418.2,6711786.1],[431445.7,6711758.8],[431452.5,6711769.5]]]]}},{"type":"Feature","properties":{"fid":495.0,"code_qp":"QN04903M","lib_qp":"Savary-Giran","insee_reg":"52","lib_reg":"Pays de la Loire","insee_dep":"49","lib_dep":"Maine-et-Loire","insee_com":"49007","lib_com":"Angers","siren_epci":"244900015"},"geometry":{"type":"MultiPolygon","coordinates":[[[[433246.8,6714248.7],[433253.8,6714257.9],[433257.4,6714260.3],[433228.8,6714318.8],[433232.7,6714326.4],[433261.4,6714354.4],[433266.0,6714360.5],[433270.0,6714366.9],[433301.9,6714348.0],[433287.8,6714326.6],[433283.0,6714307.9],[433295.5,6714299.9],[433276.1,6714260.6],[433302.1,6714223.9],[433324.1,6714199.1],[433336.6,6714188.2],[433350.2,6714183.5],[433426.6,6714177.6],[433431.4,6714171.6],[433445.3,6714154.1],[433445.8,6714150.4],[433453.3,6714143.1],[433461.6,6714129.9],[433462.5,6714123.4],[433463.3,6714114.3],[433493.5,6714115.7],[433496.3,6714086.0],[433500.7,6714079.9],[433468.1,6714082.5],[433463.2,6714075.8],[433483.0,6714063.9],[433488.0,6714060.8],[433496.7,6714048.0],[433462.4,6714023.5],[433454.8,6714017.6],[433430.5,6714001.7],[433371.1,6713960.4],[433315.6,6713943.6],[433318.9,6713936.1],[433327.3,6713924.3],[433319.4,6713914.3],[433294.8,6713935.2],[433189.7,6713894.7],[433188.6,6713901.9],[433248.3,6714017.3],[433267.7,6714048.1],[433303.1,6714105.0],[433303.1,6714114.0],[433326.5,6714158.8],[433327.4,6714161.1],[433295.7,6714198.1],[433293.9,6714196.5],[433291.6,6714193.1],[433268.6,6714221.3],[433260.7,6714231.8],[433258.0,6714232.7],[433254.0,6714233.1],[433249.4,6714235.0],[433246.2,6714238.3],[433245.5,6714244.6],[433246.8,6714248.7]]]]}},{"type":"Feature","properties":{"fid":496.0,"code_qp":"QN04904M","lib_qp":"Grand Pigeon","insee_reg":"52","lib_reg":"Pays de la Loire","insee_dep":"49","lib_dep":"Maine-et-Loire","insee_com":"49007","lib_com":"Angers","siren_epci":"244900015"},"geometry":{"type":"MultiPolygon","coordinates":[[[[434045.8,6713882.0],[433999.0,6713900.4],[434057.4,6714045.4],[434086.2,6714030.2],[434105.2,6714060.3],[434087.8,6714069.8],[434106.2,6714107.6],[434009.9,6714167.9],[434031.8,6714206.1],[434056.5,6714193.8],[434058.8,6714193.5],[434063.7,6714207.8],[434062.2,6714211.8],[434080.4,6714252.6],[434054.7,6714310.3],[434103.0,6714330.0],[434149.7,6714350.0],[434174.9,6714361.9],[434185.8,6714366.9],[434249.8,6714394.1],[434356.6,6714444.3],[434351.9,6714390.1],[434351.7,6714370.8],[434350.5,6714360.2],[434319.1,6714295.6],[434407.1,6714257.1],[434410.5,6714252.8],[434414.8,6714216.3],[434476.2,6714223.1],[434475.3,6714238.2],[434499.2,6714261.4],[434514.2,6714275.1],[434516.5,6714283.2],[434517.6,6714295.2],[434511.4,6714308.8],[434487.3,6714295.6],[434481.5,6714310.9],[434465.3,6714346.9],[434449.1,6714339.7],[434438.5,6714362.1],[434510.9,6714390.6],[434580.9,6714419.6],[434682.5,6714470.6],[434699.2,6714428.7],[434711.7,6714406.9],[434701.2,6714293.9],[434689.8,6714219.9],[434688.1,6714202.4],[434633.4,6714210.8],[434578.3,6714219.9],[434548.6,6714221.2],[434480.7,6714219.2],[434473.0,6714217.6],[434462.8,6714215.8],[434453.3,6714214.6],[434275.3,6714199.8],[434206.4,6714045.4],[434195.1,6714024.2],[434170.1,6713959.2],[434144.3,6713898.5],[434131.3,6713904.4],[434096.1,6713914.9],[434088.7,6713917.7],[434063.7,6713925.9],[434045.8,6713882.0]]]]}},{"type":"Feature","properties":{"fid":497.0,"code_qp":"QN04905M","lib_qp":"Monplaisir","insee_reg":"52","lib_reg":"Pays de la Loire","insee_dep":"49","lib_dep":"Maine-et-Loire","insee_com":"49007","lib_com":"Angers","siren_epci":"244900015"},"geometry":{"type":"MultiPolygon","coordinates":[[[[433829.2,6715726.7],[433846.9,6715730.6],[433853.2,6715711.1],[433862.9,6715699.7],[433867.8,6715665.9],[433879.8,6715667.7],[433881.0,6715670.6],[433898.3,6715657.8],[433913.2,6715681.4],[433942.9,6715665.0],[433952.2,6715681.0],[433965.5,6715705.3],[433971.4,6715702.3],[434001.9,6715754.4],[434066.7,6715720.9],[434142.0,6715684.3],[434156.2,6715716.2],[434161.5,6715728.1],[434172.6,6715755.6],[434189.4,6715788.9],[434205.7,6715814.4],[434218.4,6715832.6],[434240.6,6715859.1],[434260.1,6715887.4],[434268.5,6715902.4],[434287.1,6715945.8],[434305.0,6715983.0],[434312.0,6716000.3],[434326.1,6716033.9],[434390.3,6716010.1],[434510.2,6715969.9],[434687.4,6715918.4],[434737.9,6715907.5],[434759.3,6715904.6],[434768.7,6715902.1],[434796.6,6715897.0],[434847.7,6715883.4],[434848.8,6715850.3],[434843.7,6715841.2],[434804.9,6715802.8],[434783.5,6715780.5],[434756.1,6715790.4],[434736.1,6715739.4],[434689.8,6715737.9],[434689.8,6715712.1],[434634.0,6715710.1],[434635.7,6715644.1],[434660.9,6715645.0],[434663.1,6715616.4],[434701.4,6715618.2],[434711.9,6715618.7],[434750.1,6715619.5],[434750.2,6715576.0],[434749.7,6715566.0],[434750.5,6715559.9],[434750.9,6715546.9],[434736.8,6715508.9],[434747.2,6715514.9],[434763.4,6715515.4],[434771.4,6715518.7],[434827.9,6715521.3],[434829.2,6715587.7],[434830.8,6715620.0],[434888.0,6715626.6],[434920.1,6715598.7],[434936.2,6715611.8],[434960.9,6715630.5],[434976.6,6715638.4],[434993.8,6715651.5],[435010.5,6715671.6],[435011.2,6715679.8],[435030.0,6715693.2],[435070.2,6715696.2],[435109.1,6715671.7],[435123.6,6715663.8],[435136.6,6715657.1],[435173.2,6715706.7],[435186.6,6715699.1],[435244.8,6715780.9],[435285.7,6715838.6],[435419.0,6715854.7],[435439.2,6715835.8],[435347.4,6715689.7],[435371.1,6715677.4],[435393.9,6715709.4],[435408.2,6715702.0],[435456.1,6715765.0],[435548.7,6715700.8],[435501.2,6715634.9],[435496.6,6715629.7],[435508.4,6715618.6],[435516.6,6715611.4],[435476.6,6715550.3],[435461.2,6715557.9],[435412.8,6715490.3],[435382.5,6715540.8],[435359.9,6715567.5],[435320.8,6715605.1],[435298.6,6715624.8],[435198.9,6715690.4],[435167.6,6715642.4],[435161.7,6715631.7],[435147.9,6715590.0],[435131.6,6715539.3],[435122.7,6715510.9],[435118.9,6715499.1],[435114.9,6715487.3],[435102.9,6715449.5],[435093.4,6715421.5],[435080.8,6715385.2],[435023.5,6715405.4],[435017.9,6715407.4],[435018.7,6715422.1],[434975.0,6715420.1],[434941.9,6715423.3],[434860.7,6715463.6],[434852.1,6715460.3],[434835.1,6715197.1],[434923.0,6715190.3],[434922.8,6715163.3],[434946.9,6715152.5],[434921.4,6715114.3],[434947.4,6715076.0],[434883.9,6715032.9],[434875.8,6715043.2],[434857.5,6715059.3],[434843.2,6715069.2],[434828.4,6715075.2],[434818.1,6715078.7],[434734.5,6715120.7],[434667.9,6715158.2],[434632.8,6715159.4],[434499.9,6715154.7],[434501.5,6715071.7],[434499.0,6715063.0],[434477.6,6715071.2],[434431.5,6715058.9],[434380.8,6715058.9],[434372.8,6715062.0],[434368.1,6715052.4],[434304.2,6715082.7],[434329.9,6715135.8],[434353.2,6715187.4],[434301.8,6715224.0],[434278.0,6715240.7],[434272.8,6715227.9],[434265.2,6715210.9],[434261.3,6715211.9],[434240.7,6715220.7],[434229.2,6715224.6],[434200.2,6715235.4],[434123.9,6715262.8],[434051.7,6715289.2],[434056.9,6715294.9],[434020.7,6715304.0],[433987.4,6715313.9],[433860.0,6715392.3],[433907.0,6715475.6],[434023.8,6715422.3],[434167.5,6715319.6],[434226.1,6715278.3],[434282.2,6715250.4],[434300.3,6715294.9],[434248.5,6715320.0],[434197.2,6715338.3],[434184.9,6715346.6],[434176.2,6715356.7],[434145.9,6715394.6],[434168.6,6715397.6],[434169.1,6715441.9],[434184.3,6715472.9],[434216.8,6715457.7],[434267.0,6715456.4],[434268.4,6715476.7],[434218.6,6715477.5],[434197.2,6715485.5],[434186.8,6715485.1],[434182.4,6715482.9],[434152.1,6715497.0],[434156.2,6715505.3],[434183.5,6715549.9],[434184.3,6715566.9],[434184.4,6715580.6],[434240.9,6715582.2],[434240.5,6715587.4],[434239.3,6715616.1],[434109.3,6715613.4],[434102.6,6715598.8],[434022.1,6715639.3],[434008.3,6715636.7],[433995.7,6715611.9],[433985.8,6715595.7],[433981.7,6715593.9],[433976.3,6715592.1],[433927.9,6715512.3],[433909.9,6715480.2],[433883.4,6715491.6],[433847.1,6715502.0],[433828.5,6715507.6],[433752.9,6715522.2],[433716.0,6715529.3],[433741.2,6715610.4],[433736.1,6715615.5],[433709.6,6715663.9],[433774.5,6715701.3],[433790.8,6715709.6],[433803.1,6715718.0],[433821.2,6715732.1],[433829.2,6715726.7]]]]}},{"type":"Feature","properties":{"fid":498.0,"code_qp":"QN04906M","lib_qp":"Hauts de Saint Aubin","insee_reg":"52","lib_reg":"Pays de la Loire","insee_dep":"49","lib_dep":"Maine-et-Loire","insee_com":"49007","lib_com":"Angers","siren_epci":"244900015"},"geometry":{"type":"MultiPolygon","coordinates":[[[[432037.4,6715987.8],[432033.5,6715973.1],[432031.6,6715962.9],[432028.5,6715948.5],[432023.5,6715924.9],[432021.6,6715918.0],[432005.7,6715923.6],[431947.5,6715943.4],[431906.9,6715952.5],[431896.4,6715954.9],[431865.4,6715962.0],[431819.4,6715972.2],[431795.9,6715978.9],[431775.6,6715984.9],[431754.5,6715992.4],[431743.1,6715997.7],[431735.9,6716003.5],[431724.2,6716011.9],[431717.2,6716022.2],[431718.6,6715999.0],[431717.2,6715995.3],[431717.1,6715960.7],[431718.9,6715959.9],[431719.1,6715957.7],[431700.7,6715957.0],[431703.4,6715922.4],[431720.0,6715919.5],[431727.6,6715918.6],[431740.6,6715917.0],[431746.9,6715915.5],[431742.2,6715898.8],[431727.5,6715847.1],[431734.5,6715845.9],[431782.2,6715834.8],[431777.8,6715802.8],[431756.1,6715640.8],[431691.8,6715678.6],[431654.8,6715693.2],[431666.5,6715748.2],[431653.0,6715750.6],[431648.7,6715731.5],[431609.1,6715742.9],[431570.4,6715761.5],[431589.8,6715912.9],[431592.1,6715930.8],[431593.4,6715957.0],[431586.4,6715987.8],[431551.5,6715972.1],[431505.9,6715806.2],[431468.6,6715814.2],[431457.4,6715766.7],[431447.1,6715768.6],[431453.7,6715795.9],[431414.3,6715817.1],[431439.9,6715921.7],[431584.6,6715990.6],[431568.0,6716027.5],[431579.1,6716035.6],[431584.3,6716038.1],[431581.1,6716046.1],[431577.1,6716052.4],[431572.8,6716059.8],[431569.1,6716097.8],[431565.9,6716104.2],[431541.3,6716104.0],[431474.7,6716107.3],[431432.4,6716108.5],[431432.6,6716167.3],[431445.7,6716173.3],[431459.5,6716180.2],[431481.8,6716138.0],[431508.6,6716150.3],[431523.8,6716157.0],[431523.2,6716173.8],[431507.9,6716166.2],[431492.7,6716195.3],[431465.2,6716184.0],[431446.5,6716222.8],[431448.2,6716239.0],[431451.4,6716252.5],[431447.2,6716260.6],[431448.4,6716267.3],[431452.4,6716301.3],[431530.1,6716290.2],[431593.3,6716283.4],[431636.3,6716276.3],[431635.5,6716266.5],[431651.7,6716191.2],[431627.5,6716182.6],[431607.2,6716182.4],[431582.1,6716180.9],[431569.0,6716179.5],[431569.0,6716165.4],[431563.4,6716165.5],[431569.0,6716107.9],[431570.2,6716104.9],[431604.1,6716050.2],[431680.1,6716090.9],[431687.1,6716077.7],[431703.7,6716047.0],[431713.9,6716049.9],[431779.9,6716058.9],[431800.3,6716061.9],[431812.4,6716062.0],[431826.7,6716062.2],[431828.1,6716118.6],[431883.8,6716110.7],[431892.6,6716189.0],[431898.5,6716251.6],[431962.3,6716242.8],[431971.2,6716325.7],[431905.9,6716332.9],[431911.7,6716391.7],[431982.6,6716383.1],[432061.8,6716369.1],[432051.2,6716320.0],[431972.6,6716324.8],[431965.9,6716259.1],[432030.0,6716253.9],[432027.7,6716236.3],[432125.6,6716232.4],[432107.6,6716176.2],[432088.5,6716182.1],[431960.6,6716185.2],[431956.5,6716099.5],[431893.4,6716106.7],[431882.9,6716108.3],[431882.1,6716095.9],[431885.0,6716079.9],[431880.2,6716068.1],[431831.7,6716073.9],[431829.1,6716072.7],[431828.5,6716054.8],[431827.9,6716049.4],[431824.9,6716014.1],[431835.3,6716014.3],[431850.8,6716014.2],[431851.2,6716020.9],[431882.7,6716019.1],[431884.5,6716025.1],[431887.1,6716033.4],[431960.3,6716028.9],[432026.6,6716024.1],[432048.6,6716022.3],[432041.6,6716000.3],[432037.4,6715987.8]]]]}},{"type":"Feature","properties":{"fid":499.0,"code_qp":"QN04907M","lib_qp":"Bédier Beauval Morellerie","insee_reg":"52","lib_reg":"Pays de la Loire","insee_dep":"49","lib_dep":"Maine-et-Loire","insee_com":"49007","lib_com":"Angers","siren_epci":"244900015"},"geometry":{"type":"MultiPolygon","coordinates":[[[[432860.1,6711897.8],[432895.6,6711936.3],[432915.5,6711919.2],[432940.4,6711880.6],[432942.9,6711878.6],[432959.1,6711848.8],[432974.0,6711790.2],[433022.7,6711807.8],[433094.7,6711825.4],[433111.1,6711831.5],[433118.0,6711838.3],[433124.5,6711853.1],[433142.8,6711899.0],[433145.6,6711906.6],[433144.5,6711919.0],[433130.5,6711957.1],[433128.6,6711959.6],[433068.2,6712016.5],[433140.3,6712119.0],[433182.3,6712037.9],[433242.1,6711900.1],[433263.6,6711842.9],[433280.3,6711796.2],[433222.1,6711774.3],[433056.5,6711731.8],[432983.4,6711716.2],[432809.6,6711675.7],[432652.2,6711637.0],[432618.9,6711632.0],[432611.9,6711645.7],[432598.3,6711653.3],[432569.0,6711672.9],[432542.3,6711691.4],[432479.3,6711741.4],[432448.4,6711769.3],[432492.3,6711824.6],[432453.6,6711859.2],[432432.3,6711879.8],[432424.0,6711906.2],[432445.5,6711913.4],[432467.1,6711921.0],[432441.4,6711999.2],[432543.7,6712034.7],[432565.2,6712010.7],[432582.0,6711994.7],[432589.7,6711985.0],[432594.5,6711979.8],[432585.1,6711971.5],[432591.0,6711965.3],[432597.3,6711960.3],[432597.8,6711958.6],[432629.6,6711928.7],[432656.5,6711911.5],[432638.0,6711881.5],[432646.9,6711874.7],[432653.9,6711869.9],[432664.1,6711863.1],[432676.0,6711859.8],[432685.3,6711857.5],[432673.1,6711809.4],[432659.7,6711814.4],[432620.4,6711834.3],[432616.3,6711830.3],[432585.9,6711787.4],[432570.4,6711765.9],[432555.8,6711748.7],[432579.4,6711730.6],[432603.2,6711718.3],[432620.1,6711711.1],[432647.3,6711701.1],[432648.7,6711709.3],[432654.8,6711707.0],[432689.0,6711692.0],[432696.9,6711692.5],[432721.3,6711698.4],[432725.6,6711698.9],[432733.5,6711695.8],[432739.9,6711725.1],[432745.0,6711731.4],[432690.2,6711753.4],[432698.0,6711772.9],[432763.2,6711752.0],[432782.8,6711754.5],[432781.4,6711772.0],[432782.6,6711776.6],[432782.1,6711781.2],[432779.8,6711810.3],[432776.0,6711901.4],[432825.6,6711900.6],[432860.1,6711897.8]]]]}},{"type":"Feature","properties":{"fid":500.0,"code_qp":"QN04908M","lib_qp":"Le Grand Bellevue","insee_reg":"52","lib_reg":"Pays de la Loire","insee_dep":"49","lib_dep":"Maine-et-Loire","insee_com":"49353","lib_com":"Trélazé","siren_epci":"244900015"},"geometry":{"type":"MultiPolygon","coordinates":[[[[435963.2,6711557.7],[435963.2,6711549.7],[435968.6,6711541.5],[435962.0,6711507.1],[436037.8,6711493.4],[436053.1,6711490.7],[436064.1,6711550.6],[436101.9,6711549.2],[436115.5,6711581.6],[436132.6,6711574.7],[436137.3,6711578.4],[436160.2,6711570.5],[436150.2,6711541.1],[436171.0,6711533.6],[436163.4,6711509.4],[436154.5,6711512.1],[436151.5,6711506.2],[436130.5,6711512.6],[436129.0,6711507.1],[436151.0,6711500.3],[436159.0,6711498.0],[436192.0,6711492.3],[436234.9,6711489.5],[436201.0,6711333.9],[436199.3,6711326.6],[436191.8,6711318.3],[436229.1,6711253.9],[436236.6,6711274.4],[436237.5,6711278.9],[436238.5,6711282.4],[436254.6,6711354.4],[436281.9,6711346.7],[436285.1,6711358.1],[436369.0,6711404.7],[436399.9,6711367.8],[436432.8,6711341.0],[436464.6,6711294.9],[436511.4,6711229.5],[436553.3,6711164.7],[436521.0,6711133.6],[436488.4,6711064.7],[436509.6,6711057.7],[436464.2,6710963.6],[436415.8,6710981.6],[436400.6,6710954.4],[436396.6,6710946.9],[436396.3,6710940.7],[436403.8,6710933.3],[436397.9,6710923.4],[436373.9,6710935.6],[436358.8,6710901.3],[436379.5,6710892.1],[436360.9,6710853.0],[436353.7,6710823.4],[436309.7,6710857.6],[436294.6,6710857.4],[436276.0,6710838.9],[436267.8,6710817.1],[436261.0,6710813.1],[436252.7,6710813.1],[436244.9,6710817.8],[436239.2,6710824.1],[436188.8,6710846.4],[436223.6,6710916.8],[436207.9,6710926.0],[436198.8,6710932.1],[436194.1,6710940.7],[436209.1,6710953.2],[436213.6,6710968.7],[436271.5,6711106.5],[436276.6,6711111.5],[436288.7,6711129.6],[436277.8,6711164.1],[436257.4,6711194.0],[436232.4,6711237.4],[436203.6,6711288.2],[436196.0,6711285.7],[436181.1,6711226.3],[436157.7,6711167.2],[436128.5,6711100.2],[436096.4,6711113.3],[436147.5,6711232.2],[436140.7,6711235.1],[436123.2,6711212.0],[436116.9,6711210.9],[436109.0,6711213.8],[436043.8,6711234.4],[436007.6,6711165.8],[435956.9,6711190.2],[435946.5,6711214.0],[435972.4,6711227.6],[435994.7,6711246.4],[435962.5,6711257.3],[435963.5,6711265.7],[435921.6,6711275.3],[435884.2,6711286.7],[435911.8,6711424.8],[435915.9,6711446.7],[435793.5,6711471.8],[435778.0,6711485.3],[435765.3,6711497.3],[435780.4,6711525.5],[435801.6,6711515.6],[435835.1,6711505.9],[435846.9,6711573.6],[435882.1,6711569.0],[435921.9,6711562.6],[435944.7,6711558.9],[435963.2,6711557.7]]]]}},{"type":"Feature","properties":{"fid":501.0,"code_qp":"QN04909M","lib_qp":"Bretagne Bostangis","insee_reg":"52","lib_reg":"Pays de la Loire","insee_dep":"49","lib_dep":"Maine-et-Loire","insee_com":"49099","lib_com":"Cholet","siren_epci":"200071678"},"geometry":{"type":"MultiPolygon","coordinates":[[[[404264.6,6670149.9],[404274.4,6670154.5],[404285.9,6670156.8],[404302.4,6670158.4],[404320.3,6670159.9],[404322.1,6670184.9],[404359.0,6670199.9],[404366.8,6670202.1],[404388.1,6670206.3],[404414.7,6670208.0],[404427.2,6670196.4],[404434.4,6670137.3],[404433.4,6670121.2],[404436.0,6670115.2],[404435.9,6670099.5],[404427.9,6670074.3],[404413.5,6670034.2],[404406.2,6670013.2],[404396.1,6669975.6],[404425.7,6669953.4],[404495.5,6669917.3],[404545.9,6669895.0],[404559.1,6669888.6],[404573.0,6669879.5],[404587.0,6669867.2],[404600.5,6669847.5],[404612.7,6669817.6],[404619.4,6669801.1],[404635.0,6669758.8],[404629.3,6669756.7],[404552.8,6669764.8],[404537.3,6669765.0],[404534.4,6669737.1],[404535.8,6669721.3],[404525.8,6669719.9],[404449.9,6669719.3],[404431.1,6669719.0],[404433.8,6669674.0],[404384.2,6669675.6],[404385.3,6669632.2],[404387.5,6669592.3],[404389.1,6669557.3],[404372.5,6669554.2],[404364.4,6669597.2],[404344.6,6669593.0],[404346.5,6669645.9],[404347.7,6669669.0],[404328.2,6669677.9],[404338.0,6669716.4],[404328.5,6669717.9],[404298.3,6669721.9],[404264.5,6669724.5],[404249.3,6669731.5],[404222.6,6669754.3],[404202.9,6669812.7],[404190.3,6669829.5],[404174.4,6669844.8],[404160.8,6669851.8],[404145.8,6669856.0],[404132.8,6669857.8],[404112.7,6669856.8],[404058.4,6669840.3],[404034.0,6669842.8],[404001.2,6669852.5],[403970.2,6669860.9],[403987.5,6669917.2],[404006.6,6669921.8],[403993.9,6669948.9],[404032.4,6669986.6],[404066.5,6670018.7],[404132.5,6670084.8],[404161.6,6670049.8],[404205.8,6670095.5],[404244.8,6670133.6],[404255.8,6670144.6],[404264.6,6670149.9]]]]}},{"type":"Feature","properties":{"fid":502.0,"code_qp":"QN04910M","lib_qp":"Jean Monnet","insee_reg":"52","lib_reg":"Pays de la Loire","insee_dep":"49","lib_dep":"Maine-et-Loire","insee_com":"49099","lib_com":"Cholet","siren_epci":"200071678"},"geometry":{"type":"MultiPolygon","coordinates":[[[[404660.9,6668017.1],[404850.0,6668213.7],[404964.7,6668211.0],[404996.1,6668181.0],[404973.5,6668152.6],[404989.4,6668125.9],[404994.2,6668130.3],[405019.3,6668086.6],[405026.8,6668076.2],[405034.9,6668068.0],[405041.2,6668072.8],[405044.3,6668071.0],[405059.0,6668117.5],[405062.0,6668119.3],[405062.7,6668128.6],[405066.5,6668133.2],[405079.7,6668150.6],[405101.1,6668175.4],[405103.5,6668179.5],[405128.8,6668177.4],[405137.0,6668175.8],[405141.2,6668179.4],[405145.8,6668184.1],[405167.3,6668179.0],[405152.4,6668045.4],[405138.3,6667969.5],[405172.2,6667964.8],[405224.9,6667956.2],[405436.0,6667828.0],[405432.4,6667707.0],[405430.6,6667694.5],[405446.4,6667684.6],[405486.5,6667692.7],[405521.5,6667612.7],[405520.2,6667601.5],[405443.7,6667566.5],[405432.9,6667585.1],[405427.7,6667616.2],[405427.2,6667686.7],[405175.1,6667678.0],[405127.9,6667676.3],[405129.2,6667621.3],[405142.7,6667614.5],[405291.2,6667496.4],[405262.5,6667474.8],[405210.6,6667465.7],[405129.7,6667458.4],[405114.0,6667678.0],[404801.1,6667690.8],[404802.7,6667691.8],[404777.7,6667708.6],[404757.9,6667726.6],[404638.7,6667852.7],[404722.1,6667930.8],[404660.9,6668017.1]]]]}},{"type":"Feature","properties":{"fid":503.0,"code_qp":"QN04911M","lib_qp":"Favreau Les Mauges","insee_reg":"52","lib_reg":"Pays de la Loire","insee_dep":"49","lib_dep":"Maine-et-Loire","insee_com":"49099","lib_com":"Cholet","siren_epci":"200071678"},"geometry":{"type":"MultiPolygon","coordinates":[[[[406442.8,6668968.9],[406412.4,6668958.0],[406399.3,6668993.3],[406376.9,6669060.4],[406386.3,6669065.7],[406407.9,6669016.8],[406424.5,6669035.0],[406448.3,6669064.3],[406496.5,6669034.7],[406512.3,6669054.6],[406543.0,6669093.6],[406546.4,6669097.7],[406535.2,6669104.3],[406494.0,6669142.2],[406506.5,6669168.4],[406513.1,6669178.8],[406513.0,6669179.7],[406576.2,6669138.0],[406602.8,6669175.4],[406679.2,6669122.5],[406674.1,6669113.1],[406741.1,6669061.1],[406754.3,6669053.0],[406721.8,6669007.2],[406803.1,6668978.8],[406818.8,6668969.8],[406829.4,6668963.6],[406911.0,6668929.1],[406945.9,6668915.6],[406967.8,6668916.2],[406981.4,6668910.3],[407009.3,6668900.6],[407012.0,6668875.0],[407016.6,6668861.1],[407014.2,6668848.3],[407008.5,6668834.5],[406997.7,6668815.7],[406983.7,6668805.9],[406966.2,6668798.9],[406929.3,6668786.6],[406915.4,6668780.3],[406905.0,6668767.6],[406896.1,6668756.3],[406891.3,6668741.6],[406622.7,6668646.1],[406611.1,6668689.4],[406565.5,6668775.8],[406550.1,6668806.8],[406609.9,6668859.6],[406626.8,6668846.8],[406635.5,6668865.4],[406659.3,6668908.7],[406496.6,6669020.7],[406470.8,6668984.0],[406442.8,6668968.9]]]]}},{"type":"Feature","properties":{"fid":504.0,"code_qp":"QN04912M","lib_qp":"Colline Villeneuve","insee_reg":"52","lib_reg":"Pays de la Loire","insee_dep":"49","lib_dep":"Maine-et-Loire","insee_com":"49099","lib_com":"Cholet","siren_epci":"200071678"},"geometry":{"type":"MultiPolygon","coordinates":[[[[404219.8,6668248.1],[404295.8,6668048.6],[404280.2,6668041.7],[404207.1,6668007.2],[404142.4,6667976.3],[404141.6,6667926.0],[404138.4,6667860.1],[404141.4,6667769.8],[404060.7,6667752.7],[404053.5,6667747.0],[404049.6,6667726.6],[404040.7,6667703.2],[404031.4,6667676.9],[404019.3,6667662.4],[404001.3,6667670.5],[403949.5,6667672.6],[403937.7,6667663.8],[403932.1,6667605.4],[403892.5,6667589.5],[403858.1,6667578.4],[403845.1,6667601.2],[403851.2,6667618.3],[403874.5,6667679.8],[403875.5,6667690.0],[403872.3,6667705.7],[403875.2,6667724.2],[403860.2,6667749.2],[403920.3,6667785.3],[403919.9,6667785.9],[403921.8,6667784.7],[403914.1,6667811.2],[403912.6,6667821.5],[403916.4,6667834.3],[403923.2,6667853.7],[403930.8,6667863.5],[403940.3,6667872.7],[403961.6,6667890.4],[403998.2,6667909.9],[404005.9,6667918.9],[404015.1,6667927.4],[404022.2,6667936.2],[404008.0,6667948.4],[404028.5,6667988.8],[404093.5,6668019.6],[404117.0,6668028.2],[404113.7,6668043.4],[404107.1,6668064.6],[404040.9,6668097.6],[404044.4,6668121.1],[404036.6,6668144.3],[404105.0,6668171.2],[404104.9,6668176.5],[404016.7,6668413.7],[404011.2,6668437.4],[404012.0,6668457.8],[404014.5,6668465.5],[404011.4,6668554.9],[404004.6,6668576.9],[404000.7,6668580.2],[404009.0,6668583.9],[404017.3,6668591.7],[404018.6,6668590.1],[404033.1,6668594.9],[404068.9,6668607.9],[404093.3,6668632.6],[404145.9,6668652.2],[404200.5,6668674.0],[404223.1,6668583.2],[404216.1,6668561.8],[404237.2,6668543.7],[404241.8,6668529.9],[404198.9,6668513.1],[404128.2,6668487.1],[404219.8,6668248.1]]]]}},{"type":"Feature","properties":{"fid":505.0,"code_qp":"QN04913M","lib_qp":"Chemin Vert - Hauts Quartiers","insee_reg":"52","lib_reg":"Pays de la Loire","insee_dep":"49","lib_dep":"Maine-et-Loire","insee_com":"49328","lib_com":"Saumur","siren_epci":"200071876"},"geometry":{"type":"MultiPolygon","coordinates":[[[[467596.1,6687194.7],[467572.2,6687258.8],[467554.9,6687308.5],[467451.4,6687277.2],[467407.4,6687410.3],[467408.4,6687428.1],[467417.2,6687445.3],[467464.1,6687427.2],[467509.8,6687406.6],[467554.6,6687374.0],[467560.4,6687378.8],[467561.9,6687385.5],[467581.6,6687388.2],[467620.4,6687396.2],[467594.7,6687439.7],[467590.2,6687449.5],[467585.6,6687462.9],[467582.2,6687480.2],[467575.8,6687502.2],[467572.2,6687509.0],[467571.2,6687514.4],[467543.5,6687508.0],[467535.0,6687560.4],[467482.1,6687549.5],[467479.7,6687572.1],[467481.8,6687580.4],[467470.6,6687582.5],[467459.6,6687575.7],[467435.9,6687622.3],[467394.5,6687682.3],[467342.9,6687754.5],[467333.1,6687753.6],[467317.0,6687762.0],[467302.8,6687758.3],[467299.2,6687744.5],[467300.5,6687692.9],[467254.0,6687695.6],[467250.1,6687662.5],[467302.1,6687657.2],[467304.4,6687591.0],[467289.6,6687591.8],[467271.9,6687593.4],[467271.5,6687586.1],[467258.5,6687587.5],[467251.3,6687563.1],[467246.8,6687505.2],[467299.5,6687501.0],[467300.7,6687496.9],[467306.1,6687492.3],[467307.6,6687429.1],[467307.4,6687401.4],[467341.9,6687403.4],[467365.8,6687229.3],[467362.7,6687154.0],[467475.5,6687155.5],[467478.2,6687121.6],[467474.8,6687110.4],[467476.9,6687090.4],[467591.0,6687091.3],[467588.5,6687101.1],[467628.4,6687101.8],[467652.2,6687002.8],[467657.8,6686928.3],[467658.7,6686924.6],[467630.8,6686919.5],[467611.2,6686921.8],[467601.8,6686925.4],[467485.0,6686931.1],[467469.9,6686935.3],[467463.8,6686817.8],[467472.2,6686725.6],[467475.3,6686598.3],[467349.8,6686596.7],[467349.0,6686596.8],[467347.3,6686596.6],[467345.2,6686597.2],[467344.6,6686586.8],[467345.2,6686497.4],[467344.6,6686445.8],[467345.2,6686406.5],[467241.8,6686412.1],[467147.8,6686584.3],[467124.2,6686639.7],[467164.8,6686638.6],[467165.8,6686644.4],[467236.4,6686638.5],[467243.4,6686719.7],[467258.8,6686874.0],[467268.7,6686950.8],[467249.2,6686963.4],[467250.2,6686975.8],[467236.3,6686988.4],[467222.7,6686994.4],[467180.9,6686997.9],[467132.3,6687004.1],[467110.9,6687020.8],[467120.8,6687121.5],[467134.0,6687254.1],[467143.4,6687355.1],[467156.1,6687491.3],[467166.9,6687596.9],[467174.1,6687668.7],[467178.3,6687773.6],[467159.6,6687871.3],[467101.2,6687945.3],[467170.9,6687977.7],[467224.7,6688009.4],[467219.0,6688014.1],[467250.7,6688037.8],[467263.8,6688029.0],[467282.7,6688018.9],[467302.9,6688010.5],[467299.2,6687959.7],[467294.0,6687934.2],[467258.2,6687933.0],[467262.8,6687907.7],[467279.5,6687839.0],[467308.6,6687845.7],[467311.6,6687815.9],[467310.1,6687785.3],[467327.0,6687776.1],[467336.5,6687771.9],[467414.2,6687784.5],[467428.8,6687699.7],[467443.7,6687708.6],[467450.8,6687690.3],[467461.6,6687689.1],[467463.6,6687641.8],[467482.0,6687635.7],[467484.8,6687632.7],[467500.1,6687696.5],[467498.4,6687719.8],[467497.6,6687727.2],[467511.7,6687732.0],[467520.8,6687733.2],[467520.0,6687737.0],[467515.6,6687757.2],[467523.5,6687759.9],[467517.8,6687783.1],[467520.6,6687784.8],[467516.2,6687807.4],[467518.4,6687807.8],[467537.1,6687914.0],[467571.7,6687901.3],[467567.5,6687887.3],[467557.9,6687824.2],[467553.6,6687793.4],[467556.2,6687768.4],[467566.7,6687746.9],[467575.3,6687734.8],[467604.4,6687701.5],[467627.6,6687659.2],[467659.7,6687596.6],[467680.5,6687574.1],[467701.0,6687554.1],[467717.3,6687538.9],[467737.9,6687528.9],[467784.8,6687555.1],[467773.6,6687585.3],[467805.6,6687584.8],[467848.0,6687577.8],[467849.1,6687599.7],[467925.4,6687593.0],[467927.3,6687618.4],[467955.8,6687617.6],[467951.5,6687587.3],[468008.6,6687580.9],[468012.4,6687644.9],[468012.3,6687677.1],[468012.1,6687755.2],[468004.7,6687759.4],[468003.1,6687766.0],[467978.3,6687770.3],[467966.0,6687772.1],[467943.3,6687780.9],[467916.1,6687790.7],[467854.0,6687818.0],[467823.0,6687821.2],[467810.1,6687889.9],[467824.7,6687887.7],[467830.6,6687885.5],[467834.1,6687888.0],[467861.9,6687902.4],[467830.9,6687948.6],[467875.5,6687975.8],[467868.1,6687989.3],[467894.7,6688002.9],[467913.4,6687999.6],[467961.7,6688038.7],[467964.1,6688036.8],[467997.7,6688054.9],[468042.2,6687996.6],[468109.6,6687910.9],[468119.4,6687893.5],[468142.5,6687847.9],[468164.4,6687797.3],[468171.8,6687784.8],[468153.1,6687778.4],[468032.4,6687768.2],[468034.8,6687740.3],[468038.8,6687730.8],[468065.8,6687732.7],[468069.3,6687728.3],[468073.1,6687704.0],[468066.8,6687681.9],[468056.5,6687682.9],[468051.1,6687650.9],[468072.9,6687640.6],[468075.4,6687609.6],[468070.3,6687570.7],[468073.7,6687568.5],[468070.2,6687531.9],[468086.3,6687529.3],[468090.8,6687506.4],[468144.2,6687494.7],[468125.2,6687407.1],[468086.1,6687420.4],[468066.9,6687402.2],[468064.0,6687343.8],[468084.7,6687341.1],[468104.9,6687341.8],[468131.5,6687356.4],[468152.2,6687369.9],[468167.0,6687333.2],[468153.3,6687323.2],[468138.0,6687315.2],[468122.1,6687308.1],[468106.2,6687305.1],[468088.3,6687304.1],[468071.6,6687304.6],[468073.7,6687300.2],[468021.6,6687281.8],[468006.5,6687332.0],[467973.6,6687325.9],[467974.3,6687328.4],[467895.9,6687338.2],[467880.0,6687350.1],[467881.0,6687371.5],[467887.0,6687388.1],[467879.2,6687389.1],[467859.1,6687388.1],[467839.6,6687385.7],[467839.6,6687377.5],[467849.2,6687346.5],[467846.9,6687344.5],[467853.8,6687308.2],[467830.3,6687301.1],[467842.0,6687269.2],[467798.1,6687256.3],[467750.6,6687240.1],[467766.9,6687187.0],[467747.7,6687181.0],[467736.7,6687171.7],[467698.3,6687221.2],[467596.1,6687194.7]]]]}},{"type":"Feature","properties":{"fid":506.0,"code_qp":"QN04914N","lib_qp":"Gide - Colomb","insee_reg":"52","lib_reg":"Pays de la Loire","insee_dep":"49","lib_dep":"Maine-et-Loire","insee_com":"49353","lib_com":"Trélazé","siren_epci":"244900015"},"geometry":{"type":"MultiPolygon","coordinates":[[[[438636.5,6711601.9],[438584.1,6711626.0],[438596.2,6711653.8],[438601.2,6711658.5],[438562.2,6711710.0],[438547.5,6711730.1],[438533.6,6711749.6],[438513.4,6711777.2],[438479.9,6711822.5],[438449.5,6711866.5],[438476.8,6711873.6],[438471.4,6711884.2],[438472.4,6711890.5],[438439.3,6711965.8],[438426.6,6711992.7],[438397.4,6712058.1],[438384.1,6712023.5],[438379.0,6712010.3],[438374.0,6711999.4],[438346.1,6711927.7],[438346.0,6711932.3],[438313.7,6711936.3],[438273.4,6711941.2],[438149.0,6711956.7],[438137.6,6711955.0],[438031.8,6711887.0],[438004.3,6711932.9],[437980.9,6711944.3],[437995.6,6711982.0],[438034.9,6711965.6],[438048.8,6711937.0],[438090.5,6711960.0],[438102.3,6711967.2],[438124.6,6711979.4],[438137.9,6711985.8],[438151.4,6711987.7],[438209.0,6711980.4],[438328.3,6711966.4],[438336.8,6711968.5],[438348.5,6711971.9],[438355.7,6711980.0],[438351.3,6711990.8],[438344.1,6712002.5],[438334.8,6712013.2],[438320.6,6712025.0],[438301.9,6712033.2],[438280.5,6712038.2],[438250.1,6712040.8],[438205.7,6712047.8],[438208.8,6712090.5],[438134.5,6712095.1],[438109.5,6712098.4],[438098.8,6712102.0],[438079.0,6712110.1],[438113.1,6712164.9],[438129.9,6712163.8],[438206.1,6712158.4],[438257.5,6712155.0],[438291.0,6712152.3],[438303.6,6712151.8],[438273.1,6712096.9],[438292.8,6712078.5],[438315.9,6712067.3],[438327.4,6712068.2],[438406.4,6712085.6],[438420.5,6712093.1],[438435.8,6712095.3],[438439.1,6712084.0],[438483.4,6711982.5],[438519.1,6711902.9],[438489.5,6711891.9],[438493.5,6711881.3],[438500.5,6711871.0],[438506.4,6711862.8],[438520.5,6711843.4],[438545.1,6711808.7],[438588.9,6711749.2],[438615.6,6711713.6],[438691.2,6711767.4],[438697.2,6711759.5],[438712.5,6711758.7],[438719.2,6711759.3],[438734.5,6711785.3],[438742.8,6711801.4],[438870.5,6711777.1],[438868.8,6711766.8],[438847.2,6711720.2],[438887.5,6711702.6],[438899.7,6711699.1],[438911.2,6711701.4],[438931.6,6711710.4],[439006.8,6711683.5],[439022.4,6711663.6],[439085.7,6711641.9],[439073.3,6711604.8],[439074.9,6711594.1],[439077.4,6711589.1],[439090.7,6711577.0],[439095.2,6711572.3],[439095.2,6711565.3],[439073.9,6711493.3],[439039.8,6711509.6],[439032.3,6711520.2],[439017.6,6711527.6],[438949.0,6711557.0],[438963.5,6711591.0],[438965.7,6711600.5],[438964.6,6711609.0],[438959.0,6711614.4],[438937.4,6711621.4],[438921.7,6711587.6],[438769.7,6711636.3],[438716.4,6711643.1],[438716.4,6711628.9],[438715.9,6711616.8],[438726.0,6711613.2],[438704.6,6711563.6],[438692.3,6711569.7],[438651.9,6711588.1],[438648.9,6711586.1],[438646.1,6711584.5],[438640.9,6711583.3],[438634.1,6711586.6],[438632.6,6711592.1],[438636.5,6711601.9]]]]}},{"type":"Feature","properties":{"fid":507.0,"code_qp":"QN04915N","lib_qp":"Saint Exupéry","insee_reg":"52","lib_reg":"Pays de la Loire","insee_dep":"49","lib_dep":"Maine-et-Loire","insee_com":"49007","lib_com":"Angers","siren_epci":"244900015"},"geometry":{"type":"MultiPolygon","coordinates":[[[[433669.8,6713391.6],[433564.7,6713450.6],[433579.7,6713478.8],[433598.2,6713511.8],[433649.3,6713483.9],[433673.8,6713519.1],[433671.7,6713522.0],[433656.8,6713531.4],[433659.7,6713535.5],[433647.4,6713543.0],[433644.8,6713539.2],[433608.7,6713562.8],[433624.1,6713587.2],[433621.8,6713589.6],[433622.3,6713594.3],[433623.8,6713599.3],[433628.9,6713600.9],[433637.9,6713594.6],[433638.0,6713589.6],[433652.0,6713579.6],[433655.5,6713583.9],[433659.0,6713584.6],[433662.5,6713583.7],[433666.8,6713580.4],[433666.9,6713576.3],[433664.6,6713571.1],[433697.4,6713550.2],[433751.2,6713618.9],[433763.5,6713630.8],[433776.7,6713638.4],[433775.2,6713642.7],[433789.6,6713666.3],[433785.7,6713669.5],[433788.0,6713673.6],[433768.1,6713687.2],[433779.1,6713704.4],[433767.8,6713711.3],[433776.4,6713724.9],[433786.7,6713747.0],[433792.0,6713754.4],[433804.3,6713756.4],[433815.0,6713756.1],[433823.0,6713755.1],[433837.8,6713750.4],[433846.1,6713763.9],[433874.5,6713753.9],[433928.9,6713842.7],[433998.8,6713825.0],[434029.4,6713820.9],[434036.6,6713840.1],[434036.3,6713846.1],[434034.3,6713846.7],[434045.3,6713871.7],[434041.4,6713873.0],[434044.0,6713879.7],[434067.3,6713871.1],[434051.6,6713835.4],[434044.5,6713818.9],[434110.8,6713810.9],[434095.2,6713750.2],[434076.2,6713684.6],[434044.7,6713575.9],[434041.9,6713565.6],[434028.6,6713559.4],[434018.6,6713551.8],[433926.8,6713492.8],[433751.5,6713421.6],[433669.8,6713391.6]]]]}},{"type":"Feature","properties":{"fid":508.0,"code_qp":"QN05001I","lib_qp":"La Turfaudière","insee_reg":"28","lib_reg":"Normandie","insee_dep":"50","lib_dep":"Manche","insee_com":"50025","lib_com":"Avranches","siren_epci":"200069425"},"geometry":{"type":"MultiPolygon","coordinates":[[[[379712.5,6851075.2],[379715.0,6851075.4],[379716.3,6851076.5],[379720.0,6851086.9],[379718.6,6851091.8],[379718.1,6851103.4],[379697.1,6851104.8],[379698.1,6851121.7],[379699.8,6851139.3],[379704.1,6851139.8],[379705.5,6851159.3],[379688.4,6851163.6],[379684.4,6851167.7],[379687.8,6851169.2],[379692.8,6851175.0],[379695.0,6851194.7],[379697.9,6851222.0],[379717.9,6851212.0],[379725.3,6851239.0],[379732.1,6851256.1],[379736.2,6851268.1],[379738.0,6851279.7],[379737.7,6851294.5],[379792.3,6851287.4],[379751.4,6851197.0],[379758.3,6851193.2],[379756.8,6851189.3],[379750.6,6851166.1],[379748.5,6851158.0],[379747.0,6851151.6],[379746.3,6851150.8],[379745.5,6851140.6],[379740.3,6851140.6],[379740.2,6851123.5],[379738.4,6851086.9],[379762.7,6851086.7],[379788.1,6851086.4],[379785.3,6851077.2],[379812.7,6851074.1],[379805.8,6851023.1],[379850.5,6851016.1],[379904.3,6851008.5],[379901.5,6850990.0],[379900.7,6850983.2],[379940.6,6850980.0],[379941.5,6850997.7],[379948.0,6851093.8],[379949.6,6851105.5],[379961.4,6851100.1],[379972.0,6851123.3],[379976.1,6851132.6],[379987.7,6851159.2],[379975.4,6851167.5],[379969.0,6851172.5],[379969.0,6851176.9],[379962.8,6851181.8],[379955.2,6851186.2],[379939.0,6851195.8],[379938.8,6851198.6],[379929.2,6851209.0],[379938.0,6851229.6],[379947.8,6851255.0],[380000.3,6851226.8],[380010.2,6851243.1],[380021.7,6851259.6],[380065.3,6851239.5],[380078.1,6851233.6],[380102.0,6851223.3],[380086.6,6851191.5],[380077.8,6851170.6],[380059.4,6851131.3],[380031.0,6851068.1],[380069.3,6851050.4],[380162.2,6851003.8],[380214.3,6850980.0],[380212.1,6850972.0],[380206.1,6850960.4],[380219.5,6850958.6],[380226.0,6850960.3],[380237.1,6850969.5],[380246.6,6850965.2],[380287.1,6850946.9],[380285.5,6850944.6],[380268.5,6850917.9],[380260.7,6850909.7],[380251.0,6850906.1],[380241.5,6850905.9],[380205.7,6850910.5],[380162.3,6850901.5],[380140.8,6850897.1],[380121.3,6850893.6],[380073.8,6850884.1],[380071.1,6850870.3],[380060.9,6850849.6],[380060.1,6850849.5],[380041.3,6850804.9],[379953.3,6850824.8],[379902.9,6850834.5],[379903.4,6850825.5],[379905.1,6850807.5],[379885.0,6850801.3],[379880.4,6850800.3],[379892.6,6850743.9],[379855.0,6850741.0],[379857.5,6850705.2],[379855.8,6850680.4],[379774.3,6850680.6],[379769.0,6850707.9],[379748.6,6850783.4],[379745.2,6850794.7],[379744.3,6850798.0],[379727.4,6850875.8],[379721.3,6850899.9],[379703.4,6850979.8],[379697.3,6851007.8],[379691.1,6851025.4],[379674.1,6851069.3],[379687.5,6851075.4],[379712.5,6851075.2]]]]}},{"type":"Feature","properties":{"fid":509.0,"code_qp":"QN05002I","lib_qp":"Val Saint Jean","insee_reg":"28","lib_reg":"Normandie","insee_dep":"50","lib_dep":"Manche","insee_com":"50502","lib_com":"Saint-Lô","siren_epci":"200066389"},"geometry":{"type":"MultiPolygon","coordinates":[[[[402964.3,6897611.4],[402956.5,6897608.9],[402956.4,6897604.9],[402930.3,6897600.3],[402907.2,6897591.4],[402882.4,6897619.6],[402818.9,6897683.8],[402801.6,6897704.3],[402796.1,6897715.7],[402803.2,6897729.9],[402796.3,6897733.7],[402769.5,6897763.8],[402762.7,6897778.9],[402769.9,6897782.0],[402788.9,6897782.3],[402789.3,6897800.3],[402809.8,6897800.5],[402813.0,6897800.5],[402814.2,6897835.1],[402813.3,6897861.6],[402807.7,6897864.8],[402771.5,6897864.9],[402767.2,6897862.4],[402764.6,6897886.0],[402763.1,6897920.5],[402764.3,6897940.8],[402686.3,6897940.2],[402687.4,6898010.5],[402597.1,6898011.9],[402594.7,6898036.7],[402592.7,6898087.8],[402582.0,6898090.7],[402580.9,6898084.7],[402578.4,6898084.9],[402572.6,6898078.9],[402573.6,6898070.1],[402577.3,6897977.6],[402572.3,6897977.1],[402539.5,6897977.3],[402538.8,6897923.2],[402485.5,6897924.3],[402476.0,6897928.7],[402439.4,6897951.8],[402409.8,6897960.5],[402391.2,6897967.8],[402372.3,6897971.1],[402339.1,6898008.0],[402323.5,6898024.9],[402418.4,6898024.1],[402418.1,6898105.0],[402415.2,6898115.6],[402414.4,6898121.5],[402413.4,6898128.4],[402441.9,6898131.2],[402474.2,6898132.2],[402503.1,6898131.8],[402512.7,6898130.9],[402518.6,6898135.7],[402526.1,6898141.0],[402555.4,6898155.5],[402559.7,6898203.1],[402563.7,6898264.5],[402590.9,6898261.9],[402589.7,6898241.2],[402642.2,6898234.2],[402664.7,6898228.6],[402682.3,6898224.5],[402726.1,6898220.4],[402727.6,6898217.1],[402728.3,6898211.8],[402725.7,6898202.6],[402711.4,6898130.4],[402792.4,6898078.4],[402809.8,6898105.5],[402814.4,6898111.0],[402819.5,6898114.4],[402824.3,6898114.9],[402826.2,6898117.5],[402828.3,6898118.2],[402838.9,6898111.3],[402844.6,6898110.1],[402845.7,6898116.2],[402847.7,6898116.1],[402854.8,6898126.2],[402994.7,6898074.7],[403022.0,6898064.5],[403020.2,6898051.0],[403020.0,6898012.3],[403018.5,6898000.0],[403013.5,6897977.5],[403011.3,6897969.0],[403001.1,6897933.7],[402995.1,6897915.1],[402986.1,6897901.6],[402998.1,6897883.4],[403041.5,6897854.0],[403081.6,6897827.1],[403097.5,6897818.2],[403127.1,6897801.8],[403145.2,6897794.5],[403139.0,6897783.1],[403132.7,6897765.7],[403130.4,6897758.3],[403126.0,6897745.0],[403122.6,6897724.4],[403122.0,6897717.5],[403120.8,6897701.3],[403122.9,6897679.5],[403124.1,6897673.6],[403126.6,6897660.0],[403133.2,6897640.0],[403142.0,6897620.5],[403150.1,6897606.0],[403118.7,6897597.8],[403109.2,6897596.5],[403100.4,6897596.7],[403089.8,6897598.6],[403061.1,6897606.3],[403050.1,6897608.6],[403032.0,6897610.5],[402972.7,6897611.9],[402964.3,6897611.4]]]]}},{"type":"Feature","properties":{"fid":510.0,"code_qp":"QN05003I","lib_qp":"La Dollée","insee_reg":"28","lib_reg":"Normandie","insee_dep":"50","lib_dep":"Manche","insee_com":"50502","lib_com":"Saint-Lô","siren_epci":"200066389"},"geometry":{"type":"MultiPolygon","coordinates":[[[[401734.7,6898834.1],[401765.8,6898826.5],[401773.8,6898826.1],[401801.2,6898819.3],[401806.8,6898813.0],[401809.9,6898808.3],[401806.7,6898804.2],[401786.0,6898788.8],[401773.9,6898780.8],[401794.0,6898771.1],[401806.4,6898760.0],[401831.9,6898738.2],[401708.4,6898703.6],[401692.8,6898701.4],[401680.6,6898697.2],[401664.3,6898698.1],[401594.4,6898692.4],[401570.9,6898684.2],[401551.7,6898671.5],[401527.4,6898658.2],[401486.5,6898623.4],[401461.7,6898614.0],[401417.6,6898589.8],[401403.4,6898581.0],[401389.7,6898573.7],[401380.3,6898569.6],[401351.6,6898562.8],[401319.4,6898561.8],[401305.5,6898563.7],[401292.7,6898566.9],[401298.5,6898583.9],[401302.3,6898588.3],[401312.5,6898594.5],[401330.3,6898601.8],[401324.7,6898621.0],[401336.8,6898623.8],[401335.9,6898629.8],[401338.8,6898632.5],[401328.2,6898646.0],[401338.1,6898679.2],[401384.3,6898668.9],[401392.4,6898711.8],[401392.3,6898715.9],[401392.3,6898721.0],[401390.6,6898740.9],[401390.4,6898754.0],[401391.3,6898761.8],[401393.1,6898772.0],[401400.1,6898790.4],[401415.1,6898818.5],[401433.2,6898844.5],[401437.0,6898851.4],[401438.8,6898857.7],[401440.4,6898877.8],[401440.2,6898917.0],[401442.0,6898979.4],[401442.8,6899000.5],[401441.3,6899021.5],[401439.6,6899042.2],[401439.7,6899047.1],[401440.7,6899063.2],[401443.2,6899086.1],[401446.0,6899106.0],[401465.3,6899106.1],[401488.2,6899111.8],[401547.3,6899131.9],[401581.1,6899145.1],[401591.7,6899151.2],[401593.8,6899144.3],[401595.5,6899138.2],[401600.2,6899118.4],[401602.3,6899108.7],[401611.4,6899109.7],[401618.2,6899114.9],[401643.5,6899081.7],[401626.9,6899049.9],[401684.0,6899036.9],[401679.5,6899017.6],[401721.6,6899008.0],[401723.0,6898994.1],[401724.6,6898970.3],[401722.5,6898951.5],[401749.1,6898946.2],[401747.7,6898920.1],[401741.1,6898885.7],[401728.7,6898835.8],[401734.7,6898834.1]]]]}},{"type":"Feature","properties":{"fid":511.0,"code_qp":"QN05004M","lib_qp":"Claires Fontaines","insee_reg":"28","lib_reg":"Normandie","insee_dep":"50","lib_dep":"Manche","insee_com":"50147","lib_com":"Coutances","siren_epci":"200067023"},"geometry":{"type":"MultiPolygon","coordinates":[[[[376381.7,6893261.6],[376432.8,6893186.4],[376438.1,6893181.3],[376447.8,6893162.4],[376478.1,6893108.5],[376480.6,6893096.2],[376479.6,6893082.9],[376475.5,6893074.8],[376444.0,6893037.0],[376416.8,6893014.3],[376388.4,6892987.6],[376390.0,6892968.1],[376404.7,6892942.2],[376410.6,6892931.0],[376425.6,6892903.0],[376430.5,6892888.6],[376430.8,6892879.3],[376411.0,6892859.4],[376400.9,6892845.2],[376386.5,6892864.2],[376372.6,6892857.4],[376370.0,6892851.7],[376369.4,6892843.5],[376366.3,6892841.6],[376362.0,6892839.3],[376353.3,6892830.7],[376352.0,6892831.4],[376336.6,6892815.9],[376308.4,6892777.5],[376283.8,6892793.7],[376245.5,6892733.7],[376223.3,6892706.3],[376203.1,6892721.6],[376202.3,6892722.8],[376176.2,6892740.1],[376131.7,6892707.7],[376113.9,6892750.4],[376094.2,6892739.8],[376042.2,6892710.2],[376017.7,6892754.3],[376015.9,6892775.5],[376005.3,6892775.8],[375989.3,6892765.2],[375975.1,6892758.5],[375936.3,6892742.0],[375847.5,6892704.4],[375834.3,6892756.7],[375794.0,6892723.2],[375760.9,6892784.8],[375785.4,6892795.4],[375774.7,6892810.9],[375741.1,6892867.7],[375778.9,6892922.6],[375772.1,6892932.6],[375746.1,6892983.5],[375741.0,6893001.4],[375726.0,6893026.7],[375745.7,6893040.3],[375740.2,6893045.6],[375780.8,6893083.0],[375815.6,6893030.6],[375812.2,6893028.7],[375830.9,6893006.4],[375833.2,6893001.5],[375832.9,6892996.8],[375808.5,6892962.9],[375837.3,6892906.6],[375865.9,6892850.6],[375874.9,6892834.9],[375910.1,6892847.1],[375915.9,6892841.1],[375919.0,6892842.8],[375934.5,6892846.3],[375945.0,6892850.3],[375987.4,6892894.4],[375996.9,6892900.2],[375960.2,6892966.8],[375958.3,6892974.3],[375959.1,6892978.6],[375963.6,6892984.2],[375971.3,6892990.4],[376017.3,6893021.1],[376019.4,6893024.1],[376021.6,6893033.1],[376017.1,6893061.5],[376012.3,6893087.7],[376016.2,6893120.1],[376261.4,6893217.2],[376284.9,6893223.1],[376381.7,6893261.6]]]]}},{"type":"Feature","properties":{"fid":512.0,"code_qp":"QN05005I","lib_qp":"Les Provinces","insee_reg":"28","lib_reg":"Normandie","insee_dep":"50","lib_dep":"Manche","insee_com":"50129","lib_com":"Cherbourg-en-Cotentin","siren_epci":"200067205"},"geometry":{"type":"MultiPolygon","coordinates":[[[[365028.5,6957471.1],[365030.3,6957478.5],[365044.3,6957508.4],[365053.5,6957523.0],[365076.5,6957548.8],[365105.4,6957575.1],[365134.8,6957577.6],[365138.1,6957579.3],[365148.3,6957578.7],[365153.3,6957575.5],[365157.6,6957580.2],[365164.3,6957584.0],[365210.3,6957599.1],[365220.0,6957602.2],[365297.9,6957627.6],[365369.6,6957650.8],[365388.6,6957655.4],[365425.7,6957655.4],[365439.6,6957653.1],[365464.4,6957645.0],[365472.4,6957642.2],[365492.7,6957631.0],[365516.8,6957611.0],[365537.3,6957593.6],[365573.6,6957563.8],[365590.7,6957550.3],[365621.8,6957526.0],[365633.2,6957518.7],[365669.0,6957506.0],[365772.3,6957486.0],[365792.7,6957483.8],[365813.9,6957486.2],[365828.9,6957491.2],[365870.7,6957509.6],[365896.6,6957512.5],[365897.0,6957516.3],[365906.8,6957583.0],[365926.0,6957579.1],[365930.1,6957592.9],[365943.5,6957601.9],[365956.0,6957604.4],[365953.2,6957609.2],[365957.5,6957611.8],[365955.9,6957614.5],[365961.1,6957618.1],[365962.9,6957615.1],[365973.1,6957621.5],[365964.0,6957650.1],[365964.3,6957662.5],[365975.3,6957686.5],[365993.8,6957687.1],[366023.5,6957683.7],[366025.4,6957688.9],[366030.2,6957706.4],[366036.6,6957717.5],[366037.9,6957727.8],[366041.5,6957757.9],[366044.4,6957778.8],[366046.2,6957818.7],[366046.4,6957829.5],[366044.8,6957846.6],[366040.8,6957863.3],[366024.8,6957874.9],[366010.7,6957891.4],[366008.6,6957894.6],[366006.0,6957908.1],[366012.7,6957922.5],[366023.0,6957939.0],[366037.9,6957956.4],[366050.7,6957949.9],[366058.1,6957949.3],[366083.5,6957954.3],[366097.1,6957953.3],[366161.7,6957936.0],[366165.6,6957934.8],[366182.9,6957928.3],[366226.8,6957906.4],[366240.0,6957898.3],[366261.8,6957877.7],[366275.7,6957861.9],[366283.4,6957851.0],[366292.7,6957832.5],[366305.4,6957802.8],[366309.7,6957783.8],[366312.0,6957772.4],[366313.4,6957748.8],[366311.3,6957717.9],[366306.8,6957679.7],[366304.6,6957680.3],[366300.6,6957638.3],[366297.7,6957594.0],[366304.3,6957593.4],[366304.4,6957590.7],[366307.4,6957584.8],[366308.9,6957555.9],[366307.3,6957547.6],[366310.9,6957506.7],[366310.3,6957489.1],[366303.1,6957475.1],[366300.5,6957466.7],[366309.2,6957462.5],[366312.3,6957466.2],[366312.3,6957458.1],[366308.8,6957449.6],[366309.4,6957395.6],[366313.3,6957395.1],[366314.8,6957372.1],[366315.9,6957370.6],[366320.5,6957309.4],[366330.0,6957223.7],[366331.3,6957196.6],[366333.6,6957185.1],[366330.0,6957180.2],[366332.5,6957162.7],[366331.1,6957148.4],[366325.5,6957131.0],[366322.5,6957109.0],[366322.4,6957101.4],[366326.8,6957078.3],[366325.6,6957066.1],[366319.6,6957043.6],[366309.6,6957029.2],[366305.5,6957018.4],[366301.8,6956996.3],[366302.5,6956981.1],[366305.1,6956968.6],[366298.1,6956951.2],[366301.2,6956948.6],[366289.4,6956916.9],[366276.7,6956891.6],[366264.0,6956895.5],[366257.5,6956895.9],[366254.4,6956900.6],[366246.8,6956935.2],[366243.3,6956984.6],[366240.8,6957033.2],[366238.4,6957059.3],[366234.5,6957103.4],[366231.3,6957102.9],[366192.3,6957094.2],[366190.6,6957107.5],[366186.5,6957130.1],[366186.8,6957137.9],[366193.5,6957171.7],[366189.2,6957172.0],[366186.8,6957190.6],[366183.1,6957191.3],[366183.8,6957199.2],[366186.0,6957201.5],[366182.3,6957205.1],[366174.8,6957216.2],[366167.1,6957235.1],[366143.3,6957302.8],[366130.7,6957321.0],[366105.9,6957356.3],[366092.9,6957369.0],[366088.5,6957372.9],[366088.4,6957377.2],[366088.4,6957379.2],[366083.9,6957381.5],[366072.5,6957388.5],[366064.5,6957398.9],[366069.5,6957401.8],[366064.2,6957412.4],[366061.1,6957428.4],[366060.6,6957456.5],[366057.6,6957459.0],[366049.8,6957459.7],[366042.8,6957430.7],[366037.4,6957416.6],[366000.6,6957338.0],[365938.6,6957371.8],[365941.5,6957377.8],[365879.5,6957415.7],[365874.6,6957420.6],[365847.7,6957396.6],[365852.9,6957387.6],[365853.2,6957382.9],[365851.4,6957379.2],[365809.9,6957340.9],[365797.1,6957329.6],[365789.6,6957326.2],[365776.6,6957324.3],[365772.0,6957327.1],[365722.4,6957283.4],[365709.2,6957275.6],[365684.4,6957264.5],[365671.5,6957259.4],[365664.3,6957257.6],[365638.4,6957251.6],[365623.1,6957249.5],[365615.7,6957248.7],[365596.7,6957250.0],[365589.7,6957215.1],[365575.7,6957151.2],[365585.7,6957148.9],[365530.6,6957106.1],[365529.8,6957107.1],[365521.7,6957100.9],[365494.5,6957068.4],[365456.4,6957064.9],[365448.9,6957066.8],[365447.8,6957062.6],[365442.9,6957051.9],[365438.0,6957042.2],[365435.6,6957037.0],[365422.5,6957018.0],[365416.4,6957009.4],[365406.2,6956997.9],[365388.6,6956983.8],[365372.9,6956975.5],[365369.1,6956973.8],[365351.7,6956968.8],[365333.7,6956964.4],[365310.1,6956960.9],[365297.3,6956960.9],[365289.2,6956961.1],[365275.7,6956964.3],[365261.7,6956970.9],[365208.6,6957002.1],[365191.8,6957016.9],[365179.0,6957030.8],[365162.6,6957067.8],[365170.5,6957066.9],[365176.4,6957096.9],[365178.2,6957096.9],[365179.2,6957106.2],[365150.8,6957112.6],[365148.4,6957116.4],[365170.9,6957220.7],[365155.7,6957224.3],[365170.5,6957289.6],[365166.2,6957290.3],[365111.4,6957302.2],[365075.4,6957310.2],[365050.6,6957315.5],[365060.4,6957353.0],[365062.4,6957368.1],[365040.9,6957371.9],[365042.3,6957400.0],[365042.2,6957408.9],[365053.5,6957452.2],[365056.3,6957463.6],[365044.4,6957465.9],[365028.5,6957471.1]]]]}},{"type":"Feature","properties":{"fid":513.0,"code_qp":"QN05006I","lib_qp":"Maupas - Hautmarais - Brêche Du Bois","insee_reg":"28","lib_reg":"Normandie","insee_dep":"50","lib_dep":"Manche","insee_com":"50129","lib_com":"Cherbourg-en-Cotentin","siren_epci":"200067205"},"geometry":{"type":"MultiPolygon","coordinates":[[[[366967.9,6957742.8],[366980.2,6957787.7],[366986.9,6957786.2],[367020.7,6957774.7],[367022.7,6957781.6],[367024.2,6957784.3],[367028.5,6957798.8],[367031.2,6957802.0],[367038.3,6957805.6],[367061.4,6957808.4],[367070.7,6957798.3],[367123.6,6957784.1],[367162.2,6957941.0],[367234.3,6957955.6],[367297.4,6957967.7],[367347.0,6957974.5],[367347.1,6957976.9],[367367.2,6957981.8],[367402.8,6957992.2],[367422.1,6957997.2],[367424.9,6957990.4],[367435.0,6957949.6],[367425.3,6957925.2],[367416.8,6957893.7],[367410.7,6957851.9],[367410.1,6957832.9],[367411.6,6957802.6],[367413.9,6957787.0],[367421.5,6957756.1],[367431.8,6957720.9],[367438.8,6957709.8],[367427.0,6957705.6],[367413.0,6957698.7],[367382.9,6957683.4],[367387.6,6957673.3],[367389.2,6957672.3],[367442.5,6957658.7],[367469.6,6957650.1],[367475.1,6957646.2],[367476.2,6957644.4],[367476.4,6957641.7],[367477.2,6957637.0],[367478.2,6957634.2],[367477.6,6957629.3],[367474.6,6957618.7],[367493.3,6957613.5],[367492.2,6957602.3],[367488.1,6957582.8],[367483.2,6957576.6],[367474.1,6957570.9],[367461.9,6957566.1],[367448.0,6957563.5],[367422.1,6957564.0],[367387.6,6957566.2],[367351.0,6957568.9],[367321.8,6957571.4],[367288.1,6957577.1],[367242.9,6957588.4],[367185.9,6957609.4],[367169.5,6957617.5],[367162.5,6957621.9],[367120.6,6957643.1],[367095.6,6957585.6],[367092.2,6957579.7],[367104.3,6957574.0],[367079.0,6957525.5],[367003.0,6957565.5],[366998.3,6957598.8],[366976.7,6957615.8],[366997.2,6957654.5],[367011.0,6957647.0],[367035.5,6957678.1],[367039.9,6957685.0],[367027.3,6957691.8],[366972.5,6957728.0],[366969.3,6957731.6],[366967.6,6957737.5],[366967.9,6957742.8]]]]}},{"type":"Feature","properties":{"fid":514.0,"code_qp":"QN05007M","lib_qp":"Fourches - Charcot","insee_reg":"28","lib_reg":"Normandie","insee_dep":"50","lib_dep":"Manche","insee_com":"50129","lib_com":"Cherbourg-en-Cotentin","siren_epci":"200067205"},"geometry":{"type":"MultiPolygon","coordinates":[[[[364558.9,6959292.3],[364591.6,6959305.7],[364626.1,6959309.5],[364638.7,6959236.5],[364628.2,6959212.5],[364715.4,6959177.2],[364850.7,6959119.0],[364831.5,6959086.3],[364881.2,6959063.3],[364899.8,6959056.2],[364856.3,6958994.9],[364831.6,6958958.9],[364809.3,6958929.5],[364788.8,6958902.6],[364814.6,6958885.1],[364805.0,6958876.8],[364792.2,6958859.8],[364782.7,6958848.9],[364729.0,6958823.1],[364724.5,6958831.2],[364619.1,6958884.1],[364593.8,6958891.0],[364559.0,6958899.4],[364552.5,6958903.1],[364546.2,6958897.8],[364516.4,6958863.3],[364472.3,6958820.6],[364449.7,6958791.8],[364410.7,6958748.8],[364322.2,6958653.0],[364260.3,6958685.1],[364273.5,6958707.7],[364367.9,6958887.9],[364377.2,6958953.0],[364379.8,6958970.8],[364383.3,6958986.0],[364389.3,6959001.0],[364399.0,6959016.8],[364412.4,6959034.7],[364426.3,6959048.1],[364442.6,6959061.8],[364450.9,6959066.6],[364466.9,6959074.3],[364488.5,6959079.8],[364530.5,6959094.3],[364538.2,6959099.0],[364544.0,6959111.4],[364569.4,6959182.7],[364571.1,6959199.1],[364568.3,6959235.6],[364567.3,6959247.7],[364558.9,6959292.3]]]]}},{"type":"Feature","properties":{"fid":532.0,"code_qp":"QN05301M","lib_qp":"Les Fourches","insee_reg":"52","lib_reg":"Pays de la Loire","insee_dep":"53","lib_dep":"Mayenne","insee_com":"53130","lib_com":"Laval","siren_epci":"200083392"},"geometry":{"type":"MultiPolygon","coordinates":[[[[417930.6,6781085.4],[417926.4,6781054.1],[417924.4,6781026.6],[417920.9,6780974.4],[417917.4,6780929.4],[417977.8,6780913.4],[417997.9,6780904.6],[418044.1,6780880.1],[418047.7,6780801.4],[418065.2,6780802.3],[418071.2,6780698.3],[418113.8,6780699.9],[418114.4,6780687.8],[418126.5,6780687.9],[418128.3,6780630.6],[418127.2,6780624.2],[418157.8,6780615.7],[418192.4,6780602.3],[418195.0,6780598.1],[418189.4,6780592.9],[418164.7,6780587.7],[418100.5,6780582.1],[417995.9,6780581.8],[417987.4,6780589.2],[417971.6,6780618.2],[417973.8,6780620.8],[417936.5,6780685.8],[417923.4,6780713.5],[417841.1,6780859.1],[417826.0,6780889.0],[417850.1,6780950.8],[417863.1,6780945.4],[417858.5,6781057.9],[417858.2,6781074.1],[417860.8,6781080.7],[417880.5,6781081.9],[417930.6,6781085.4]]]]}},{"type":"Feature","properties":{"fid":533.0,"code_qp":"QN05302M","lib_qp":"Kellermann","insee_reg":"52","lib_reg":"Pays de la Loire","insee_dep":"53","lib_dep":"Mayenne","insee_com":"53130","lib_com":"Laval","siren_epci":"200083392"},"geometry":{"type":"MultiPolygon","coordinates":[[[[421128.0,6779789.1],[421148.3,6779825.5],[421182.6,6779798.1],[421272.0,6779723.7],[421448.8,6779577.5],[421409.9,6779534.3],[421461.1,6779488.5],[421508.4,6779536.6],[421532.8,6779511.6],[421543.6,6779508.3],[421556.8,6779492.8],[421541.1,6779460.8],[421546.1,6779443.8],[421588.0,6779419.3],[421567.4,6779384.4],[421549.3,6779326.7],[421518.2,6779282.5],[421491.9,6779252.3],[421454.2,6779283.7],[421431.0,6779263.5],[421421.0,6779262.0],[421405.4,6779247.8],[421401.4,6779234.5],[421391.5,6779226.3],[421384.9,6779225.7],[421377.0,6779229.2],[421317.3,6779280.8],[421310.7,6779291.8],[421245.9,6779352.9],[421221.0,6779324.8],[421197.2,6779344.2],[421110.8,6779421.6],[421079.1,6779452.6],[421052.7,6779476.3],[421050.0,6779480.7],[421043.1,6779475.9],[421032.6,6779471.4],[420989.9,6779509.5],[420988.3,6779540.2],[420989.3,6779552.8],[421003.3,6779580.1],[421026.4,6779618.2],[421048.4,6779655.2],[421066.1,6779685.6],[421101.9,6779744.2],[421108.4,6779755.0],[421128.0,6779789.1]]]]}},{"type":"Feature","properties":{"fid":534.0,"code_qp":"QN05303M","lib_qp":"Pavement - Charité - Mortier - Murat","insee_reg":"52","lib_reg":"Pays de la Loire","insee_dep":"53","lib_dep":"Mayenne","insee_com":"53130","lib_com":"Laval","siren_epci":"200083392"},"geometry":{"type":"MultiPolygon","coordinates":[[[[420949.8,6780268.5],[420949.3,6780269.3],[420950.6,6780268.1],[420948.9,6780262.3],[420939.2,6780200.6],[420938.1,6780188.1],[420928.3,6780160.2],[420879.6,6780181.9],[420843.7,6780107.1],[420827.3,6780087.2],[420818.6,6780086.1],[420797.8,6780099.8],[420691.4,6780168.7],[420663.5,6780127.3],[420642.2,6780097.0],[420614.2,6780066.7],[420590.6,6780047.0],[420588.7,6780112.2],[420560.3,6780118.7],[420563.8,6780135.7],[420535.0,6780142.4],[420524.8,6780145.8],[420512.7,6780138.7],[420451.0,6780116.8],[420423.5,6780104.2],[420411.6,6780087.4],[420399.2,6780092.3],[420371.8,6780084.9],[420363.1,6780093.0],[420358.8,6780088.6],[420308.4,6780139.0],[420305.3,6780152.7],[420309.7,6780171.7],[420315.9,6780184.4],[420327.7,6780196.2],[420411.3,6780211.9],[420441.8,6780218.2],[420506.0,6780229.5],[420509.1,6780232.8],[420518.8,6780235.5],[420536.8,6780247.0],[420586.1,6780297.1],[420625.9,6780338.1],[420662.7,6780370.0],[420744.5,6780446.5],[420691.2,6780480.5],[420720.8,6780512.5],[420738.5,6780529.6],[420750.3,6780536.5],[420752.2,6780548.0],[420734.5,6780550.2],[420689.7,6780566.9],[420659.8,6780570.1],[420608.8,6780566.3],[420588.3,6780556.7],[420574.6,6780550.5],[420556.3,6780526.5],[420544.8,6780521.9],[420541.0,6780533.0],[420523.9,6780530.2],[420520.5,6780525.3],[420488.5,6780510.7],[420488.8,6780502.3],[420480.1,6780493.9],[420470.7,6780505.4],[420447.9,6780490.6],[420421.3,6780486.4],[420409.8,6780529.3],[420395.2,6780549.2],[420376.2,6780568.8],[420347.5,6780590.0],[420293.1,6780626.1],[420265.3,6780642.4],[420290.1,6780715.7],[420322.4,6780803.9],[420334.4,6780827.0],[420349.1,6780836.9],[420711.7,6780978.6],[420769.1,6781000.2],[420802.8,6781007.9],[420814.0,6781005.1],[420822.6,6781002.1],[420841.1,6780983.1],[420871.5,6780911.7],[420890.3,6780864.0],[420896.3,6780840.4],[420897.9,6780821.7],[420893.6,6780790.6],[420890.6,6780779.6],[420881.6,6780759.4],[420821.8,6780647.4],[420801.0,6780596.8],[420792.3,6780542.1],[420790.8,6780519.2],[420794.1,6780460.3],[420798.6,6780436.9],[420805.3,6780440.8],[420838.6,6780487.9],[420928.2,6780424.8],[420890.6,6780371.5],[420807.5,6780428.4],[420810.2,6780362.4],[420949.8,6780268.5]]]]}},{"type":"Feature","properties":{"fid":556.0,"code_qp":"QN05601M","lib_qp":"Gumenen Goaner-Parco Pointer","insee_reg":"53","lib_reg":"Bretagne","insee_dep":"56","lib_dep":"Morbihan","insee_com":"56007","lib_com":"Auray","siren_epci":"200043123"},"geometry":{"type":"MultiPolygon","coordinates":[[[[250408.7,6747478.3],[250443.7,6747487.9],[250469.7,6747490.9],[250507.1,6747499.9],[250584.1,6747513.9],[250584.4,6747512.8],[250625.8,6747515.1],[250627.4,6747499.2],[250678.9,6747514.8],[250699.4,6747460.5],[250739.7,6747362.3],[250759.8,6747312.5],[250701.5,6747289.7],[250685.3,6747281.7],[250677.3,6747275.2],[250674.8,6747270.2],[250664.3,6747280.3],[250665.0,6747346.2],[250651.0,6747344.2],[250613.8,6747343.7],[250599.5,6747345.3],[250589.9,6747345.7],[250579.7,6747344.2],[250549.0,6747339.2],[250543.8,6747367.3],[250544.5,6747381.6],[250546.2,6747395.7],[250545.6,6747404.1],[250537.8,6747403.9],[250532.5,6747401.7],[250470.5,6747402.8],[250468.0,6747409.4],[250457.2,6747406.2],[250440.6,6747404.8],[250410.1,6747407.1],[250401.9,6747408.4],[250401.6,6747410.1],[250397.8,6747410.7],[250398.1,6747406.5],[250393.0,6747406.5],[250392.6,6747345.1],[250388.8,6747326.2],[250381.4,6747307.8],[250380.5,6747299.8],[250386.8,6747273.7],[250384.6,6747256.1],[250419.4,6747234.5],[250409.4,6747207.7],[250400.9,6747187.0],[250433.1,6747166.3],[250421.6,6747113.0],[250415.3,6747084.1],[250412.5,6747070.2],[250422.4,6747070.3],[250428.4,6747072.8],[250418.9,6746994.1],[250442.0,6746991.0],[250442.4,6746993.3],[250481.5,6746979.1],[250500.8,6746974.2],[250500.7,6746953.6],[250499.1,6746935.1],[250494.1,6746893.4],[250490.3,6746875.8],[250487.6,6746853.6],[250417.5,6746872.4],[250381.4,6746881.7],[250362.7,6746888.8],[250351.6,6746894.0],[250347.2,6746893.6],[250344.1,6746891.7],[250337.8,6746892.1],[250334.9,6746886.1],[250334.2,6746883.9],[250309.2,6746896.6],[250291.9,6746905.8],[250281.6,6746912.7],[250278.3,6746920.0],[250236.7,6746946.4],[250234.1,6746950.8],[250228.8,6746947.5],[250222.2,6746951.7],[250209.3,6746962.8],[250193.6,6746981.2],[250178.7,6747003.6],[250178.1,6747006.6],[250175.6,6747006.2],[250149.0,6747040.0],[250124.2,6747078.6],[250117.8,6747092.2],[250104.5,6747091.0],[250093.8,6747090.1],[250074.7,6747093.9],[250082.3,6747114.4],[250085.3,6747131.4],[250089.9,6747158.7],[250089.9,6747172.8],[250090.5,6747181.9],[250091.9,6747185.7],[250099.3,6747192.8],[250224.8,6747188.0],[250228.9,6747393.4],[250198.0,6747399.9],[250194.1,6747400.0],[250188.6,6747369.1],[250176.0,6747352.4],[250151.6,6747323.0],[250142.6,6747329.3],[250130.0,6747338.6],[250127.1,6747331.1],[250109.9,6747305.9],[250106.4,6747268.8],[250111.2,6747259.7],[250108.1,6747229.4],[250101.1,6747215.5],[250070.6,6747205.2],[250024.6,6747236.9],[250021.0,6747266.4],[250049.6,6747269.0],[250056.0,6747327.2],[250062.3,6747345.1],[250065.4,6747376.2],[250069.3,6747418.0],[250065.9,6747422.8],[250088.1,6747419.7],[250096.7,6747430.9],[250120.8,6747423.1],[250123.6,6747398.7],[250130.5,6747340.1],[250143.3,6747330.2],[250151.9,6747324.2],[250175.1,6747352.9],[250187.5,6747369.2],[250193.3,6747402.2],[250229.0,6747395.5],[250229.6,6747402.6],[250231.2,6747407.0],[250242.5,6747421.1],[250283.3,6747392.8],[250355.7,6747345.2],[250378.2,6747328.3],[250380.9,6747331.3],[250384.9,6747332.7],[250387.9,6747329.9],[250391.1,6747344.6],[250391.5,6747406.2],[250392.8,6747423.9],[250393.4,6747472.4],[250408.7,6747478.3]]]]}},{"type":"Feature","properties":{"fid":557.0,"code_qp":"QN05602M","lib_qp":"Keriou Ker","insee_reg":"53","lib_reg":"Bretagne","insee_dep":"56","lib_dep":"Morbihan","insee_com":"56083","lib_com":"Hennebont","siren_epci":"200042174"},"geometry":{"type":"MultiPolygon","coordinates":[[[[231298.2,6763436.9],[231280.9,6763420.7],[231260.6,6763430.0],[231263.0,6763432.7],[231266.3,6763435.8],[231252.7,6763447.8],[231246.8,6763448.5],[231244.1,6763452.1],[231238.9,6763456.7],[231235.4,6763457.5],[231229.9,6763454.8],[231225.6,6763451.9],[231217.1,6763449.4],[231210.2,6763447.8],[231210.1,6763448.6],[231175.1,6763442.1],[231175.4,6763419.9],[231175.8,6763377.1],[231170.2,6763351.2],[231169.5,6763322.7],[231113.6,6763306.3],[231092.4,6763218.2],[231053.7,6763230.4],[231046.3,6763201.9],[231013.2,6763212.5],[231012.1,6763211.9],[231006.6,6763209.8],[231007.7,6763206.3],[231016.4,6763173.6],[231020.9,6763149.9],[231027.3,6763119.9],[231028.7,6763104.8],[231031.9,6763090.1],[231033.1,6763077.5],[231032.0,6763060.6],[231036.4,6763024.7],[230988.3,6763020.3],[230981.9,6763032.0],[230921.9,6763020.7],[230868.9,6763016.2],[230851.4,6763013.2],[230856.0,6762998.1],[230799.9,6762986.2],[230781.9,6762983.6],[230774.9,6763005.2],[230759.0,6763057.2],[230756.1,6763057.2],[230728.5,6763133.1],[230741.1,6763130.2],[230752.6,6763130.6],[230769.6,6763136.0],[230773.6,6763144.6],[230799.6,6763156.8],[230791.8,6763181.7],[230819.0,6763183.1],[230849.6,6763183.7],[230864.3,6763186.9],[230883.6,6763189.7],[230898.7,6763196.7],[230908.4,6763203.8],[230898.6,6763224.2],[230846.2,6763268.5],[230838.8,6763274.6],[230828.1,6763305.5],[230813.7,6763351.1],[230814.8,6763362.0],[230839.8,6763366.4],[230864.8,6763346.1],[230893.5,6763326.2],[230895.7,6763337.2],[230901.7,6763411.6],[230895.7,6763478.3],[230907.3,6763508.0],[230925.8,6763517.7],[230945.3,6763520.2],[230960.8,6763519.2],[231060.5,6763514.2],[231109.5,6763511.7],[231203.2,6763498.4],[231216.9,6763494.3],[231239.1,6763482.6],[231252.0,6763472.4],[231253.1,6763531.9],[231258.1,6763569.6],[231255.6,6763570.2],[231260.5,6763592.6],[231265.9,6763635.6],[231149.2,6763654.4],[231148.6,6763670.6],[231151.3,6763681.9],[231170.6,6763744.8],[231172.5,6763744.5],[231181.3,6763765.7],[231192.3,6763793.9],[231210.0,6763786.3],[231209.3,6763784.2],[231240.6,6763772.1],[231233.5,6763826.6],[231232.1,6763872.0],[231233.4,6763894.9],[231233.7,6763903.6],[231236.1,6763912.3],[231240.3,6763919.8],[231244.8,6763923.1],[231227.5,6763949.5],[231236.3,6763958.9],[231263.5,6763980.8],[231330.6,6764036.9],[231230.8,6764198.1],[231226.1,6764208.0],[231215.6,6764224.3],[231316.0,6764287.3],[231323.8,6764269.8],[231325.1,6764261.1],[231343.8,6764245.5],[231356.8,6764228.6],[231403.4,6764237.5],[231427.5,6764168.6],[231327.2,6764113.1],[231341.9,6764081.1],[231345.5,6764079.2],[231345.9,6764070.6],[231355.4,6764056.8],[231332.3,6764035.0],[231295.5,6764004.0],[231276.8,6763988.7],[231248.9,6763965.5],[231230.7,6763949.4],[231245.8,6763924.7],[231261.5,6763910.9],[231278.7,6763899.9],[231338.8,6763861.7],[231349.7,6763856.6],[231366.1,6763852.2],[231381.7,6763849.2],[231419.9,6763846.4],[231437.9,6763847.9],[231448.0,6763863.3],[231467.4,6763897.8],[231481.2,6763885.7],[231547.8,6763836.2],[231566.8,6763822.6],[231583.7,6763800.1],[231612.1,6763756.5],[231628.1,6763722.2],[231610.0,6763703.7],[231532.0,6763617.6],[231525.4,6763620.7],[231521.8,6763618.4],[231509.2,6763614.3],[231509.5,6763620.7],[231497.2,6763621.1],[231486.3,6763621.3],[231485.9,6763615.0],[231442.1,6763615.9],[231378.7,6763614.4],[231369.1,6763563.4],[231356.5,6763497.8],[231349.3,6763461.2],[231341.8,6763441.5],[231338.8,6763438.9],[231333.1,6763438.7],[231325.5,6763442.4],[231317.3,6763444.8],[231313.6,6763443.3],[231311.3,6763441.5],[231308.5,6763438.4],[231298.2,6763436.9]]]]}},{"type":"Feature","properties":{"fid":558.0,"code_qp":"QN05603M","lib_qp":"Enezeg","insee_reg":"53","lib_reg":"Bretagne","insee_dep":"56","lib_dep":"Morbihan","insee_com":"56098","lib_com":"Lanester","siren_epci":"200042174"},"geometry":{"type":"MultiPolygon","coordinates":[[[[225079.5,6759544.3],[225070.6,6759621.9],[225068.7,6759644.2],[225064.0,6759645.8],[225062.6,6759648.9],[225062.7,6759651.2],[225052.0,6759653.1],[225000.8,6759648.0],[224988.7,6759671.8],[225051.4,6759677.3],[225083.2,6759679.6],[225083.7,6759677.6],[225113.1,6759680.0],[225113.2,6759692.6],[225148.3,6759697.4],[225196.4,6759699.0],[225201.9,6759734.8],[225250.3,6759725.3],[225269.2,6759723.1],[225277.2,6759720.7],[225286.2,6759722.8],[225298.0,6759726.0],[225341.7,6759823.0],[225356.5,6759853.6],[225382.6,6759899.0],[225398.6,6759921.3],[225620.6,6759809.8],[225639.6,6759800.2],[225663.8,6759789.0],[225692.9,6759776.4],[225754.6,6759757.4],[225777.8,6759752.3],[225770.1,6759729.2],[225764.9,6759713.6],[225762.0,6759710.6],[225753.0,6759705.5],[225749.8,6759702.4],[225742.1,6759698.7],[225733.5,6759697.2],[225712.1,6759693.7],[225697.6,6759684.4],[225664.8,6759601.7],[225645.7,6759537.4],[225625.1,6759467.4],[225612.9,6759352.0],[225602.3,6759285.3],[225684.8,6759289.8],[225685.1,6759284.9],[225731.2,6759286.9],[225752.6,6759281.3],[225770.3,6759282.0],[225781.1,6759275.3],[225801.0,6759276.9],[225816.3,6759284.8],[225960.2,6759289.5],[225966.3,6759290.9],[225945.9,6759346.1],[225940.4,6759372.5],[225940.7,6759375.4],[226019.0,6759406.9],[226045.7,6759394.0],[226064.6,6759385.9],[226074.4,6759380.9],[226092.2,6759407.9],[226097.9,6759417.3],[226098.6,6759422.7],[226126.2,6759415.7],[226138.6,6759411.0],[226154.9,6759402.4],[226159.6,6759409.9],[226179.0,6759418.1],[226198.3,6759411.2],[226198.4,6759416.5],[226200.0,6759421.2],[226207.1,6759427.4],[226229.3,6759430.6],[226245.9,6759440.4],[226300.3,6759440.7],[226377.6,6759443.0],[226378.5,6759422.7],[226388.8,6759366.5],[226411.6,6759287.2],[226406.6,6759285.6],[226402.9,6759282.3],[226400.7,6759277.0],[226402.0,6759272.2],[226369.0,6759263.4],[226196.3,6759257.3],[226173.3,6759254.4],[225987.1,6759250.2],[225780.0,6759239.5],[225595.7,6759233.1],[225592.9,6759231.0],[225580.5,6759230.9],[225578.9,6759195.2],[225588.2,6759134.1],[225577.9,6759132.7],[225580.1,6759107.1],[225511.8,6759094.6],[225477.4,6759084.7],[225478.2,6759082.3],[225470.2,6759079.2],[225458.8,6759072.3],[225452.6,6759066.5],[225449.4,6759061.2],[225441.6,6759057.9],[225428.7,6759052.4],[225405.5,6759052.9],[225386.4,6759053.7],[225379.2,6759053.4],[225364.7,6759051.5],[225361.8,6759048.5],[225350.8,6759046.8],[225330.2,6759043.6],[225317.3,6759041.0],[225309.7,6759037.2],[225318.7,6758993.5],[225331.3,6758930.8],[225294.0,6758941.1],[225222.4,6758943.1],[225207.3,6758945.1],[225180.6,6759044.5],[225232.5,6759045.5],[225255.7,6759046.5],[225263.3,6759046.5],[225269.8,6759049.0],[225273.0,6759047.1],[225303.0,6759045.7],[225379.5,6759054.9],[225387.0,6759057.3],[225405.8,6759056.8],[225406.4,6759079.8],[225434.8,6759086.2],[225431.7,6759103.2],[225423.0,6759099.8],[225419.8,6759102.6],[225412.1,6759102.6],[225412.8,6759123.6],[225419.0,6759123.3],[225421.5,6759203.1],[225461.6,6759201.0],[225463.0,6759236.1],[225566.5,6759232.0],[225587.5,6759232.8],[225593.2,6759233.4],[225593.4,6759235.7],[225599.4,6759263.7],[225576.4,6759268.3],[225568.8,6759269.1],[225557.9,6759268.8],[225456.5,6759273.6],[225321.1,6759278.7],[225321.7,6759283.6],[225322.2,6759299.1],[225361.9,6759352.4],[225400.4,6759401.7],[225417.8,6759423.1],[225418.7,6759427.7],[225423.6,6759428.5],[225466.5,6759484.1],[225622.0,6759683.3],[225606.6,6759698.9],[225601.4,6759704.2],[225593.3,6759709.3],[225588.5,6759710.3],[225581.6,6759706.8],[225563.5,6759684.4],[225548.8,6759674.5],[225533.2,6759697.5],[225522.0,6759687.2],[225509.7,6759668.4],[225507.3,6759666.5],[225501.7,6759661.4],[225500.0,6759663.5],[225482.9,6759651.0],[225466.3,6759642.5],[225455.9,6759660.0],[225437.5,6759649.2],[225434.7,6759659.5],[225413.7,6759648.3],[225430.4,6759622.5],[225403.8,6759608.2],[225420.7,6759580.3],[225394.1,6759547.7],[225380.4,6759546.5],[225334.5,6759516.2],[225315.8,6759543.3],[225312.9,6759540.7],[225302.0,6759554.0],[225284.8,6759577.4],[225277.9,6759578.0],[225279.2,6759586.9],[225272.6,6759597.0],[225266.3,6759592.2],[225262.2,6759582.4],[225256.4,6759573.9],[225238.4,6759581.5],[225177.0,6759596.3],[225163.4,6759529.7],[225079.5,6759544.3]]]]}},{"type":"Feature","properties":{"fid":559.0,"code_qp":"QN05604M","lib_qp":"Kervenanec Nord","insee_reg":"53","lib_reg":"Bretagne","insee_dep":"56","lib_dep":"Morbihan","insee_com":"56121","lib_com":"Lorient","siren_epci":"200042174"},"geometry":{"type":"MultiPolygon","coordinates":[[[[221392.8,6757607.6],[221425.5,6757606.1],[221433.6,6757604.5],[221427.5,6757580.2],[221425.0,6757575.0],[221444.3,6757565.9],[221480.3,6757545.9],[221480.8,6757539.3],[221490.9,6757534.3],[221495.7,6757482.5],[221483.4,6757481.4],[221497.2,6757437.8],[221492.3,6757436.2],[221497.0,6757421.1],[221474.7,6757412.5],[221460.9,6757406.2],[221473.7,6757369.3],[221464.8,6757363.8],[221464.9,6757355.6],[221438.8,6757355.7],[221447.4,6757228.3],[221441.7,6757193.7],[221367.3,6757192.8],[221368.6,6757160.8],[221368.3,6757103.9],[221265.0,6757102.6],[221254.9,6757110.1],[221266.3,6757125.6],[221265.3,6757222.6],[221278.9,6757222.1],[221278.1,6757265.6],[221231.1,6757264.3],[221259.1,6757482.4],[221258.9,6757512.8],[221254.1,6757521.1],[221254.9,6757537.5],[221253.5,6757583.7],[221253.0,6757616.3],[221282.0,6757614.2],[221333.9,6757609.5],[221392.8,6757607.6]]]]}},{"type":"Feature","properties":{"fid":560.0,"code_qp":"QN05605M","lib_qp":"Polygone Frebault","insee_reg":"53","lib_reg":"Bretagne","insee_dep":"56","lib_dep":"Morbihan","insee_com":"56121","lib_com":"Lorient","siren_epci":"200042174"},"geometry":{"type":"MultiPolygon","coordinates":[[[[222913.6,6757100.7],[222823.2,6757065.0],[222737.8,6757031.3],[222723.3,6757026.9],[222616.4,6756984.9],[222627.9,6756949.0],[222638.8,6756952.1],[222698.1,6756951.6],[222703.5,6756943.3],[222665.5,6756916.2],[222552.3,6756874.0],[222583.7,6756791.9],[222594.2,6756766.3],[222537.7,6756744.8],[222527.2,6756770.8],[222493.8,6756757.3],[222486.5,6756756.5],[222477.9,6756760.8],[222457.5,6756777.9],[222440.6,6756799.0],[222414.9,6756833.7],[222394.9,6756861.0],[222381.7,6756885.5],[222375.3,6756896.2],[222372.7,6756907.5],[222371.1,6756920.4],[222377.2,6756944.6],[222377.5,6756946.9],[222383.1,6756950.1],[222388.3,6756956.7],[222391.4,6756967.1],[222428.0,6756972.4],[222469.6,6756981.7],[222494.0,6756990.2],[222687.1,6757063.5],[222659.3,6757139.2],[222752.1,6757173.8],[222826.0,6757201.8],[222867.0,6757219.3],[222881.6,6757181.8],[222895.8,6757144.7],[222997.9,6757183.1],[222991.7,6757197.1],[222971.0,6757250.4],[222969.0,6757257.8],[223078.9,6757299.9],[223100.7,6757222.8],[223107.7,6757224.4],[223263.5,6757276.0],[223253.8,6757209.4],[223219.5,6757207.6],[223219.7,6757200.2],[223215.5,6757201.0],[223200.9,6757199.4],[223200.9,6757206.9],[223162.5,6757205.0],[223161.9,6757203.6],[223160.1,6757180.7],[223114.4,6757169.1],[223057.1,6757153.8],[222913.6,6757100.7]]]]}},{"type":"Feature","properties":{"fid":561.0,"code_qp":"QN05606M","lib_qp":"Bois du Château","insee_reg":"53","lib_reg":"Bretagne","insee_dep":"56","lib_dep":"Morbihan","insee_com":"56121","lib_com":"Lorient","siren_epci":"200042174"},"geometry":{"type":"MultiPolygon","coordinates":[[[[222798.2,6759976.1],[222802.4,6759984.7],[222836.8,6760095.9],[222843.2,6760113.0],[222849.6,6760125.1],[222858.4,6760122.5],[222864.2,6760123.7],[222959.9,6760193.7],[223123.4,6760056.3],[223160.3,6760053.1],[223154.2,6760011.8],[223087.9,6759966.1],[223091.2,6759961.5],[223133.1,6759959.4],[223136.9,6759956.5],[223136.1,6759910.0],[223172.5,6759907.4],[223172.5,6759916.2],[223184.8,6759916.3],[223189.7,6759911.5],[223199.8,6759907.5],[223198.3,6759844.8],[223198.3,6759837.9],[223206.3,6759837.4],[223218.8,6759833.1],[223226.3,6759828.4],[223237.1,6759814.1],[223238.2,6759799.4],[223238.6,6759744.5],[223238.5,6759733.6],[223237.8,6759697.2],[223212.5,6759703.0],[223202.4,6759700.1],[223195.3,6759693.5],[223154.5,6759682.1],[223120.6,6759672.5],[223114.0,6759691.6],[223080.4,6759679.3],[223031.8,6759662.0],[223042.6,6759642.2],[223055.0,6759618.2],[223057.0,6759613.6],[223029.7,6759599.2],[223068.1,6759529.3],[223086.1,6759496.0],[222952.4,6759424.3],[222926.0,6759411.8],[222906.9,6759409.6],[222885.3,6759411.1],[222872.5,6759416.0],[222869.7,6759425.5],[222864.5,6759428.2],[222866.6,6759486.1],[222865.9,6759499.1],[222865.6,6759510.0],[222859.4,6759518.9],[222766.8,6759574.5],[222747.2,6759541.0],[222766.4,6759529.3],[222757.5,6759513.0],[222699.2,6759549.0],[222694.6,6759556.2],[222681.8,6759582.3],[222678.9,6759581.9],[222676.4,6759577.7],[222657.2,6759589.4],[222652.3,6759580.3],[222641.6,6759586.0],[222603.2,6759522.3],[222618.9,6759512.6],[222606.7,6759492.3],[222592.8,6759499.2],[222568.1,6759511.4],[222550.2,6759521.6],[222535.6,6759540.1],[222546.5,6759549.5],[222559.4,6759567.1],[222602.3,6759635.3],[222612.6,6759653.1],[222639.6,6759695.7],[222798.2,6759976.1]]]]}},{"type":"Feature","properties":{"fid":562.0,"code_qp":"QN05607M","lib_qp":"Kerguillette - Petit Paradis - St Armel","insee_reg":"53","lib_reg":"Bretagne","insee_dep":"56","lib_dep":"Morbihan","insee_com":"56121","lib_com":"Lorient","siren_epci":"200042174"},"geometry":{"type":"MultiPolygon","coordinates":[[[[221592.7,6759804.0],[221682.4,6759840.3],[221736.3,6759874.7],[221749.3,6759879.7],[221799.3,6759890.3],[221799.0,6759864.0],[221817.4,6759864.3],[221822.8,6759822.7],[221855.1,6759822.7],[221865.2,6759823.9],[221868.2,6759780.8],[222376.3,6759785.5],[222377.2,6759811.3],[222377.7,6759823.0],[222419.2,6759820.6],[222422.5,6759969.8],[222403.9,6760052.1],[222446.4,6760066.1],[222415.3,6760153.6],[222352.6,6760126.2],[222341.5,6760147.7],[222386.3,6760166.6],[222452.8,6760232.5],[222455.4,6760232.6],[222455.7,6760235.2],[222495.3,6760234.7],[222496.0,6760227.3],[222552.9,6760228.5],[222553.1,6760218.8],[222557.7,6760219.3],[222560.6,6760205.7],[222569.1,6760188.5],[222576.2,6760169.4],[222581.7,6760149.0],[222582.1,6760146.0],[222587.2,6760068.4],[222572.5,6760055.5],[222566.2,6760051.6],[222523.7,6760061.2],[222521.4,6760063.1],[222476.2,6760072.3],[222477.5,6760068.1],[222466.0,6760069.5],[222465.6,6760071.2],[222456.9,6760071.2],[222457.0,6760069.9],[222453.1,6760069.6],[222455.9,6760062.4],[222475.6,6760060.3],[222474.6,6760017.5],[222477.7,6760017.8],[222480.2,6760012.8],[222476.7,6760007.1],[222482.5,6759981.8],[222478.1,6759967.2],[222481.8,6759961.2],[222487.9,6759931.4],[222529.9,6759939.9],[222543.0,6759941.6],[222542.9,6759952.0],[222543.0,6759964.4],[222546.1,6759983.0],[222558.4,6760001.8],[222561.6,6760012.2],[222567.8,6760010.4],[222601.0,6760007.9],[222588.9,6759938.5],[222596.2,6759900.7],[222602.6,6759890.1],[222624.4,6759886.1],[222610.4,6759827.8],[222619.5,6759826.3],[222614.0,6759809.4],[222588.4,6759809.9],[222584.6,6759781.3],[222581.4,6759765.7],[222567.3,6759738.4],[222558.4,6759725.8],[222547.3,6759709.4],[222520.6,6759726.0],[222511.1,6759709.8],[222499.7,6759695.1],[222441.2,6759631.0],[222431.7,6759632.2],[222399.2,6759637.0],[222404.9,6759652.4],[222412.6,6759678.1],[222393.2,6759682.2],[222428.2,6759737.5],[222368.1,6759744.2],[222368.0,6759770.7],[222365.3,6759781.4],[222226.2,6759780.0],[222226.3,6759774.3],[222225.8,6759737.1],[222121.3,6759736.3],[222111.2,6759636.4],[222112.2,6759627.8],[222117.2,6759626.9],[222140.4,6759622.5],[222159.3,6759623.9],[222153.6,6759568.9],[222123.6,6759565.0],[222093.7,6759568.0],[222106.2,6759611.5],[222106.6,6759617.7],[222096.1,6759620.3],[221946.1,6759590.0],[221941.0,6759614.4],[221971.7,6759631.5],[221941.7,6759689.2],[221936.3,6759686.2],[221913.8,6759749.4],[221913.0,6759778.5],[221863.2,6759778.9],[221862.3,6759802.4],[221816.4,6759802.2],[221815.5,6759761.9],[221819.6,6759750.5],[221696.9,6759690.9],[221689.1,6759626.0],[221686.3,6759620.4],[221696.1,6759614.7],[221768.1,6759578.6],[221824.5,6759549.0],[221827.3,6759540.0],[221824.0,6759526.9],[221822.6,6759514.7],[221821.2,6759496.8],[221829.1,6759375.2],[221779.2,6759372.0],[221780.5,6759353.6],[221769.1,6759362.0],[221740.9,6759386.0],[221729.2,6759391.5],[221716.7,6759394.0],[221648.4,6759386.8],[221640.6,6759449.8],[221634.2,6759495.4],[221684.5,6759507.2],[221684.9,6759508.7],[221726.2,6759516.8],[221708.9,6759595.1],[221712.1,6759604.1],[221675.6,6759624.4],[221631.3,6759647.0],[221506.4,6759708.8],[221467.6,6759727.7],[221454.7,6759732.5],[221457.8,6759739.5],[221460.0,6759746.6],[221456.5,6759760.2],[221472.1,6759768.6],[221483.0,6759772.6],[221552.9,6759787.4],[221592.7,6759804.0]]]]}},{"type":"Feature","properties":{"fid":563.0,"code_qp":"QN05608M","lib_qp":"Kercado","insee_reg":"53","lib_reg":"Bretagne","insee_dep":"56","lib_dep":"Morbihan","insee_com":"56260","lib_com":"Vannes","siren_epci":"200067932"},"geometry":{"type":"MultiPolygon","coordinates":[[[[267176.9,6743550.7],[267243.7,6743590.4],[267316.0,6743649.2],[267364.1,6743627.3],[267394.5,6743610.6],[267413.4,6743598.7],[267425.9,6743592.3],[267443.3,6743590.8],[267482.0,6743582.5],[267483.2,6743589.5],[267485.9,6743590.8],[267510.9,6743583.5],[267501.6,6743532.2],[267497.4,6743518.4],[267491.7,6743520.0],[267478.8,6743490.1],[267493.2,6743484.8],[267490.2,6743419.6],[267437.2,6743432.8],[267435.5,6743421.3],[267429.6,6743362.4],[267429.4,6743349.9],[267370.3,6743358.8],[267348.9,6743366.2],[267338.4,6743365.9],[267336.5,6743358.2],[267328.0,6743358.8],[267311.4,6743302.3],[267236.6,6743323.9],[267190.7,6743333.0],[267181.6,6743332.3],[267181.3,6743361.0],[267172.3,6743361.6],[267080.8,6743368.9],[267032.9,6743374.6],[267025.8,6743405.6],[267001.9,6743396.6],[266998.0,6743402.9],[266971.7,6743391.5],[266889.9,6743398.4],[266888.8,6743387.1],[266774.8,6743396.1],[266759.0,6743211.0],[266681.7,6743217.2],[266717.6,6743160.8],[266743.1,6743176.1],[266759.1,6743151.2],[266753.5,6743103.8],[266812.6,6743012.3],[266916.9,6742848.4],[266909.9,6742816.6],[266834.0,6742776.7],[266817.4,6742797.2],[266696.0,6742988.0],[266696.5,6742987.4],[266672.5,6743025.5],[266651.4,6743058.3],[266646.1,6743055.7],[266545.2,6742989.8],[266422.0,6743186.5],[266475.3,6743221.8],[266526.7,6743253.3],[266580.0,6743288.6],[266584.9,6743295.4],[266588.1,6743301.0],[266590.1,6743309.1],[266597.3,6743381.8],[266590.5,6743382.8],[266550.2,6743387.1],[266522.0,6743416.7],[266545.3,6743439.8],[266550.0,6743444.2],[266566.2,6743458.5],[266598.1,6743425.4],[266605.4,6743420.4],[266683.7,6743494.9],[266687.3,6743498.1],[266695.9,6743501.7],[266710.3,6743513.7],[266714.0,6743518.5],[266719.4,6743530.7],[266722.2,6743544.7],[266730.6,6743658.1],[266744.3,6743663.5],[266774.7,6743669.2],[266771.3,6743627.7],[266977.9,6743644.5],[266977.5,6743601.8],[266973.5,6743550.1],[267018.9,6743537.9],[267022.7,6743533.1],[267028.2,6743537.1],[267036.3,6743536.2],[267038.1,6743544.8],[267047.0,6743561.1],[267060.3,6743581.1],[267076.4,6743602.7],[267076.1,6743605.9],[267061.7,6743634.6],[267058.1,6743646.1],[267072.9,6743655.9],[267186.2,6743652.5],[267177.8,6743612.3],[267177.1,6743584.6],[267176.9,6743550.7]]]]}},{"type":"Feature","properties":{"fid":564.0,"code_qp":"QN05609M","lib_qp":"Ménimur","insee_reg":"53","lib_reg":"Bretagne","insee_dep":"56","lib_dep":"Morbihan","insee_com":"56260","lib_com":"Vannes","siren_epci":"200067932"},"geometry":{"type":"MultiPolygon","coordinates":[[[[268284.2,6746074.2],[268294.9,6746043.4],[268223.4,6746017.0],[268220.9,6746016.1],[268221.5,6746007.6],[268226.9,6745988.8],[268240.9,6745967.7],[268242.9,6745962.9],[268239.8,6745938.0],[268238.2,6745935.1],[268238.0,6745911.6],[268237.9,6745911.1],[268236.3,6745894.1],[268236.3,6745893.6],[268236.0,6745889.1],[268235.2,6745877.9],[268242.3,6745847.2],[268243.9,6745816.6],[268239.7,6745801.5],[268231.1,6745788.9],[268225.2,6745788.5],[268223.9,6745781.5],[268223.1,6745776.3],[268222.8,6745751.8],[268222.7,6745751.1],[268221.3,6745730.5],[268221.1,6745728.2],[268158.5,6745724.8],[267979.6,6745712.9],[268021.4,6745770.1],[268027.0,6745812.6],[268083.2,6745829.6],[268083.1,6745838.6],[268073.4,6745838.5],[268075.1,6745903.4],[268037.2,6745904.6],[268039.7,6746007.7],[268035.7,6746009.3],[267989.7,6746009.3],[267946.0,6746058.3],[267920.5,6746091.7],[267915.6,6746096.3],[267830.1,6746024.6],[267810.6,6746006.3],[267782.8,6745985.4],[267777.8,6745979.4],[267766.7,6745971.1],[267716.2,6745928.9],[267707.0,6745923.1],[267709.3,6745915.2],[267750.9,6745862.0],[267764.4,6745873.3],[267780.2,6745866.7],[267800.5,6745843.2],[267804.4,6745836.7],[267809.4,6745828.9],[267815.8,6745816.5],[267816.9,6745810.2],[267820.4,6745795.0],[267824.4,6745783.0],[267827.4,6745773.7],[267844.0,6745768.3],[267843.4,6745762.3],[267847.2,6745755.9],[267852.2,6745753.4],[267859.8,6745752.4],[267847.7,6745693.3],[267715.3,6745683.3],[267689.3,6745753.4],[267712.5,6745762.7],[267765.9,6745805.0],[267769.8,6745810.8],[267771.6,6745815.4],[267773.1,6745823.2],[267772.5,6745830.2],[267770.2,6745835.9],[267708.3,6745914.4],[267705.1,6745922.7],[267697.6,6745923.2],[267687.0,6745934.5],[267642.5,6745987.7],[267599.0,6745948.7],[267658.9,6745878.3],[267571.9,6745803.8],[267543.3,6745837.8],[267516.6,6745869.0],[267509.8,6745875.7],[267522.3,6745884.9],[267510.3,6745899.0],[267510.0,6745897.3],[267492.0,6745898.2],[267484.1,6745891.6],[267483.6,6745885.4],[267448.7,6745928.2],[267453.1,6745927.4],[267455.2,6745966.3],[267482.4,6745989.8],[267503.6,6746008.2],[267575.2,6746066.0],[267512.4,6746143.4],[267441.5,6746084.1],[267397.7,6746136.3],[267401.0,6746138.2],[267397.2,6746142.7],[267466.2,6746199.3],[267502.2,6746157.6],[267579.4,6746222.6],[267727.2,6746346.1],[267781.2,6746388.3],[267785.5,6746406.8],[267796.2,6746501.5],[267912.7,6746485.0],[267911.7,6746477.8],[267950.0,6746473.4],[267958.9,6746381.9],[267901.3,6746387.9],[267895.7,6746323.9],[267887.1,6746322.4],[267867.4,6746310.5],[267848.9,6746295.1],[267802.7,6746256.9],[267815.7,6746241.8],[267927.5,6746106.9],[267939.7,6746114.4],[267960.6,6746124.0],[267974.9,6746125.8],[267994.8,6746125.1],[268062.5,6746104.9],[268157.4,6746075.3],[268205.5,6746061.7],[268220.1,6746056.9],[268233.8,6746055.9],[268244.1,6746057.5],[268276.0,6746070.3],[268284.2,6746074.2]]]]}},{"type":"Feature","properties":{"fid":1094.0,"code_qp":"QN08501I","lib_qp":"Jean Yole - Pyramides","insee_reg":"52","lib_reg":"Pays de la Loire","insee_dep":"85","lib_dep":"Vendée","insee_com":"85191","lib_com":"La Roche-sur-Yon","siren_epci":"248500589"},"geometry":{"type":"MultiPolygon","coordinates":[[[[361243.3,6629606.0],[361269.8,6629596.6],[361439.2,6629558.0],[361533.2,6629538.8],[361554.3,6629537.0],[361573.2,6629790.0],[361595.4,6629793.2],[361595.8,6629791.6],[361612.0,6629786.7],[361610.7,6629782.0],[361633.3,6629774.1],[361641.3,6629801.2],[361648.8,6629798.6],[361647.8,6629795.1],[361674.7,6629788.0],[361705.8,6629786.0],[361702.7,6629730.9],[361759.4,6629728.1],[361761.3,6629764.7],[361770.2,6629771.8],[361794.5,6629768.2],[361800.3,6629766.0],[361828.1,6629744.5],[361824.8,6629738.7],[361820.5,6629726.3],[361818.5,6629714.7],[361816.9,6629699.7],[361818.4,6629673.3],[361822.4,6629659.1],[361834.2,6629639.1],[361846.2,6629624.6],[361856.4,6629615.6],[361864.3,6629610.6],[361871.3,6629608.2],[361890.5,6629606.4],[361890.0,6629613.8],[361891.3,6629639.0],[361939.6,6629720.0],[362048.3,6629656.6],[362089.2,6629628.8],[362052.0,6629582.6],[362037.1,6629593.0],[362021.9,6629597.3],[361962.2,6629601.9],[361959.0,6629560.2],[361961.9,6629559.8],[361958.2,6629510.9],[361973.9,6629508.7],[361981.7,6629503.0],[361983.6,6629499.5],[361984.6,6629484.5],[361982.1,6629427.4],[361982.2,6629415.1],[361979.0,6629399.5],[361975.1,6629351.5],[361840.2,6629361.2],[361838.6,6629449.3],[361720.7,6629463.4],[361666.8,6629467.7],[361664.2,6629445.9],[361573.6,6629453.3],[361563.9,6629459.7],[361552.6,6629461.4],[361550.9,6629437.5],[361539.1,6629439.1],[361537.8,6629430.7],[361531.2,6629431.2],[361519.5,6629392.4],[361519.6,6629387.4],[361513.6,6629367.0],[361510.4,6629350.4],[361507.2,6629344.4],[361502.2,6629328.4],[361499.1,6629311.9],[361476.3,6629328.1],[361430.3,6629357.1],[361432.3,6629382.1],[361431.4,6629414.6],[361426.0,6629425.5],[361425.3,6629430.6],[361379.6,6629420.5],[361370.3,6629419.2],[361367.7,6629424.5],[361316.9,6629432.9],[361301.2,6629458.0],[361291.6,6629474.3],[361285.4,6629494.6],[361271.3,6629494.5],[361267.6,6629501.8],[361241.3,6629488.3],[361211.5,6629553.3],[361139.8,6629530.9],[361123.4,6629597.8],[361115.2,6629612.5],[361118.7,6629628.8],[361131.9,6629645.5],[361152.8,6629659.9],[361177.7,6629662.2],[361192.3,6629645.4],[361211.4,6629625.8],[361224.7,6629615.8],[361243.3,6629606.0]]]]}},{"type":"Feature","properties":{"fid":1095.0,"code_qp":"QN08502I","lib_qp":"Vigne-aux-Roses","insee_reg":"52","lib_reg":"Pays de la Loire","insee_dep":"85","lib_dep":"Vendée","insee_com":"85191","lib_com":"La Roche-sur-Yon","siren_epci":"248500589"},"geometry":{"type":"MultiPolygon","coordinates":[[[[361851.8,6627460.8],[361828.5,6627475.9],[361784.1,6627491.2],[361778.4,6627491.8],[361775.3,6627494.1],[361772.2,6627495.9],[361767.7,6627498.1],[361772.6,6627511.0],[361780.3,6627535.5],[361783.6,6627540.5],[361817.6,6627611.2],[361836.8,6627653.9],[361853.9,6627697.2],[361861.0,6627693.4],[361914.2,6627667.3],[361916.2,6627665.8],[361926.7,6627659.2],[361941.5,6627667.3],[361950.7,6627670.5],[361968.0,6627675.8],[361972.3,6627677.1],[362006.3,6627559.1],[362011.5,6627541.1],[362022.6,6627501.5],[362053.5,6627401.2],[362060.9,6627374.0],[362062.1,6627369.7],[362082.5,6627296.3],[362094.6,6627254.0],[362104.6,6627221.4],[362108.6,6627205.7],[362118.8,6627171.1],[362144.5,6627083.8],[362161.9,6627021.6],[362155.3,6627019.4],[362110.3,6627005.7],[362105.4,6627010.4],[362018.9,6627038.3],[361993.3,6627051.5],[361991.0,6627055.5],[361982.2,6627057.2],[361953.4,6627079.3],[361917.8,6627130.9],[361908.6,6627147.8],[361898.9,6627206.5],[361862.8,6627235.7],[361865.8,6627239.3],[361856.8,6627323.4],[361862.6,6627324.8],[361863.5,6627327.9],[361870.0,6627331.9],[361854.6,6627353.3],[361852.7,6627360.2],[361854.7,6627361.6],[361853.6,6627377.9],[361852.1,6627389.1],[361854.4,6627394.6],[361857.0,6627399.0],[361872.2,6627418.2],[361890.5,6627444.8],[361851.8,6627460.8]]]]}},{"type":"Feature","properties":{"fid":1096.0,"code_qp":"QN08503I","lib_qp":"Liberté - Zola","insee_reg":"52","lib_reg":"Pays de la Loire","insee_dep":"85","lib_dep":"Vendée","insee_com":"85191","lib_com":"La Roche-sur-Yon","siren_epci":"248500589"},"geometry":{"type":"MultiPolygon","coordinates":[[[[360659.6,6627714.0],[360612.7,6627868.4],[360629.6,6627867.9],[360646.2,6627870.2],[360673.4,6627873.8],[360724.1,6627881.9],[360725.8,6627876.7],[360733.0,6627853.5],[360755.1,6627867.4],[360776.0,6627810.8],[360830.2,6627898.7],[360844.5,6627914.6],[360853.3,6627934.5],[360856.6,6627951.4],[360875.6,6627996.7],[360895.7,6628035.8],[360937.7,6628128.4],[360938.8,6628131.0],[360948.7,6628129.5],[360975.5,6628120.0],[360999.2,6628112.0],[361023.4,6628106.6],[361028.9,6628100.3],[361016.8,6628058.7],[360999.4,6628001.7],[360978.3,6627955.6],[360969.4,6627930.0],[360939.2,6627874.5],[360956.2,6627862.7],[361014.1,6627872.4],[361040.4,6627868.5],[361056.6,6627863.4],[361092.5,6627859.6],[361104.6,6627857.1],[361110.4,6627856.9],[361123.5,6627859.3],[361084.7,6627796.6],[361050.4,6627747.7],[361108.8,6627701.7],[361070.0,6627618.4],[361073.5,6627614.5],[361113.6,6627583.2],[361117.2,6627535.0],[361133.7,6627537.5],[361143.9,6627548.2],[361161.0,6627528.6],[361169.2,6627522.9],[361189.3,6627497.1],[361192.2,6627486.3],[361205.9,6627476.2],[361169.0,6627428.6],[361137.6,6627400.7],[361109.5,6627383.8],[361089.9,6627374.5],[361077.3,6627368.9],[361067.4,6627368.0],[361050.3,6627365.2],[361018.5,6627368.4],[361007.7,6627372.5],[360945.8,6627383.3],[360924.4,6627388.5],[360916.1,6627397.4],[360923.8,6627456.8],[360934.6,6627522.6],[360943.7,6627561.4],[360950.1,6627581.2],[360966.9,6627619.3],[360984.1,6627651.5],[360994.5,6627667.1],[360946.2,6627690.0],[360948.3,6627693.6],[360924.9,6627704.9],[360938.6,6627738.0],[360912.4,6627749.2],[360882.5,6627767.5],[360837.9,6627719.9],[360829.5,6627713.0],[360809.0,6627739.2],[360767.2,6627704.8],[360746.6,6627689.5],[360764.8,6627666.5],[360755.7,6627659.7],[360702.2,6627632.6],[360651.7,6627614.2],[360647.9,6627628.4],[360646.2,6627636.0],[360643.8,6627635.9],[360635.8,6627644.2],[360625.0,6627656.8],[360598.5,6627687.3],[360595.4,6627691.8],[360625.3,6627700.0],[360660.3,6627711.6],[360659.6,6627714.0]]]]}},{"type":"Feature","properties":{"fid":1097.0,"code_qp":"QN08504I","lib_qp":"Centre - Moulins Liots","insee_reg":"52","lib_reg":"Pays de la Loire","insee_dep":"85","lib_dep":"Vendée","insee_com":"85092","lib_com":"Fontenay-le-Comte","siren_epci":"200071934"},"geometry":{"type":"MultiPolygon","coordinates":[[[[409776.7,6602718.0],[409746.2,6602742.8],[409742.0,6602747.8],[409741.8,6602753.1],[409745.2,6602771.0],[409721.0,6602768.9],[409714.2,6602769.6],[409708.3,6602771.9],[409701.8,6602775.8],[409656.5,6602811.6],[409651.6,6602814.2],[409639.3,6602816.2],[409613.5,6602815.1],[409623.0,6602764.0],[409615.5,6602764.7],[409564.7,6602708.2],[409465.0,6602783.6],[409539.1,6602877.0],[409545.6,6602884.1],[409553.0,6602889.5],[409561.8,6602894.4],[409572.8,6602898.9],[409541.1,6602960.2],[409514.4,6603041.7],[409528.7,6603063.0],[409586.3,6603075.3],[409602.4,6603075.3],[409606.8,6603090.6],[409571.2,6603103.6],[409572.3,6603110.6],[409523.2,6603122.0],[409524.4,6603127.9],[409466.8,6603146.6],[409431.1,6603160.0],[409394.0,6603175.5],[409388.9,6603178.4],[409385.9,6603183.8],[409365.3,6603205.8],[409378.8,6603219.0],[409362.3,6603234.8],[409351.7,6603227.1],[409337.6,6603215.5],[409328.5,6603225.6],[409311.9,6603242.4],[409304.3,6603243.0],[409289.8,6603233.3],[409259.0,6603210.6],[409245.2,6603199.8],[409212.1,6603243.2],[409176.4,6603285.9],[409108.7,6603211.7],[409104.5,6603215.8],[409119.0,6603316.0],[409127.3,6603362.7],[409108.6,6603361.0],[409092.3,6603362.6],[409075.3,6603319.3],[409061.7,6603287.9],[409048.8,6603262.1],[409031.7,6603233.4],[409013.4,6603198.2],[408914.0,6603259.0],[408893.0,6603226.1],[408874.9,6603235.8],[408871.8,6603240.3],[408862.5,6603240.4],[408856.6,6603237.9],[408853.2,6603237.4],[408851.5,6603239.9],[408847.2,6603244.8],[408791.4,6603280.6],[408744.7,6603310.6],[408722.8,6603323.2],[408716.9,6603318.2],[408712.4,6603314.6],[408703.5,6603315.2],[408680.3,6603322.4],[408665.2,6603326.0],[408640.0,6603328.3],[408638.1,6603319.7],[408627.5,6603297.0],[408621.3,6603281.0],[408629.0,6603276.4],[408628.2,6603270.0],[408630.2,6603267.4],[408621.4,6603265.2],[408618.5,6603261.4],[408611.8,6603261.3],[408603.7,6603250.7],[408578.8,6603258.9],[408572.2,6603227.9],[408552.4,6603228.9],[408546.1,6603203.9],[408536.9,6603207.9],[408535.8,6603204.2],[408511.6,6603211.7],[408509.6,6603200.9],[408501.2,6603202.5],[408503.6,6603213.5],[408509.7,6603231.3],[408502.1,6603235.0],[408496.8,6603221.4],[408489.2,6603223.9],[408491.5,6603228.9],[408486.9,6603231.9],[408479.8,6603233.0],[408478.8,6603231.8],[408470.9,6603234.5],[408458.9,6603238.8],[408446.7,6603242.5],[408434.8,6603241.6],[408429.4,6603239.5],[408425.9,6603231.5],[408399.2,6603243.9],[408399.0,6603262.5],[408388.7,6603266.3],[408374.0,6603274.7],[408365.2,6603260.7],[408351.2,6603259.9],[408335.5,6603263.2],[408324.3,6603268.3],[408282.6,6603306.0],[408285.5,6603311.3],[408269.7,6603322.1],[408265.1,6603318.3],[408250.7,6603320.2],[408238.1,6603328.8],[408233.4,6603322.2],[408222.8,6603329.8],[408198.9,6603343.6],[408182.4,6603315.5],[408181.3,6603309.1],[408173.2,6603308.4],[408150.7,6603320.0],[408201.2,6603403.2],[408202.8,6603409.0],[408233.7,6603436.6],[408246.9,6603429.6],[408243.5,6603425.2],[408248.9,6603421.2],[408252.8,6603419.1],[408280.7,6603450.1],[408282.3,6603448.0],[408298.5,6603463.7],[408303.0,6603457.7],[408327.1,6603472.3],[408351.1,6603445.5],[408380.3,6603412.1],[408387.8,6603405.1],[408393.1,6603401.5],[408401.6,6603399.0],[408434.7,6603393.4],[408473.2,6603384.9],[408506.1,6603373.6],[408505.2,6603370.3],[408488.8,6603319.3],[408486.8,6603318.6],[408476.6,6603291.0],[408477.6,6603290.0],[408476.9,6603287.2],[408479.6,6603286.2],[408474.8,6603271.9],[408482.6,6603267.9],[408488.3,6603281.0],[408490.7,6603280.8],[408511.6,6603326.5],[408524.5,6603320.8],[408527.7,6603328.1],[408538.8,6603327.5],[408553.3,6603321.8],[408564.6,6603316.3],[408568.3,6603308.1],[408566.5,6603305.0],[408563.2,6603298.7],[408576.4,6603294.2],[408575.9,6603289.9],[408588.3,6603285.5],[408590.3,6603291.1],[408593.7,6603295.3],[408599.6,6603302.3],[408602.5,6603311.2],[408602.3,6603319.3],[408598.5,6603321.4],[408604.2,6603346.4],[408606.0,6603346.0],[408608.1,6603353.1],[408625.5,6603349.3],[408626.8,6603354.2],[408629.8,6603351.5],[408629.9,6603353.8],[408640.8,6603351.3],[408642.1,6603356.1],[408644.9,6603354.8],[408652.4,6603382.5],[408676.6,6603370.3],[408674.0,6603359.4],[408728.5,6603334.6],[408759.1,6603400.2],[408773.2,6603449.4],[408774.4,6603457.1],[408775.6,6603459.0],[408789.1,6603454.5],[408797.0,6603454.1],[408863.0,6603460.9],[408862.0,6603455.2],[408867.1,6603454.5],[408861.4,6603414.7],[408831.2,6603364.3],[408829.1,6603364.9],[408817.1,6603342.8],[408825.8,6603337.6],[408827.3,6603334.2],[408900.0,6603287.9],[408990.9,6603432.4],[409032.5,6603419.5],[409100.9,6603408.7],[409113.2,6603410.3],[409129.3,6603408.3],[409135.0,6603409.4],[409175.6,6603405.2],[409251.5,6603406.0],[409244.8,6603366.8],[409251.3,6603365.7],[409215.6,6603328.8],[409258.0,6603278.0],[409278.8,6603293.7],[409311.7,6603251.0],[409340.5,6603271.9],[409353.0,6603279.8],[409373.3,6603295.0],[409398.9,6603260.3],[409398.0,6603254.8],[409434.1,6603206.6],[409485.1,6603237.3],[409454.3,6603277.8],[409491.7,6603307.4],[409490.9,6603309.5],[409538.3,6603341.2],[409621.7,6603398.6],[409642.4,6603357.8],[409669.8,6603307.3],[409673.8,6603298.5],[409676.7,6603293.5],[409696.1,6603300.7],[409716.8,6603304.5],[409735.0,6603306.6],[409784.5,6603238.0],[409783.1,6603235.9],[409793.2,6603220.5],[409762.9,6603196.9],[409715.6,6603197.6],[409711.3,6603187.5],[409710.0,6603175.1],[409712.6,6603165.4],[409715.2,6603160.9],[409717.5,6603157.0],[409738.1,6603135.7],[409748.0,6603127.8],[409768.6,6603114.4],[409761.2,6603105.1],[409727.9,6603068.8],[409710.1,6603075.3],[409707.3,6603066.7],[409703.5,6603060.1],[409691.2,6603043.1],[409700.1,6603031.7],[409781.8,6602956.1],[409850.6,6602891.9],[409865.8,6602876.8],[409855.0,6602864.5],[409840.8,6602850.4],[409825.6,6602838.0],[409828.2,6602834.1],[409865.7,6602792.6],[409928.7,6602742.7],[409895.8,6602706.4],[409893.1,6602693.1],[409855.5,6602656.0],[409776.7,6602718.0]]]]}}]}