CODGEO;DEP;LIBGEO;Zonage ABC en vigueur depuis le 26 juin 2026
01001;01;L'Abergement-Clémenciat;C
01002;01;L'Abergement-de-Varey;C
01004;01;Ambérieu-en-Bugey;B1
01005;01;Ambérieux-en-Dombes;C
01006;01;Ambléon;C
01007;01;Ambronay;C
01008;01;Ambutrix;C
01009;01;Andert-et-Condon;C
01010;01;Anglefort;C
01011;01;Apremont;C
01012;01;Aranc;C
01013;01;Arandas;C
01014;01;Arbent;C
01015;01;Arboys en Bugey;C
01016;01;Arbigny;C
01017;01;Argis;C
01019;01;Armix;C
01021;01;Ars-sur-Formans;B2
01022;01;Artemare;C
01023;01;Asnières-sur-Saône;C
01024;01;Attignat;C
01025;01;Bâgé-Dommartin;C
01026;01;Bâgé-le-Châtel;C
01027;01;Balan;B2
01028;01;Baneins;C
01029;01;Beaupont;C
01030;01;Beauregard;B2
01031;01;Bellignat;C
01032;01;Béligneux;B2
01033;01;Valserhône;B1
01034;01;Belley;C
01035;01;Belleydoux;C
01036;01;Valromey-sur-Séran;C
01037;01;Bénonces;C
01038;01;Bény;C
01040;01;Béréziat;C
01041;01;Bettant;C
01042;01;Bey;C
01043;01;Beynost;B1
01044;01;Billiat;C
01045;01;Birieux;C
01046;01;Biziat;C
01047;01;Blyes;B2
01049;01;La Boisse;B1
01050;01;Boissey;C
01051;01;Bolozon;C
01052;01;Bouligneux;C
01053;01;Bourg-en-Bresse;B1
01054;01;Bourg-Saint-Christophe;B1
01056;01;Boyeux-Saint-Jérôme;C
01057;01;Boz;C
01058;01;Brégnier-Cordon;C
01060;01;Brénod;C
01061;01;Brens;C
01062;01;Bressolles;B2
01063;01;Brion;C
01064;01;Briord;C
01065;01;Buellas;C
01066;01;La Burbanche;C
01067;01;Ceignes;C
01068;01;Cerdon;C
01069;01;Certines;C
01071;01;Cessy;Abis
01072;01;Ceyzériat;C
01073;01;Ceyzérieu;C
01074;01;Chalamont;C
01075;01;Chaleins;C
01076;01;Chaley;C
01077;01;Challes-la-Montagne;C
01078;01;Challex;Abis
01079;01;Champagne-en-Valromey;C
01080;01;Champdor-Corcelles;C
01081;01;Champfromier;C
01082;01;Chanay;C
01083;01;Chaneins;C
01084;01;Chanoz-Châtenay;C
01085;01;La Chapelle-du-Châtelard;C
01087;01;Charix;C
01088;01;Charnoz-sur-Ain;C
01089;01;Château-Gaillard;C
01090;01;Châtenay;C
01092;01;Châtillon-la-Palud;C
01093;01;Châtillon-sur-Chalaronne;C
01094;01;Chavannes-sur-Reyssouze;C
01095;01;Nivigne et Suran;C
01096;01;Chaveyriat;C
01098;01;Chazey-Bons;C
01099;01;Chazey-sur-Ain;C
01100;01;Cheignieu-la-Balme;C
01101;01;Chevillard;C
01102;01;Chevroux;C
01103;01;Chevry;Abis
01104;01;Chézery-Forens;B2
01105;01;Civrieux;B1
01106;01;Cize;C
01107;01;Cleyzieu;C
01108;01;Coligny;C
01109;01;Collonges;A
01110;01;Colomieu;C
01111;01;Conand;C
01112;01;Condamine;C
01113;01;Condeissiat;C
01114;01;Confort;B2
01115;01;Confrançon;C
01116;01;Contrevoz;C
01117;01;Conzieu;C
01118;01;Corbonod;C
01121;01;Corlier;C
01123;01;Cormoranche-sur-Saône;C
01124;01;Cormoz;C
01125;01;Corveissiat;C
01127;01;Courmangoux;C
01128;01;Courtes;C
01129;01;Crans;C
01130;01;Bresse Vallons;C
01133;01;Cressin-Rochefort;C
01134;01;Crottet;C
01135;01;Crozet;A
01136;01;Cruzilles-lès-Mépillat;C
01138;01;Culoz-Béon;C
01139;01;Curciat-Dongalon;C
01140;01;Curtafond;C
01141;01;Cuzieu;C
01142;01;Dagneux;B1
01143;01;Divonne-les-Bains;Abis
01145;01;Dompierre-sur-Veyle;C
01146;01;Dompierre-sur-Chalaronne;C
01147;01;Domsure;C
01148;01;Dortan;C
01149;01;Douvres;C
01150;01;Drom;C
01151;01;Druillat;C
01152;01;Échallon;C
01153;01;Échenevex;A
01155;01;Évosges;C
01156;01;Faramans;C
01157;01;Fareins;C
01158;01;Farges;A
01159;01;Feillens;C
01160;01;Ferney-Voltaire;Abis
01162;01;Flaxieu;C
01163;01;Foissiat;C
01165;01;Francheleins;C
01166;01;Frans;B2
01167;01;Garnerans;C
01169;01;Genouilleux;C
01170;01;Béard-Géovreissiat;C
01171;01;Géovreisset;C
01173;01;Gex;Abis
01174;01;Giron;C
01175;01;Gorrevod;C
01177;01;Grand-Corent;C
01179;01;Grièges;C
01180;01;Grilly;Abis
01181;01;Groissiat;C
01183;01;Guéreins;C
01184;01;Hautecourt-Romanèche;C
01185;01;Plateau d'Hauteville;C
01187;01;Haut Valromey;C
01188;01;Illiat;C
01189;01;Injoux-Génissiat;C
01190;01;Innimond;C
01191;01;Izenave;C
01192;01;Izernore;C
01193;01;Izieu;C
01194;01;Jassans-Riottier;B1
01195;01;Jasseron;C
01196;01;Jayat;C
01197;01;Journans;C
01198;01;Joyeux;C
01199;01;Jujurieux;C
01200;01;Labalme;C
01202;01;Lagnieu;B1
01203;01;Laiz;C
01204;01;Le Poizat-Lalleyriat;C
01206;01;Lantenay;C
01207;01;Lapeyrouse;C
01208;01;Lavours;C
01209;01;Léaz;B1
01210;01;Lélex;B2
01211;01;Lent;C
01212;01;Lescheroux;C
01213;01;Leyment;C
01214;01;Leyssard;C
01215;01;Surjoux-Lhopital;C
01216;01;Lhuis;C
01219;01;Lompnas;C
01224;01;Loyettes;B1
01225;01;Lurcy;C
01227;01;Magnieu;C
01228;01;Maillat;C
01229;01;Malafretaz;C
01230;01;Mantenay-Montlin;C
01231;01;Manziat;C
01232;01;Marboz;C
01233;01;Marchamp;C
01234;01;Marignieu;C
01235;01;Marlieux;C
01236;01;Marsonnas;C
01237;01;Martignat;C
01238;01;Massieux;B1
01239;01;Massignieu-de-Rives;C
01240;01;Matafelon-Granges;C
01241;01;Meillonnas;C
01242;01;Mérignat;C
01243;01;Messimy-sur-Saône;C
01244;01;Meximieux;B1
01245;01;Bohas-Meyriat-Rignat;C
01246;01;Mézériat;C
01247;01;Mijoux;B2
01248;01;Mionnay;B1
01249;01;Miribel;B1
01250;01;Misérieux;B1
01252;01;Mogneneins;C
01254;01;Montagnat;C
01255;01;Montagnieu;C
01257;01;Montanges;C
01258;01;Montceaux;C
01259;01;Montcet;C
01260;01;Le Montellier;C
01261;01;Monthieux;C
01262;01;Montluel;B1
01263;01;Montmerle-sur-Saône;C
01264;01;Montracol;C
01265;01;Montréal-la-Cluse;C
01266;01;Montrevel-en-Bresse;C
01267;01;Nurieux-Volognat;C
01268;01;Murs-et-Gélignieux;C
01269;01;Nantua;C
01272;01;Neuville-les-Dames;C
01273;01;Neuville-sur-Ain;C
01274;01;Les Neyrolles;C
01275;01;Neyron;B1
01276;01;Niévroz;B2
01277;01;Nivollet-Montgriffon;C
01279;01;Oncieu;C
01280;01;Ordonnaz;C
01281;01;Ornex;Abis
01282;01;Outriaz;C
01283;01;Oyonnax;B2
01284;01;Ozan;C
01285;01;Parcieux;B2
01286;01;Parves et Nattages;C
01288;01;Péron;A
01289;01;Péronnas;B2
01290;01;Pérouges;B1
01291;01;Perrex;C
01293;01;Peyriat;C
01294;01;Peyrieu;C
01295;01;Peyzieux-sur-Saône;C
01296;01;Pirajoux;C
01297;01;Pizay;B2
01298;01;Plagne;C
01299;01;Le Plantay;C
01301;01;Polliat;C
01302;01;Pollieu;C
01303;01;Poncin;C
01304;01;Pont-d'Ain;C
01305;01;Pont-de-Vaux;C
01306;01;Pont-de-Veyle;C
01307;01;Port;C
01308;01;Pougny;Abis
01309;01;Pouillat;C
01310;01;Prémeyzel;C
01311;01;Prémillieu;C
01313;01;Prévessin-Moëns;Abis
01314;01;Priay;C
01317;01;Ramasse;C
01318;01;Rancé;B2
01319;01;Relevant;C
01320;01;Replonges;C
01321;01;Revonnas;C
01322;01;Reyrieux;B1
01323;01;Reyssouze;C
01325;01;Rignieux-le-Franc;C
01328;01;Romans;C
01329;01;Rossillon;C
01331;01;Saint-Alban;C
01332;01;Saint-André-de-Bâgé;C
01333;01;Saint-André-de-Corcy;B1
01334;01;Saint-André-d'Huiriat;C
01335;01;Saint-André-le-Bouchoux;C
01336;01;Saint-André-sur-Vieux-Jonc;C
01337;01;Saint-Bénigne;C
01338;01;Groslée-Saint-Benoit;C
01339;01;Saint-Bernard;B2
01342;01;Sainte-Croix;B2
01343;01;Saint-Cyr-sur-Menthon;C
01344;01;Saint-Denis-lès-Bourg;B2
01345;01;Saint-Denis-en-Bugey;C
01346;01;Saint-Didier-d'Aussiat;C
01347;01;Saint-Didier-de-Formans;B2
01348;01;Saint-Didier-sur-Chalaronne;C
01349;01;Saint-Éloi;C
01350;01;Saint-Étienne-du-Bois;C
01351;01;Saint-Étienne-sur-Chalaronne;C
01352;01;Saint-Étienne-sur-Reyssouze;C
01353;01;Sainte-Euphémie;B2
01354;01;Saint-Genis-Pouilly;Abis
01355;01;Saint-Genis-sur-Menthon;C
01356;01;Saint-Georges-sur-Renon;C
01357;01;Saint-Germain-de-Joux;C
01358;01;Saint-Germain-les-Paroisses;C
01359;01;Saint-Germain-sur-Renon;C
01360;01;Saint-Jean-de-Gonville;A
01361;01;Saint-Jean-de-Niost;C
01362;01;Saint-Jean-de-Thurigneux;B2
01363;01;Saint-Jean-le-Vieux;C
01364;01;Saint-Jean-sur-Reyssouze;C
01365;01;Saint-Jean-sur-Veyle;C
01366;01;Sainte-Julie;C
01367;01;Saint-Julien-sur-Reyssouze;C
01368;01;Saint-Julien-sur-Veyle;C
01369;01;Saint-Just;B2
01370;01;Saint-Laurent-sur-Saône;B2
01371;01;Saint-Marcel;C
01372;01;Saint-Martin-de-Bavel;C
01373;01;Saint-Martin-du-Frêne;C
01374;01;Saint-Martin-du-Mont;C
01375;01;Saint-Martin-le-Châtel;C
01376;01;Saint-Maurice-de-Beynost;B1
01378;01;Saint-Maurice-de-Gourdans;B1
01379;01;Saint-Maurice-de-Rémens;C
01380;01;Saint-Nizier-le-Bouchoux;C
01381;01;Saint-Nizier-le-Désert;C
01382;01;Sainte-Olive;C
01383;01;Saint-Paul-de-Varax;C
01384;01;Saint-Rambert-en-Bugey;C
01385;01;Saint-Rémy;C
01386;01;Saint-Sorlin-en-Bugey;C
01387;01;Saint-Sulpice;C
01388;01;Saint-Trivier-de-Courtes;C
01389;01;Saint-Trivier-sur-Moignans;C
01390;01;Saint-Vulbas;B2
01391;01;Salavre;C
01392;01;Samognat;C
01393;01;Sandrans;C
01396;01;Sault-Brénaz;C
01397;01;Sauverny;Abis
01398;01;Savigneux;C
01399;01;Ségny;Abis
01400;01;Seillonnaz;C
01401;01;Sergy;A
01402;01;Sermoyer;C
01403;01;Serrières-de-Briord;C
01404;01;Serrières-sur-Ain;C
01405;01;Servas;C
01406;01;Servignat;C
01407;01;Seyssel;C
01408;01;Simandre-sur-Suran;C
01410;01;Sonthonnax-la-Montagne;C
01411;01;Souclin;C
01412;01;Sulignat;C
01415;01;Talissieu;C
01416;01;Tenay;C
01418;01;Thil;B2
01419;01;Thoiry;A
01420;01;Thoissey;C
01421;01;Torcieu;C
01422;01;Tossiat;C
01423;01;Toussieux;B2
01424;01;Tramoyes;B1
01425;01;La Tranclière;C
01426;01;Val-Revermont;C
01427;01;Trévoux;B1
01428;01;Valeins;C
01429;01;Vandeins;C
01430;01;Varambon;C
01431;01;Vaux-en-Bugey;C
01432;01;Verjon;C
01433;01;Vernoux;C
01434;01;Versailleux;C
01435;01;Versonnex;Abis
01436;01;Vesancy;A
01437;01;Vescours;C
01439;01;Vésines;C
01441;01;Vieu-d'Izenave;C
01443;01;Villars-les-Dombes;B1
01444;01;Villebois;C
01445;01;Villemotier;C
01446;01;Villeneuve;C
01447;01;Villereversure;C
01448;01;Villes;C
01449;01;Villette-sur-Ain;C
01450;01;Villieu-Loyes-Mollon;B2
01451;01;Viriat;B2
01452;01;Virieu-le-Grand;C
01453;01;Arvière-en-Valromey;C
01454;01;Virignin;C
01456;01;Vongnes;C
01457;01;Vonnas;C
02001;02;Abbécourt;C
02002;02;Achery;C
02003;02;Acy;C
02004;02;Agnicourt-et-Séchelles;C
02005;02;Aguilcourt;C
02006;02;Aisonville-et-Bernoville;C
02007;02;Aizelles;C
02008;02;Aizy-Jouy;C
02009;02;Alaincourt;C
02010;02;Allemant;C
02011;02;Ambleny;C
02012;02;Ambrief;C
02013;02;Amifontaine;C
02014;02;Amigny-Rouy;C
02015;02;Ancienville;C
02016;02;Andelain;C
02017;02;Anguilcourt-le-Sart;C
02018;02;Anizy-le-Grand;C
02019;02;Annois;C
02020;02;Any-Martin-Rieux;C
02021;02;Archon;C
02022;02;Arcy-Sainte-Restitue;C
02023;02;Armentières-sur-Ourcq;C
02024;02;Arrancy;C
02025;02;Artemps;C
02027;02;Assis-sur-Serre;C
02028;02;Athies-sous-Laon;B2
02029;02;Attilly;C
02030;02;Aubencheul-aux-Bois;C
02031;02;Aubenton;C
02032;02;Aubigny-aux-Kaisnes;C
02033;02;Aubigny-en-Laonnois;C
02034;02;Audignicourt;C
02035;02;Audigny;C
02036;02;Augy;C
02037;02;Aulnois-sous-Laon;C
02038;02;Les Autels;C
02039;02;Autremencourt;C
02040;02;Autreppes;C
02041;02;Autreville;C
02042;02;Azy-sur-Marne;C
02043;02;Bagneux;C
02044;02;Bancigny;C
02046;02;Barenton-Bugny;C
02047;02;Barenton-Cel;C
02048;02;Barenton-sur-Serre;C
02049;02;Barisis-aux-Bois;C
02050;02;Barzy-en-Thiérache;C
02051;02;Barzy-sur-Marne;C
02052;02;Bassoles-Aulers;C
02053;02;Vallées en Champagne;C
02054;02;Bazoches-et-Saint-Thibaut;C
02055;02;Beaumé;C
02056;02;Beaumont-en-Beine;C
02057;02;Beaurevoir;C
02058;02;Beaurieux;C
02059;02;Beautor;C
02060;02;Beauvois-en-Vermandois;C
02061;02;Becquigny;C
02062;02;Belleau;C
02063;02;Bellenglise;C
02064;02;Belleu;B2
02065;02;Bellicourt;C
02066;02;Benay;C
02067;02;Bergues-sur-Sambre;C
02068;02;Berlancourt;C
02069;02;Berlise;C
02070;02;Bernot;C
02071;02;Berny-Rivière;C
02072;02;Berrieux;C
02073;02;Berry-au-Bac;C
02074;02;Bertaucourt-Epourdon;C
02075;02;Berthenicourt;C
02076;02;Bertricourt;C
02078;02;Besmé;C
02079;02;Besmont;C
02080;02;Besny-et-Loizy;C
02081;02;Béthancourt-en-Vaux;C
02082;02;Beugneux;C
02083;02;Beuvardes;C
02084;02;Bézu-le-Guéry;B2
02085;02;Bézu-Saint-Germain;C
02086;02;Bichancourt;C
02087;02;Bieuxy;C
02088;02;Bièvres;C
02089;02;Billy-sur-Aisne;C
02090;02;Billy-sur-Ourcq;C
02091;02;Blanzy-lès-Fismes;C
02093;02;Blérancourt;C
02094;02;Blesmes;B2
02095;02;Bohain-en-Vermandois;C
02096;02;Bois-lès-Pargny;C
02097;02;Boncourt;C
02098;02;Bonneil;C
02099;02;Bonnesvalyn;C
02100;02;Bony;C
02101;02;Bosmont-sur-Serre;C
02102;02;Bouconville-Vauclair;C
02103;02;Boué;C
02104;02;Bouffignereux;C
02105;02;Bouresches;C
02106;02;Bourg-et-Comin;C
02107;02;Bourguignon-sous-Coucy;C
02108;02;Bourguignon-sous-Montbavin;C
02109;02;La Bouteille;C
02110;02;Braine;C
02111;02;Brancourt-en-Laonnois;C
02112;02;Brancourt-le-Grand;C
02114;02;Brasles;B2
02115;02;Braye-en-Laonnois;C
02116;02;Braye-en-Thiérache;C
02117;02;Bray-Saint-Christophe;C
02118;02;Braye;C
02119;02;Brécy;C
02120;02;Brenelle;C
02121;02;Breny;C
02122;02;Brie;C
02123;02;Brissay-Choigny;C
02124;02;Brissy-Hamégicourt;C
02125;02;Brumetz;B2
02126;02;Brunehamel;C
02127;02;Bruyères-sur-Fère;C
02128;02;Bruyères-et-Montbérault;C
02129;02;Bruys;C
02130;02;Bucilly;C
02131;02;Bucy-le-Long;C
02132;02;Bucy-lès-Cerny;C
02133;02;Bucy-lès-Pierrepont;C
02134;02;Buire;C
02135;02;Buironfosse;C
02136;02;Burelles;C
02137;02;Bussiares;B2
02138;02;Buzancy;C
02139;02;Caillouël-Crépigny;C
02140;02;Camelin;C
02141;02;La Capelle;C
02142;02;Castres;B2
02143;02;Le Catelet;C
02144;02;Caulaincourt;C
02145;02;Caumont;C
02146;02;Celles-lès-Condé;C
02148;02;Celles-sur-Aisne;C
02149;02;Cerizy;C
02150;02;Cerny-en-Laonnois;C
02151;02;Cerny-lès-Bucy;C
02152;02;Cerseuil;C
02153;02;Cessières-Suzy;C
02154;02;Chacrise;C
02155;02;Chaillevois;C
02156;02;Chalandry;C
02157;02;Chambry;B2
02158;02;Chamouille;C
02159;02;Champs;C
02160;02;Chaourse;C
02162;02;La Chapelle-sur-Chézy;C
02163;02;Charly-sur-Marne;B2
02164;02;Le Charmel;C
02165;02;Charmes;C
02166;02;Chartèves;C
02167;02;Chassemy;C
02168;02;Château-Thierry;B1
02169;02;Châtillon-lès-Sons;C
02170;02;Châtillon-sur-Oise;C
02171;02;Chaudardes;C
02172;02;Chaudun;C
02173;02;Chauny;C
02174;02;Chavignon;C
02175;02;Chavigny;C
02176;02;Chavonne;C
02177;02;Chérêt;C
02178;02;Chermizy-Ailles;C
02179;02;Chéry-Chartreuve;C
02180;02;Chéry-lès-Pouilly;C
02181;02;Chéry-lès-Rozoy;C
02182;02;Chevennes;C
02183;02;Chevregny;C
02184;02;Chevresis-Monceau;C
02185;02;Chézy-en-Orxois;B2
02186;02;Chézy-sur-Marne;C
02187;02;Chierry;B2
02188;02;Chigny;C
02189;02;Chivres-en-Laonnois;C
02190;02;Chivres-Val;C
02191;02;Chivy-lès-Étouvelles;C
02192;02;Chouy;C
02193;02;Cierges;C
02194;02;Cilly;C
02195;02;Ciry-Salsogne;C
02196;02;Clacy-et-Thierret;C
02197;02;Clairfontaine;C
02198;02;Clamecy;C
02199;02;Clastres;C
02200;02;Clermont-les-Fermes;C
02201;02;Cœuvres-et-Valsery;C
02203;02;Coincy;C
02204;02;Coingt;C
02205;02;Colligis-Crandelain;C
02206;02;Colonfay;C
02207;02;Commenchon;C
02208;02;Concevreux;C
02209;02;Condé-en-Brie;C
02210;02;Condé-sur-Aisne;C
02211;02;Condé-sur-Suippe;C
02212;02;Condren;C
02213;02;Connigis;C
02214;02;Contescourt;B2
02215;02;Corbeny;C
02216;02;Corcy;B2
02217;02;Coucy-le-Château-Auffrique;C
02218;02;Coucy-lès-Eppes;C
02219;02;Coucy-la-Ville;C
02220;02;Coulonges-Cohan;C
02221;02;Coupru;B2
02222;02;Courbes;C
02223;02;Courboin;C
02224;02;Courcelles-sur-Vesle;C
02225;02;Courchamps;B2
02226;02;Courmelles;B2
02227;02;Courmont;C
02228;02;Courtemont-Varennes;C
02229;02;Courtrizy-et-Fussigny;C
02230;02;Couvrelles;C
02231;02;Couvron-et-Aumencourt;C
02232;02;Coyolles;B2
02233;02;Cramaille;C
02234;02;Craonne;C
02235;02;Craonnelle;C
02236;02;Crécy-au-Mont;C
02237;02;Crécy-sur-Serre;C
02238;02;Crépy;C
02239;02;Crézancy;C
02240;02;Croix-Fonsomme;C
02241;02;La Croix-sur-Ourcq;C
02242;02;Crouttes-sur-Marne;B2
02243;02;Crouy;B2
02244;02;Crupilly;C
02245;02;Cuffies;B2
02246;02;Cugny;C
02248;02;Cuirieux;C
02249;02;Cuiry-Housse;C
02250;02;Cuiry-lès-Chaudardes;C
02251;02;Cuiry-lès-Iviers;C
02252;02;Cuissy-et-Geny;C
02253;02;Cuisy-en-Almont;C
02254;02;Cutry;C
02255;02;Cys-la-Commune;C
02256;02;Dagny-Lambercy;C
02257;02;Dallon;B2
02258;02;Dammard;B2
02259;02;Dampleux;C
02260;02;Danizy;C
02261;02;Dercy;C
02262;02;Deuillet;C
02263;02;Dhuizel;C
02264;02;Dizy-le-Gros;C
02265;02;Dohis;C
02266;02;Dolignon;C
02267;02;Dommiers;C
02268;02;Domptin;B2
02269;02;Dorengt;C
02270;02;Douchy;C
02271;02;Dravegny;C
02272;02;Droizy;C
02273;02;Dury;C
02274;02;Ébouleau;C
02275;02;Effry;C
02276;02;Englancourt;C
02277;02;Épagny;C
02278;02;Éparcy;C
02279;02;Épaux-Bézu;C
02280;02;Épieds;C
02281;02;L'Épine-aux-Bois;C
02282;02;Eppes;C
02283;02;Erlon;C
02284;02;Erloy;C
02286;02;Esquéhéries;C
02287;02;Essigny-le-Grand;C
02288;02;Essigny-le-Petit;B2
02289;02;Essises;C
02290;02;Essômes-sur-Marne;B2
02291;02;Estrées;C
02292;02;Étampes-sur-Marne;B2
02293;02;Étaves-et-Bocquiaux;C
02294;02;Étouvelles;C
02295;02;Étréaupont;C
02296;02;Étreillers;C
02297;02;Étrépilly;C
02298;02;Étreux;C
02299;02;Évergnicourt;C
02302;02;Faverolles;C
02303;02;Fayet;B2
02304;02;La Fère;C
02305;02;Fère-en-Tardenois;C
02306;02;La Ferté-Chevresis;C
02307;02;La Ferté-Milon;B2
02308;02;Fesmy-le-Sart;C
02309;02;Festieux;C
02310;02;Fieulaine;B2
02312;02;La Flamengrie;C
02313;02;Flavigny-le-Grand-et-Beaurain;C
02315;02;Flavy-le-Martel;C
02316;02;Fleury;C
02317;02;Fluquières;C
02318;02;Folembray;C
02319;02;Fonsomme;B2
02320;02;Fontaine-lès-Clercs;C
02321;02;Fontaine-lès-Vervins;C
02322;02;Fontaine-Notre-Dame;B2
02323;02;Fontaine-Uterte;C
02324;02;Fontenelle;C
02326;02;Fontenoy;C
02327;02;Foreste;C
02328;02;Fossoy;C
02329;02;Fourdrain;C
02330;02;Francilly-Selency;C
02331;02;Franqueville;C
02332;02;Fresnes-en-Tardenois;C
02333;02;Fresnes-sous-Coucy;C
02334;02;Fresnoy-le-Grand;C
02335;02;Fressancourt;C
02336;02;Frières-Faillouël;C
02337;02;Froidestrées;C
02338;02;Froidmont-Cohartille;C
02339;02;Gandelu;B2
02340;02;Gauchy;B2
02341;02;Gercy;C
02342;02;Gergny;C
02343;02;Germaine;C
02345;02;Gibercourt;C
02346;02;Gizy;C
02347;02;Gland;C
02349;02;Goudelancourt-lès-Berrieux;C
02350;02;Goudelancourt-lès-Pierrepont;C
02351;02;Goussancourt;C
02352;02;Gouy;C
02353;02;Grandlup-et-Fay;C
02354;02;Grandrieux;C
02355;02;Gricourt;C
02356;02;Grisolles;C
02357;02;Gronard;C
02358;02;Grougis;C
02359;02;Grugies;B2
02360;02;Villeneuve-sur-Aisne;C
02361;02;Guise;C
02362;02;Guivry;C
02363;02;Guny;C
02364;02;Guyencourt;C
02366;02;Hannapes;C
02367;02;Happencourt;C
02368;02;Haramont;C
02369;02;Harcigny;C
02370;02;Hargicourt;C
02371;02;Harly;B2
02372;02;Hartennes-et-Taux;C
02373;02;Hary;C
02374;02;Lehaucourt;C
02375;02;Hautevesnes;B2
02376;02;Hauteville;C
02377;02;Haution;C
02378;02;La Hérie;C
02379;02;Le Hérie-la-Viéville;C
02380;02;Hinacourt;C
02381;02;Hirson;C
02382;02;Holnon;C
02383;02;Homblières;B2
02384;02;Houry;C
02385;02;Housset;C
02386;02;Iron;C
02387;02;Itancourt;C
02388;02;Iviers;C
02389;02;Jaulgonne;C
02390;02;Jeancourt;C
02391;02;Jeantes;C
02392;02;Joncourt;C
02393;02;Jouaignes;C
02395;02;Jumencourt;C
02396;02;Jumigny;C
02397;02;Jussy;C
02398;02;Juvigny;C
02399;02;Juvincourt-et-Damary;C
02400;02;Laffaux;C
02401;02;Laigny;C
02402;02;Lanchy;C
02403;02;Landifay-et-Bertaignemont;C
02404;02;Landouzy-la-Cour;C
02405;02;Landouzy-la-Ville;C
02406;02;Landricourt;C
02407;02;Laniscourt;C
02408;02;Laon;B2
02409;02;Lappion;C
02410;02;Largny-sur-Automne;B2
02411;02;Latilly;C
02412;02;Launoy;C
02413;02;Laval-en-Laonnois;C
02414;02;Lavaqueresse;C
02415;02;Laversine;C
02416;02;Lemé;C
02417;02;Lempire;C
02418;02;Lerzy;C
02419;02;Leschelle;C
02420;02;Lesdins;B2
02421;02;Lesges;C
02422;02;Lesquielles-Saint-Germain;C
02423;02;Leuilly-sous-Coucy;C
02424;02;Leury;C
02425;02;Leuze;C
02426;02;Levergies;C
02427;02;Lhuys;C
02428;02;Licy-Clignon;C
02429;02;Lierval;C
02430;02;Liesse-Notre-Dame;C
02431;02;Liez;C
02432;02;Limé;C
02433;02;Lislet;C
02435;02;Logny-lès-Aubenton;C
02438;02;Longpont;B2
02439;02;Les Septvallons;C
02440;02;Lor;C
02441;02;Louâtre;C
02442;02;Loupeigne;C
02443;02;Lucy-le-Bocage;C
02444;02;Lugny;C
02445;02;Luzoir;C
02446;02;Ly-Fontaine;C
02447;02;Maast-et-Violaine;C
02448;02;Mâchecourt;C
02449;02;Macogny;C
02450;02;Macquigny;C
02451;02;Magny-la-Fosse;C
02452;02;Maissemy;C
02453;02;Maizy;C
02454;02;La Malmaison;C
02455;02;Malzy;C
02456;02;Manicamp;C
02457;02;Marchais;C
02458;02;Dhuys et Morin-en-Brie;B2
02459;02;Marcy;B2
02460;02;Marcy-sous-Marle;C
02461;02;Marest-Dampcourt;C
02462;02;Mareuil-en-Dôle;C
02463;02;Marfontaine;C
02464;02;Margival;C
02465;02;Marigny-en-Orxois;B2
02466;02;Marizy-Sainte-Geneviève;C
02467;02;Marizy-Saint-Mard;C
02468;02;Marle;C
02469;02;Marly-Gomont;C
02470;02;Martigny;C
02471;02;Martigny-Courpierre;C
02472;02;Mauregny-en-Haye;C
02473;02;Mayot;C
02474;02;Mennessis;C
02476;02;Mennevret;C
02477;02;Mercin-et-Vaux;B2
02478;02;Merlieux-et-Fouquerolles;C
02480;02;Mesbrecourt-Richecourt;C
02481;02;Mesnil-Saint-Laurent;B2
02482;02;Meurival;C
02483;02;Mézières-sur-Oise;C
02484;02;Mézy-Moulins;C
02485;02;Missy-aux-Bois;C
02486;02;Missy-lès-Pierrepont;C
02487;02;Missy-sur-Aisne;C
02488;02;Molain;C
02489;02;Molinchart;C
02490;02;Monampteuil;C
02491;02;Monceau-le-Neuf-et-Faucouzy;C
02492;02;Monceau-lès-Leups;C
02493;02;Monceau-le-Waast;C
02494;02;Monceau-sur-Oise;C
02495;02;Mondrepuis;C
02496;02;Monnes;B2
02497;02;Mons-en-Laonnois;C
02498;02;Montaigu;C
02499;02;Montbavin;C
02500;02;Montbrehain;C
02501;02;Montchâlons;C
02502;02;Montcornet;C
02503;02;Mont-d'Origny;C
02504;02;Montescourt-Lizerolles;C
02505;02;Montfaucon;C
02506;02;Montgobert;C
02507;02;Montgru-Saint-Hilaire;C
02508;02;Monthenault;C
02509;02;Monthiers;C
02510;02;Monthurel;C
02511;02;Montigny-en-Arrouaise;C
02512;02;Montigny-l'Allier;B2
02513;02;Montigny-le-Franc;C
02514;02;Montigny-Lengrain;C
02515;02;Montigny-lès-Condé;C
02516;02;Montigny-sous-Marle;C
02517;02;Montigny-sur-Crécy;C
02518;02;Montlevon;C
02519;02;Montloué;C
02520;02;Mont-Notre-Dame;C
02521;02;Montreuil-aux-Lions;B2
02522;02;Mont-Saint-Jean;C
02523;02;Mont-Saint-Martin;C
02524;02;Mont-Saint-Père;C
02525;02;Morcourt;B2
02526;02;Morgny-en-Thiérache;C
02527;02;Morsain;C
02528;02;Mortefontaine;C
02529;02;Mortiers;C
02530;02;Moulins;C
02531;02;Moussy-Verneuil;C
02532;02;Moÿ-de-l'Aisne;C
02533;02;Muret-et-Crouttes;C
02534;02;Muscourt;C
02535;02;Nampcelles-la-Cour;C
02536;02;Nampteuil-sous-Muret;C
02537;02;Nanteuil-la-Fosse;C
02538;02;Nanteuil-Notre-Dame;C
02539;02;Nauroy;C
02540;02;Nesles-la-Montagne;C
02541;02;Neufchâtel-sur-Aisne;C
02542;02;Neuflieux;C
02543;02;Neuilly-Saint-Front;B2
02544;02;Neuve-Maison;C
02545;02;La Neuville-Bosmont;C
02546;02;La Neuville-en-Beine;C
02547;02;La Neuville-Housset;C
02548;02;La Neuville-lès-Dorengt;C
02549;02;Neuville-Saint-Amand;B2
02550;02;Neuville-sur-Ailette;C
02551;02;Neuville-sur-Margival;C
02552;02;Neuvillette;C
02553;02;Nizy-le-Comte;C
02554;02;Nogentel;B2
02555;02;Nogent-l'Artaud;B2
02556;02;Noircourt;C
02557;02;Noroy-sur-Ourcq;C
02558;02;Le Nouvion-en-Thiérache;C
02559;02;Nouvion-et-Catillon;C
02560;02;Nouvion-le-Comte;C
02561;02;Nouvion-le-Vineux;C
02562;02;Nouvron-Vingré;C
02563;02;Noyales;C
02564;02;Bernoy-le-Château;C
02565;02;Œuilly;C
02566;02;Ognes;C
02567;02;Ohis;C
02568;02;Oigny-en-Valois;C
02569;02;Oisy;C
02570;02;Ollezy;C
02571;02;Omissy;B2
02572;02;Orainville;C
02573;02;Orgeval;C
02574;02;Origny-en-Thiérache;C
02575;02;Origny-Sainte-Benoite;C
02576;02;Osly-Courtil;C
02577;02;Ostel;C
02578;02;Oulches-la-Vallée-Foulon;C
02579;02;Oulchy-la-Ville;C
02580;02;Oulchy-le-Château;C
02581;02;Paars;C
02582;02;Paissy;C
02583;02;Pancy-Courtecon;C
02584;02;Papleux;C
02585;02;Parcy-et-Tigny;C
02586;02;Parfondeval;C
02587;02;Parfondru;C
02588;02;Pargnan;C
02589;02;Pargny-et-Filain;C
02590;02;Pargny-la-Dhuys;C
02591;02;Pargny-les-Bois;C
02592;02;Parpeville;C
02593;02;Pasly;C
02594;02;Passy-en-Valois;B2
02595;02;Passy-sur-Marne;C
02596;02;Pavant;B2
02598;02;Pernant;C
02599;02;Pierremande;C
02600;02;Pierrepont;C
02601;02;Pignicourt;C
02602;02;Pinon;C
02604;02;Pithon;C
02605;02;Pleine-Selve;C
02606;02;Le Plessier-Huleu;C
02607;02;Ploisy;C
02608;02;Plomion;C
02609;02;Ployart-et-Vaurseine;C
02610;02;Pommiers;C
02612;02;Pont-Arcy;C
02613;02;Pontavert;C
02614;02;Pontru;C
02615;02;Pontruet;C
02616;02;Pont-Saint-Mard;C
02617;02;Pouilly-sur-Serre;C
02618;02;Prémont;C
02619;02;Prémontré;C
02620;02;Presles-et-Boves;C
02621;02;Presles-et-Thierny;C
02622;02;Priez;B2
02623;02;Prisces;C
02624;02;Proisy;C
02625;02;Proix;C
02626;02;Prouvais;C
02627;02;Proviseux-et-Plesnoy;C
02628;02;Puiseux-en-Retz;C
02629;02;Puisieux-et-Clanlieu;C
02631;02;Quierzy;C
02632;02;Quincy-Basse;C
02633;02;Quincy-sous-le-Mont;C
02634;02;Raillimont;C
02635;02;Ramicourt;C
02636;02;Regny;C
02637;02;Remaucourt;B2
02638;02;Remies;C
02639;02;Remigny;C
02640;02;Renansart;C
02641;02;Renneval;C
02642;02;Résigny;C
02643;02;Ressons-le-Long;C
02644;02;Retheuil;C
02645;02;Reuilly-Sauvigny;C
02647;02;Ribeauville;C
02648;02;Ribemont;C
02649;02;Rocourt-Saint-Martin;C
02650;02;Rocquigny;C
02651;02;Rogécourt;C
02652;02;Rogny;C
02653;02;Romeny-sur-Marne;C
02654;02;Romery;C
02655;02;Ronchères;C
02656;02;Roucy;C
02657;02;Rougeries;C
02658;02;Roupy;C
02659;02;Rouvroy;B2
02660;02;Rouvroy-sur-Serre;C
02661;02;Royaucourt-et-Chailvet;C
02662;02;Rozet-Saint-Albin;C
02663;02;Rozières-sur-Crise;C
02664;02;Rozoy-Bellevalle;C
02665;02;Grand-Rozoy;C
02666;02;Rozoy-sur-Serre;C
02667;02;Saconin-et-Breuil;C
02668;02;Sains-Richaumont;C
02670;02;Saint-Algis;C
02671;02;Saint-Aubin;C
02672;02;Saint-Bandry;C
02673;02;Saint-Christophe-à-Berry;C
02674;02;Saint-Clément;C
02675;02;Sainte-Croix;C
02676;02;Saint-Erme-Outre-et-Ramecourt;C
02677;02;Saint-Eugène;C
02678;02;Sainte-Geneviève;C
02679;02;Saint-Gengoulph;B2
02680;02;Saint-Gobain;C
02681;02;Saint-Gobert;C
02682;02;Saint-Mard;C
02683;02;Saint-Martin-Rivière;C
02684;02;Saint-Michel;C
02685;02;Saint-Nicolas-aux-Bois;C
02686;02;Saint-Paul-aux-Bois;C
02687;02;Saint-Pierre-Aigle;C
02688;02;Saint-Pierre-lès-Franqueville;C
02689;02;Saint-Pierremont;C
02690;02;Sainte-Preuve;C
02691;02;Saint-Quentin;B1
02693;02;Saint-Rémy-Blanzy;C
02694;02;Saint-Simon;C
02696;02;Saint-Thomas;C
02697;02;Samoussy;C
02698;02;Sancy-les-Cheminots;C
02699;02;Saponay;C
02701;02;Saulchery;C
02702;02;Savy;C
02703;02;Seboncourt;C
02704;02;Selens;C
02705;02;La Selve;C
02706;02;Septmonts;C
02707;02;Septvaux;C
02708;02;Sequehart;C
02709;02;Serain;C
02710;02;Seraucourt-le-Grand;C
02711;02;Serches;C
02712;02;Sergy;C
02713;02;Seringes-et-Nesles;C
02714;02;Sermoise;C
02715;02;Serval;C
02716;02;Servais;C
02717;02;Séry-lès-Mézières;C
02718;02;Silly-la-Poterie;C
02719;02;Sinceny;C
02720;02;Sissonne;C
02721;02;Sissy;C
02722;02;Soissons;B1
02723;02;Soize;C
02724;02;Sommelans;C
02725;02;Sommeron;C
02726;02;Sommette-Eaucourt;C
02727;02;Sons-et-Ronchères;C
02728;02;Sorbais;C
02729;02;Soucy;C
02730;02;Soupir;C
02731;02;Le Sourd;C
02732;02;Surfontaine;C
02734;02;Taillefontaine;C
02735;02;Tannières;C
02736;02;Tartiers;C
02737;02;Tavaux-et-Pontséricourt;C
02738;02;Tergnier;C
02739;02;Terny-Sorny;C
02740;02;Thenailles;C
02741;02;Thenelles;C
02742;02;Thiernu;C
02743;02;Le Thuel;C
02744;02;Torcy-en-Valois;C
02745;02;Toulis-et-Attencourt;C
02746;02;Travecy;C
02747;02;Trefcon;C
02748;02;Trélou-sur-Marne;C
02749;02;Troësnes;C
02750;02;Trosly-Loire;C
02751;02;Trucy;C
02752;02;Tugny-et-Pont;C
02753;02;Tupigny;C
02754;02;Ugny-le-Gay;C
02755;02;Urcel;C
02756;02;Urvillers;C
02757;02;Vadencourt;C
02758;02;Vailly-sur-Aisne;C
02759;02;La Vallée-au-Blé;C
02760;02;La Vallée-Mulâtre;C
02761;02;Variscourt;C
02762;02;Vassens;C
02763;02;Vasseny;C
02764;02;Vassogne;C
02765;02;Vaucelles-et-Beffecourt;C
02766;02;Vaudesson;C
02767;02;Vauxrezis;C
02768;02;Vauxaillon;C
02769;02;Vaux-Andigny;C
02770;02;Vauxbuin;B2
02772;02;Vaux-en-Vermandois;C
02773;02;Vauxtin;C
02774;02;Vendelles;C
02775;02;Vendeuil;C
02776;02;Vendhuile;C
02777;02;Vendières;C
02778;02;Vendresse-Beaulne;C
02779;02;Vénérolles;C
02780;02;Venizel;C
02781;02;Verdilly;C
02782;02;Le Verguier;C
02783;02;Grand-Verly;C
02784;02;Petit-Verly;C
02785;02;Vermand;C
02786;02;Verneuil-sous-Coucy;C
02787;02;Verneuil-sur-Serre;C
02788;02;Versigny;C
02789;02;Vervins;C
02790;02;Vesles-et-Caumont;C
02791;02;Veslud;C
02792;02;Veuilly-la-Poterie;B2
02793;02;Vézaponin;C
02794;02;Vézilly;C
02795;02;Vic-sur-Aisne;C
02796;02;Vichel-Nanteuil;B2
02797;02;Viel-Arcy;C
02798;02;Viels-Maisons;B2
02799;02;Vierzy;B2
02800;02;Viffort;C
02801;02;Vigneux-Hocquet;C
02802;02;La Ville-aux-Bois-lès-Dizy;C
02803;02;La Ville-aux-Bois-lès-Pontavert;C
02804;02;Villemontoire;C
02805;02;Villeneuve-Saint-Germain;B2
02806;02;Villeneuve-sur-Fère;C
02807;02;Villequier-Aumont;C
02808;02;Villeret;C
02809;02;Villers-Agron-Aiguizy;C
02810;02;Villers-Cotterêts;B1
02812;02;Villers-Hélon;C
02813;02;Villers-le-Sec;C
02814;02;Villers-lès-Guise;C
02815;02;Villers-Saint-Christophe;C
02816;02;Villers-sur-Fère;C
02817;02;Ville-Savoye;C
02818;02;Villiers-Saint-Denis;C
02819;02;Vincy-Reuil-et-Magny;C
02820;02;Viry-Noureuil;C
02821;02;Vivaise;C
02822;02;Vivières;C
02823;02;Voharies;C
02824;02;Vorges;C
02826;02;Voulpaix;C
02827;02;Voyenne;C
02828;02;Vregny;C
02829;02;Vuillery;C
02830;02;Wassigny;C
02831;02;Watigny;C
02832;02;Wiège-Faty;C
02833;02;Wimy;C
02834;02;Wissignicourt;C
03001;03;Abrest;B2
03002;03;Agonges;C
03003;03;Ainay-le-Château;C
03004;03;Andelaroche;C
03005;03;Archignat;C
03006;03;Arfeuilles;C
03007;03;Arpheuilles-Saint-Priest;C
03008;03;Arronnes;C
03009;03;Aubigny;C
03010;03;Audes;C
03011;03;Aurouër;C
03012;03;Autry-Issards;C
03013;03;Avermes;C
03014;03;Avrilly;C
03015;03;Bagneux;C
03016;03;Barberier;C
03017;03;Barrais-Bussolles;C
03018;03;Bayet;C
03019;03;Beaulon;C
03020;03;Beaune-d'Allier;C
03021;03;Bègues;C
03022;03;Bellenaves;C
03023;03;Bellerive-sur-Allier;B2
03024;03;Bert;C
03025;03;Bessay-sur-Allier;C
03026;03;Besson;C
03027;03;Bézenet;C
03028;03;Billezois;C
03029;03;Billy;C
03030;03;Biozat;C
03031;03;Bizeneuille;C
03032;03;Blomard;C
03033;03;Bost;C
03034;03;Boucé;C
03035;03;Le Bouchaud;C
03036;03;Bourbon-l'Archambault;C
03037;03;Braize;C
03038;03;Bransat;C
03039;03;Bresnay;C
03040;03;Bressolles;C
03041;03;Le Brethon;C
03042;03;Le Breuil;C
03043;03;Broût-Vernet;C
03044;03;Brugheas;C
03045;03;Busset;C
03046;03;Buxières-les-Mines;C
03047;03;La Celle;C
03048;03;Cérilly;C
03049;03;Cesset;C
03050;03;La Chabanne;C
03051;03;Chambérat;C
03052;03;Chamblet;C
03053;03;Chantelle;C
03054;03;Chapeau;C
03055;03;La Chapelaude;C
03056;03;La Chapelle;C
03057;03;La Chapelle-aux-Chasses;C
03058;03;Chappes;C
03059;03;Chareil-Cintrat;C
03060;03;Charmeil;C
03061;03;Charmes;C
03062;03;Charroux;C
03063;03;Chassenard;C
03064;03;Château-sur-Allier;C
03065;03;Châtel-de-Neuvre;C
03066;03;Châtel-Montagne;C
03067;03;Châtelperron;C
03068;03;Châtelus;C
03069;03;Châtillon;C
03070;03;Chavenon;C
03071;03;Chavroches;C
03072;03;Chazemais;C
03073;03;Chemilly;C
03074;03;Chevagnes;C
03075;03;Chezelle;C
03076;03;Chézy;C
03077;03;Chirat-l'Église;C
03078;03;Chouvigny;C
03079;03;Cindré;C
03080;03;Cognat-Lyonne;C
03081;03;Colombier;C
03082;03;Commentry;C
03083;03;Contigny;C
03084;03;Cosne-d'Allier;C
03085;03;Coulandon;C
03086;03;Coulanges;C
03087;03;Couleuvre;C
03088;03;Courçais;C
03089;03;Coutansouze;C
03090;03;Couzon;C
03091;03;Créchy;C
03092;03;Cressanges;C
03093;03;Creuzier-le-Neuf;B2
03094;03;Creuzier-le-Vieux;B2
03095;03;Cusset;B2
03096;03;Deneuille-lès-Chantelle;C
03097;03;Deneuille-les-Mines;C
03098;03;Désertines;B2
03099;03;Deux-Chaises;C
03100;03;Diou;C
03101;03;Domérat;B2
03102;03;Dompierre-sur-Besbre;C
03103;03;Le Donjon;C
03104;03;Doyet;C
03105;03;Droiturier;C
03106;03;Durdat-Larequille;C
03107;03;Ébreuil;C
03108;03;Échassières;C
03109;03;Escurolles;C
03110;03;Espinasse-Vozelle;C
03111;03;Estivareilles;C
03112;03;Étroussat;C
03113;03;Ferrières-sur-Sichon;C
03114;03;La Ferté-Hauterive;C
03115;03;Fleuriel;C
03116;03;Fourilles;C
03117;03;Franchesse;C
03118;03;Gannat;C
03119;03;Gannay-sur-Loire;C
03120;03;Garnat-sur-Engièvre;C
03121;03;Gennetines;C
03122;03;Gipcy;C
03124;03;Gouise;C
03125;03;La Guillermie;C
03126;03;Hauterive;B2
03127;03;Hérisson;C
03128;03;Huriel;C
03129;03;Hyds;C
03130;03;Isle-et-Bardais;C
03131;03;Isserpent;C
03132;03;Jaligny-sur-Besbre;C
03133;03;Jenzat;C
03134;03;Laféline;C
03135;03;Lalizolle;C
03136;03;Lamaids;C
03137;03;Langy;C
03138;03;Lapalisse;C
03139;03;Laprugne;C
03140;03;Lavault-Sainte-Anne;B2
03141;03;Lavoine;C
03142;03;Lenax;C
03143;03;Lételon;C
03144;03;Liernolles;C
03145;03;Lignerolles;C
03146;03;Limoise;C
03147;03;Loddes;C
03148;03;Loriges;C
03149;03;Louchy-Montfand;C
03150;03;Louroux-Bourbonnais;C
03151;03;Louroux-de-Beaune;C
03152;03;Louroux-de-Bouble;C
03154;03;Luneau;C
03155;03;Lurcy-Lévis;C
03156;03;Lusigny;C
03157;03;Magnet;C
03158;03;Haut-Bocage;C
03159;03;Malicorne;C
03160;03;Marcenat;C
03161;03;Marcillat-en-Combraille;C
03162;03;Marigny;C
03163;03;Mariol;C
03164;03;Le Mayet-d'École;C
03165;03;Le Mayet-de-Montagne;C
03166;03;Mazerier;C
03167;03;Mazirat;C
03168;03;Meaulne-Vitray;C
03169;03;Meillard;C
03170;03;Meillers;C
03171;03;Mercy;C
03172;03;Mesples;C
03173;03;Molinet;C
03174;03;Molles;C
03175;03;Monestier;C
03176;03;Monétay-sur-Allier;C
03177;03;Monétay-sur-Loire;C
03178;03;Montaiguët-en-Forez;C
03179;03;Montaigu-le-Blin;C
03180;03;Montbeugny;C
03181;03;Montcombroux-les-Mines;C
03182;03;Monteignet-sur-l'Andelot;C
03183;03;Le Montet;C
03184;03;Montilly;C
03185;03;Montluçon;B2
03186;03;Montmarault;C
03187;03;Montoldre;C
03188;03;Montord;C
03189;03;Montvicq;C
03190;03;Moulins;C
03191;03;Murat;C
03192;03;Nades;C
03193;03;Nassigny;C
03194;03;Naves;C
03195;03;Néris-les-Bains;C
03196;03;Neuilly-en-Donjon;C
03197;03;Neuilly-le-Réal;C
03198;03;Neure;C
03200;03;Neuvy;C
03201;03;Nizerolles;C
03202;03;Noyant-d'Allier;C
03203;03;Paray-le-Frésil;C
03204;03;Paray-sous-Briailles;C
03205;03;Périgny;C
03206;03;La Petite-Marche;C
03207;03;Pierrefitte-sur-Loire;C
03208;03;Le Pin;C
03209;03;Poëzat;C
03210;03;Pouzy-Mésangy;C
03211;03;Prémilhat;B2
03212;03;Quinssaines;B2
03213;03;Reugny;C
03214;03;Rocles;C
03215;03;Rongères;C
03216;03;Ronnet;C
03217;03;Saint-Angel;C
03218;03;Saint-Aubin-le-Monial;C
03219;03;Saint-Bonnet-de-Four;C
03220;03;Saint-Bonnet-de-Rochefort;C
03221;03;Saint-Bonnet-Tronçais;C
03222;03;Saint-Caprais;C
03223;03;Saint-Christophe-en-Bourbonnais;C
03224;03;Saint-Clément;C
03225;03;Saint-Désiré;C
03226;03;Saint-Didier-en-Donjon;C
03227;03;Saint-Didier-la-Forêt;C
03228;03;Saint-Éloy-d'Allier;C
03229;03;Saint-Ennemond;C
03230;03;Saint-Étienne-de-Vicq;C
03231;03;Saint-Fargeol;C
03232;03;Saint-Félix;C
03233;03;Saint-Genest;C
03234;03;Saint-Gérand-de-Vaux;C
03235;03;Saint-Gérand-le-Puy;C
03236;03;Saint-Germain-des-Fossés;C
03237;03;Saint-Germain-de-Salles;C
03238;03;Saint-Hilaire;C
03239;03;Saint-Léger-sur-Vouzance;C
03240;03;Saint-Léon;C
03241;03;Saint-Léopardin-d'Augy;C
03242;03;Saint-Loup;C
03243;03;Saint-Marcel-en-Murat;C
03244;03;Saint-Marcel-en-Marcillat;C
03245;03;Saint-Martin-des-Lais;C
03246;03;Saint-Martinien;C
03247;03;Saint-Menoux;C
03248;03;Saint-Nicolas-des-Biefs;C
03249;03;Saint-Palais;C
03250;03;Saint-Pierre-Laval;C
03251;03;Saint-Plaisir;C
03252;03;Saint-Pont;C
03253;03;Saint-Pourçain-sur-Besbre;C
03254;03;Saint-Pourçain-sur-Sioule;C
03255;03;Saint-Priest-d'Andelot;C
03256;03;Saint-Priest-en-Murat;C
03257;03;Saint-Prix;C
03258;03;Saint-Rémy-en-Rollat;C
03259;03;Saint-Sauvier;C
03260;03;Saint-Sornin;C
03261;03;Sainte-Thérence;C
03262;03;Saint-Victor;B2
03263;03;Saint-Voir;C
03264;03;Saint-Yorre;B2
03265;03;Saligny-sur-Roudon;C
03266;03;Sanssat;C
03267;03;Saulcet;C
03268;03;Saulzet;C
03269;03;Sauvagny;C
03270;03;Sazeret;C
03271;03;Serbannes;B2
03272;03;Servilly;C
03273;03;Seuillet;C
03274;03;Sorbier;C
03275;03;Souvigny;C
03276;03;Sussat;C
03277;03;Target;C
03278;03;Taxat-Senat;C
03279;03;Teillet-Argenty;C
03280;03;Terjat;C
03281;03;Le Theil;C
03282;03;Theneuille;C
03283;03;Thiel-sur-Acolin;C
03284;03;Thionne;C
03285;03;Tortezais;C
03286;03;Toulon-sur-Allier;C
03287;03;Treban;C
03288;03;Treignat;C
03289;03;Treteau;C
03290;03;Trévol;C
03291;03;Trézelles;C
03292;03;Tronget;C
03293;03;Urçay;C
03294;03;Ussel-d'Allier;C
03295;03;Valignat;C
03296;03;Valigny;C
03297;03;Vallon-en-Sully;C
03298;03;Varennes-sur-Allier;C
03299;03;Varennes-sur-Tèche;C
03300;03;Vaumas;C
03301;03;Vaux;C
03302;03;Veauce;C
03303;03;Venas;C
03304;03;Vendat;C
03305;03;Verneix;C
03306;03;Le Vernet;B2
03307;03;Verneuil-en-Bourbonnais;C
03308;03;Vernusse;C
03309;03;Le Veurdre;C
03310;03;Vichy;B2
03311;03;Vicq;C
03312;03;Vieure;C
03313;03;Le Vilhain;C
03314;03;Villebret;C
03315;03;Villefranche-d'Allier;C
03316;03;Villeneuve-sur-Allier;C
03317;03;Viplaix;C
03319;03;Voussac;C
03320;03;Ygrande;C
03321;03;Yzeure;C
04001;04;Aiglun;C
04004;04;Allemagne-en-Provence;C
04005;04;Allons;C
04006;04;Allos;C
04007;04;Angles;C
04008;04;Annot;C
04009;04;Archail;C
04012;04;Aubenas-les-Alpes;C
04013;04;Aubignosc;C
04016;04;Authon;C
04017;04;Auzet;C
04018;04;Banon;C
04019;04;Barcelonnette;C
04020;04;Barles;C
04021;04;Barras;C
04022;04;Barrême;C
04023;04;Bayons;C
04024;04;Beaujeu;C
04025;04;Beauvezer;C
04026;04;Bellaffaire;C
04027;04;Bevons;C
04028;04;Beynes;C
04030;04;Blieux;C
04031;04;Bras-d'Asse;C
04032;04;Braux;C
04033;04;Ubaye-Serre-Ponçon;C
04034;04;La Brillanne;B2
04035;04;Brunet;C
04036;04;Le Brusquet;C
04037;04;Le Caire;C
04039;04;Castellane;C
04040;04;Le Castellard-Mélan;C
04041;04;Le Castellet;C
04042;04;Castellet-lès-Sausses;C
04043;04;Val-de-Chalvagne;C
04045;04;Céreste-en-Luberon;C
04046;04;Le Chaffaut-Saint-Jurson;C
04047;04;Champtercier;C
04049;04;Château-Arnoux-Saint-Auban;C
04050;04;Châteaufort;C
04051;04;Châteauneuf-Miravail;C
04053;04;Châteauneuf-Val-Saint-Donat;C
04054;04;Châteauredon;C
04055;04;Chaudon-Norante;C
04057;04;Clamensane;C
04058;04;Claret;C
04059;04;Clumanc;C
04061;04;Colmars;C
04062;04;La Condamine-Châtelard;C
04063;04;Corbières-en-Provence;B2
04065;04;Cruis;C
04066;04;Curbans;C
04067;04;Curel;C
04068;04;Dauphin;C
04069;04;Demandolx;C
04070;04;Digne-les-Bains;C
04072;04;Draix;C
04073;04;Enchastrayes;B1
04074;04;Entrages;C
04075;04;Entrepierres;C
04076;04;Entrevaux;C
04077;04;Entrevennes;C
04079;04;L'Escale;C
04081;04;Esparron-de-Verdon;B2
04084;04;Estoublon;C
04085;04;Faucon-du-Caire;C
04086;04;Faucon-de-Barcelonnette;C
04087;04;Fontienne;C
04088;04;Forcalquier;B1
04090;04;Le Fugeret;C
04091;04;Ganagobie;C
04092;04;La Garde;C
04093;04;Gigors;C
04094;04;Gréoux-les-Bains;B1
04095;04;L'Hospitalet;C
04096;04;Jausiers;C
04097;04;La Javie;C
04099;04;Lambruisse;C
04101;04;Lardiers;C
04102;04;Le Lauzet-Ubaye;C
04104;04;Limans;C
04106;04;Lurs;C
04107;04;Majastres;C
04108;04;Malijai;C
04109;04;Mallefougasse-Augès;C
04110;04;Mallemoisson;C
04111;04;Mane;B2
04112;04;Manosque;B1
04113;04;Marcoux;C
04115;04;Méailles;C
04116;04;Les Mées;B2
04118;04;Melve;C
04120;04;Val d'Oronaye;C
04121;04;Mézel;C
04122;04;Mirabeau;C
04123;04;Mison;C
04124;04;Montagnac-Montpezat;C
04126;04;Montclar;C
04127;04;Montfort;C
04128;04;Montfuron;C
04129;04;Montjustin;C
04130;04;Montlaux;C
04132;04;Montsalier;C
04133;04;Moriez;C
04134;04;La Motte-du-Caire;C
04135;04;Moustiers-Sainte-Marie;C
04136;04;La Mure-Argens;C
04137;04;Nibles;C
04138;04;Niozelles;C
04139;04;Noyers-sur-Jabron;C
04140;04;Les Omergues;C
04141;04;Ongles;C
04142;04;Oppedette;C
04143;04;Oraison;B2
04144;04;La Palud-sur-Verdon;C
04145;04;Peipin;C
04148;04;Peyroules;C
04149;04;Peyruis;B2
04150;04;Piégut;C
04151;04;Pierrerue;C
04152;04;Pierrevert;B1
04154;04;Pontis;C
04155;04;Prads-Haute-Bléone;C
04156;04;Puimichel;C
04157;04;Puimoisson;C
04158;04;Quinson;C
04159;04;Redortiers;C
04160;04;Reillanne;C
04161;04;Méolans-Revel;C
04162;04;Revest-des-Brousses;C
04163;04;Revest-du-Bion;C
04164;04;Revest-Saint-Martin;C
04166;04;Riez;C
04167;04;La Robine-sur-Galabre;C
04169;04;La Rochegiron;C
04170;04;La Rochette;C
04171;04;Rougon;C
04172;04;Roumoules;C
04173;04;Saint-André-les-Alpes;C
04174;04;Saint-Benoît;C
04175;04;Sainte-Croix-à-Lauze;C
04176;04;Sainte-Croix-du-Verdon;C
04177;04;Hautes-Duyes;C
04178;04;Saint-Étienne-les-Orgues;C
04179;04;Saint-Geniez;C
04180;04;Saint-Jacques;C
04181;04;Saint-Jeannet;C
04182;04;Saint-Julien-d'Asse;C
04183;04;Saint-Julien-du-Verdon;C
04184;04;Saint-Jurs;C
04186;04;Saint-Laurent-du-Verdon;C
04187;04;Saint-Lions;C
04188;04;Saint-Maime;C
04189;04;Saint-Martin-de-Brômes;B2
04190;04;Saint-Martin-les-Eaux;C
04191;04;Saint-Martin-lès-Seyne;C
04192;04;Saint-Michel-l'Observatoire;C
04193;04;Saint-Paul-sur-Ubaye;C
04194;04;Saint-Pierre;C
04195;04;Saint-Pons;C
04197;04;Sainte-Tulle;B2
04199;04;Saint-Vincent-sur-Jabron;C
04200;04;Salignac;C
04201;04;Saumane;C
04202;04;Sausses;C
04203;04;Selonnet;C
04204;04;Senez;C
04205;04;Seyne;C
04206;04;Sigonce;C
04207;04;Sigoyer;C
04208;04;Simiane-la-Rotonde;C
04209;04;Sisteron;B2
04210;04;Soleilhas;C
04211;04;Sourribes;C
04214;04;Tartonne;C
04216;04;Thèze;C
04217;04;Thoard;C
04218;04;Thorame-Basse;C
04219;04;Thorame-Haute;C
04220;04;Les Thuiles;C
04222;04;Turriers;C
04224;04;Ubraye;C
04226;04;Uvernet-Fours;C
04227;04;Vachères;C
04228;04;Valavoire;C
04229;04;Valbelle;C
04230;04;Valensole;B2
04231;04;Valernes;C
04233;04;Vaumeilh;C
04234;04;Venterol;C
04235;04;Verdaches;C
04236;04;Vergons;C
04237;04;Le Vernet;C
04240;04;Villars-Colmars;C
04241;04;Villemus;C
04242;04;Villeneuve;B2
04244;04;Volonne;C
04245;04;Volx;B2
05001;05;Abriès-Ristolas;C
05003;05;Aiguilles;C
05004;05;Ancelle;C
05006;05;L'Argentière-la-Bessée;C
05007;05;Arvieux;C
05008;05;Aspremont;C
05009;05;Aspres-lès-Corps;C
05010;05;Aspres-sur-Buëch;C
05011;05;Avançon;C
05012;05;Baratier;B2
05013;05;Barcillonnette;C
05014;05;Barret-sur-Méouge;C
05016;05;La Bâtie-Montsaléon;C
05017;05;La Bâtie-Neuve;C
05018;05;La Bâtie-Vieille;C
05019;05;La Beaume;C
05021;05;Le Bersac;C
05022;05;Bréziers;C
05023;05;Briançon;A
05024;05;Valdoule;C
05025;05;Buissard;C
05026;05;Ceillac;C
05027;05;Cervières;C
05028;05;Chabestan;C
05029;05;Chabottes;C
05031;05;Champcella;C
05032;05;Champoléon;C
05033;05;Chanousse;C
05035;05;Châteauneuf-d'Oze;C
05036;05;Châteauroux-les-Alpes;B1
05037;05;Châteauvieux;C
05038;05;Château-Ville-Vieille;C
05039;05;Aubessagne;C
05040;05;Chorges;B1
05044;05;Crévoux;C
05045;05;Crots;B2
05046;05;Embrun;B1
05047;05;Éourres;C
05048;05;L'Épine;C
05049;05;Esparron;C
05050;05;Espinasses;C
05051;05;Étoile-Saint-Cyrice;C
05052;05;Eygliers;C
05053;05;Garde-Colombe;C
05054;05;La Fare-en-Champsaur;C
05055;05;La Faurie;C
05056;05;Forest-Saint-Julien;C
05057;05;Fouillouse;C
05058;05;Freissinières;C
05059;05;La Freissinouse;C
05060;05;Furmeyer;C
05061;05;Gap;B1
05062;05;Le Glaizil;C
05063;05;La Grave;B2
05064;05;La Chapelle-en-Valgaudémar;C
05065;05;Guillestre;C
05066;05;La Haute-Beaume;C
05068;05;Jarjayes;C
05070;05;Laragne-Montéglin;C
05071;05;Lardier-et-Valença;C
05072;05;Laye;C
05073;05;Lazer;C
05074;05;Lettret;C
05075;05;Manteyer;C
05076;05;Méreuil;C
05077;05;Molines-en-Queyras;C
05078;05;Monêtier-Allemont;C
05079;05;Le Monêtier-les-Bains;A
05080;05;Montbrand;C
05081;05;Montclus;C
05082;05;Mont-Dauphin;C
05084;05;Montgardin;C
05085;05;Montgenèvre;B2
05086;05;Montjay;C
05087;05;Montmaur;C
05089;05;Montrond;C
05090;05;La Motte-en-Champsaur;C
05091;05;Moydans;C
05092;05;Neffes;C
05093;05;Névache;B2
05094;05;Nossage-et-Bénévent;C
05095;05;Le Noyer;C
05096;05;Orcières;C
05097;05;Orpierre;C
05098;05;Les Orres;B1
05099;05;Oze;C
05100;05;Pelleautier;C
05101;05;Vallouise-Pelvoux;B1
05102;05;La Piarre;C
05103;05;Le Poët;C
05104;05;Poligny;C
05106;05;Prunières;C
05107;05;Puy-Saint-André;C
05108;05;Puy-Saint-Eusèbe;C
05109;05;Puy-Saint-Pierre;C
05110;05;Puy-Saint-Vincent;B1
05111;05;Puy-Sanières;C
05112;05;Rabou;C
05113;05;Rambaud;C
05114;05;Réallon;C
05115;05;Remollon;C
05116;05;Réotier;C
05117;05;Ribeyret;C
05118;05;Val Buëch-Méouge;C
05119;05;Risoul;C
05121;05;Rochebrune;C
05122;05;La Roche-de-Rame;C
05123;05;La Roche-des-Arnauds;C
05124;05;La Rochette;C
05126;05;Rosans;C
05127;05;Rousset-Serre-Ponçon;C
05128;05;Saint-André-d'Embrun;C
05129;05;Saint-André-de-Rosans;C
05130;05;Saint-Apollinaire;C
05131;05;Saint-Auban-d'Oze;C
05132;05;Saint-Bonnet-en-Champsaur;C
05133;05;Saint-Chaffrey;A
05134;05;Saint-Clément-sur-Durance;C
05135;05;Sainte-Colombe;C
05136;05;Saint-Crépin;C
05139;05;Dévoluy;C
05140;05;Saint-Étienne-le-Laus;C
05142;05;Saint-Firmin;C
05144;05;Saint-Jacques-en-Valgodemard;C
05145;05;Saint-Jean-Saint-Nicolas;C
05146;05;Saint-Julien-en-Beauchêne;C
05147;05;Saint-Julien-en-Champsaur;C
05148;05;Saint-Laurent-du-Cros;C
05149;05;Saint-Léger-les-Mélèzes;C
05151;05;Saint-Martin-de-Queyrières;B1
05152;05;Saint-Maurice-en-Valgodemard;C
05153;05;Saint-Michel-de-Chaillol;C
05154;05;Saint-Pierre-d'Argençon;C
05155;05;Saint-Pierre-Avez;C
05156;05;Saint-Sauveur;B1
05157;05;Saint-Véran;C
05158;05;Le Saix;C
05159;05;Saléon;C
05160;05;Salérans;C
05161;05;La Salle-les-Alpes;B1
05162;05;La Saulce;C
05163;05;Le Sauze-du-Lac;C
05164;05;Savines-le-Lac;C
05165;05;Savournon;C
05166;05;Serres;C
05167;05;Sigottier;C
05168;05;Sigoyer;C
05169;05;Sorbiers;C
05170;05;Tallard;C
05171;05;Théus;C
05172;05;Trescléoux;C
05173;05;Upaix;C
05174;05;Val-des-Prés;B2
05176;05;Valserres;C
05177;05;Vars;B1
05178;05;Ventavon;C
05179;05;Veynes;C
05180;05;Les Vigneaux;B2
05181;05;Villar-d'Arêne;B2
05182;05;Villar-Loubière;C
05183;05;Villar-Saint-Pancrace;C
05184;05;Vitrolles;C
06001;06;Aiglun;C
06002;06;Amirat;C
06003;06;Andon;B2
06004;06;Antibes;A
06005;06;Ascros;C
06006;06;Aspremont;A
06007;06;Auribeau-sur-Siagne;A
06008;06;Auvare;C
06009;06;Bairols;C
06010;06;Le Bar-sur-Loup;A
06011;06;Beaulieu-sur-Mer;Abis
06012;06;Beausoleil;Abis
06013;06;Belvédère;C
06014;06;Bendejun;B1
06015;06;Berre-les-Alpes;A
06016;06;Beuil;C
06017;06;Bézaudun-les-Alpes;B2
06018;06;Biot;Abis
06019;06;Blausasc;B1
06020;06;La Bollène-Vésubie;B2
06021;06;Bonson;B1
06022;06;Bouyon;B2
06023;06;Breil-sur-Roya;B2
06024;06;Briançonnet;C
06025;06;Le Broc;A
06026;06;Cabris;A
06027;06;Cagnes-sur-Mer;A
06028;06;Caille;C
06029;06;Cannes;A
06030;06;Le Cannet;A
06031;06;Cantaron;A
06032;06;Cap-d'Ail;Abis
06033;06;Carros;A
06034;06;Castagniers;A
06035;06;Castellar;A
06036;06;Castillon;B1
06037;06;Caussols;B2
06038;06;Châteauneuf-Grasse;A
06039;06;Châteauneuf-Villevieille;A
06040;06;Châteauneuf-d'Entraunes;C
06041;06;Cipières;B2
06042;06;Clans;C
06043;06;Coaraze;B2
06044;06;La Colle-sur-Loup;A
06045;06;Collongues;C
06046;06;Colomars;A
06047;06;Conségudes;B2
06048;06;Contes;A
06049;06;Courmes;B2
06050;06;Coursegoules;B2
06051;06;La Croix-sur-Roudoule;C
06052;06;Cuébris;C
06053;06;Daluis;C
06054;06;Drap;A
06055;06;Duranus;B2
06056;06;Entraunes;C
06057;06;L'Escarène;B2
06058;06;Escragnolles;B2
06059;06;Èze;Abis
06060;06;Falicon;A
06061;06;Les Ferres;B2
06062;06;Fontan;C
06063;06;Gars;C
06064;06;Gattières;A
06065;06;La Gaude;A
06066;06;Gilette;B1
06067;06;Gorbio;A
06068;06;Gourdon;A
06069;06;Grasse;A
06070;06;Gréolières;B2
06071;06;Guillaumes;C
06072;06;Ilonse;C
06073;06;Isola;B1
06074;06;Lantosque;B2
06075;06;Levens;A
06076;06;Lieuche;C
06077;06;Lucéram;B2
06078;06;Malaussène;C
06079;06;Mandelieu-la-Napoule;A
06080;06;Marie;C
06081;06;Le Mas;C
06082;06;Massoins;C
06083;06;Menton;A
06084;06;Mouans-Sartoux;A
06085;06;Mougins;A
06086;06;Moulinet;B2
06087;06;Les Mujouls;C
06088;06;Nice;A
06089;06;Opio;A
06090;06;Pégomas;A
06091;06;Peille;B2
06092;06;Peillon;B1
06093;06;La Penne;C
06094;06;Péone;B1
06095;06;Peymeinade;A
06096;06;Pierlas;C
06097;06;Pierrefeu;C
06098;06;Puget-Rostang;C
06099;06;Puget-Théniers;C
06100;06;Revest-les-Roches;B1
06101;06;Rigaud;C
06102;06;Rimplas;C
06103;06;Roquebillière;C
06104;06;Roquebrune-Cap-Martin;Abis
06105;06;Roquefort-les-Pins;Abis
06106;06;Roquestéron;C
06107;06;La Roque-en-Provence;B2
06108;06;La Roquette-sur-Siagne;A
06109;06;La Roquette-sur-Var;A
06110;06;Roubion;C
06111;06;Roure;C
06112;06;Le Rouret;A
06113;06;Sainte-Agnès;A
06114;06;Saint-André-de-la-Roche;A
06115;06;Saint-Antonin;C
06116;06;Saint-Auban;C
06117;06;Saint-Blaise;A
06118;06;Saint-Cézaire-sur-Siagne;B1
06119;06;Saint-Dalmas-le-Selvage;C
06120;06;Saint-Étienne-de-Tinée;B1
06121;06;Saint-Jean-Cap-Ferrat;Abis
06122;06;Saint-Jeannet;A
06123;06;Saint-Laurent-du-Var;A
06124;06;Saint-Léger;C
06125;06;Saint-Martin-d'Entraunes;C
06126;06;Saint-Martin-du-Var;A
06127;06;Saint-Martin-Vésubie;B1
06128;06;Saint-Paul-de-Vence;A
06129;06;Saint-Sauveur-sur-Tinée;C
06130;06;Saint-Vallier-de-Thiey;A
06131;06;Sallagriffon;C
06132;06;Saorge;C
06133;06;Sauze;C
06134;06;Séranon;C
06135;06;Sigale;C
06136;06;Sospel;A
06137;06;Spéracèdes;A
06138;06;Théoule-sur-Mer;A
06139;06;Thiéry;C
06140;06;Le Tignet;A
06141;06;Toudon;B2
06142;06;Touët-de-l'Escarène;B2
06143;06;Touët-sur-Var;C
06144;06;La Tour;C
06145;06;Tourette-du-Château;B2
06146;06;Tournefort;C
06147;06;Tourrette-Levens;A
06148;06;Tourrettes-sur-Loup;A
06149;06;La Trinité;A
06150;06;La Turbie;Abis
06151;06;Utelle;B2
06152;06;Valbonne;Abis
06153;06;Valdeblore;C
06154;06;Valderoure;C
06155;06;Vallauris;A
06156;06;Venanson;C
06157;06;Vence;A
06158;06;Villars-sur-Var;C
06159;06;Villefranche-sur-Mer;Abis
06160;06;Villeneuve-d'Entraunes;C
06161;06;Villeneuve-Loubet;A
06162;06;La Brigue;C
06163;06;Tende;C
07001;07;Accons;C
07002;07;Ailhon;C
07003;07;Aizac;C
07004;07;Ajoux;C
07005;07;Alba-la-Romaine;C
07006;07;Albon-d'Ardèche;C
07007;07;Alboussière;C
07008;07;Alissas;C
07009;07;Andance;C
07010;07;Annonay;C
07011;07;Vallées-d'Antraigues-Asperjoc;C
07012;07;Arcens;C
07013;07;Ardoix;C
07014;07;Arlebosc;C
07015;07;Arras-sur-Rhône;C
07017;07;Les Assions;C
07018;07;Astet;C
07019;07;Aubenas;C
07020;07;Aubignas;C
07022;07;Baix;C
07023;07;Balazuc;C
07024;07;Banne;C
07025;07;Barnas;C
07026;07;Le Béage;C
07027;07;Beauchastel;C
07028;07;Beaulieu;C
07029;07;Beaumont;C
07030;07;Beauvène;C
07031;07;Berrias-et-Casteljau;C
07032;07;Berzème;C
07033;07;Bessas;C
07034;07;Bidon;C
07035;07;Boffres;C
07036;07;Bogy;C
07037;07;Borée;C
07038;07;Borne;C
07039;07;Bozas;C
07040;07;Boucieu-le-Roi;C
07041;07;Boulieu-lès-Annonay;C
07042;07;Bourg-Saint-Andéol;C
07044;07;Brossainc;C
07045;07;Burzet;C
07047;07;Cellier-du-Luc;C
07048;07;Chalencon;C
07049;07;Le Chambon;C
07050;07;Chambonas;C
07051;07;Champagne;C
07052;07;Champis;C
07053;07;Chandolas;C
07054;07;Chanéac;C
07055;07;Charmes-sur-Rhône;C
07056;07;Charnas;C
07058;07;Chassiers;C
07059;07;Châteaubourg;C
07060;07;Châteauneuf-de-Vernoux;C
07061;07;Chauzon;C
07062;07;Chazeaux;C
07063;07;Cheminas;C
07064;07;Le Cheylard;C
07065;07;Chirols;C
07066;07;Chomérac;C
07067;07;Colombier-le-Cardinal;C
07068;07;Colombier-le-Jeune;C
07069;07;Colombier-le-Vieux;C
07070;07;Cornas;B2
07071;07;Coucouron;C
07072;07;Coux;C
07073;07;Le Crestet;C
07074;07;Creysseilles;C
07075;07;Cros-de-Géorand;C
07076;07;Cruas;C
07077;07;Darbres;C
07078;07;Davézieux;C
07079;07;Désaignes;C
07080;07;Devesset;C
07081;07;Dompnac;C
07082;07;Dornas;C
07083;07;Dunière-sur-Eyrieux;C
07084;07;Eclassan;C
07085;07;Empurany;C
07086;07;Étables;C
07087;07;Fabras;C
07088;07;Faugères;C
07089;07;Félines;C
07090;07;Flaviac;C
07091;07;Fons;C
07092;07;Freyssenet;C
07093;07;Genestelle;C
07094;07;Gilhac-et-Bruzac;C
07095;07;Gilhoc-sur-Ormèze;C
07096;07;Gluiras;C
07097;07;Glun;C
07098;07;Gourdon;C
07099;07;Gras;C
07100;07;Gravières;C
07101;07;Grospierres;C
07102;07;Guilherand-Granges;B1
07103;07;Saint-Julien-d'Intres;C
07104;07;Issamoulenc;C
07105;07;Issanlas;C
07106;07;Issarlès;C
07107;07;Jaujac;C
07108;07;Jaunac;C
07109;07;Joannas;C
07110;07;Joyeuse;C
07111;07;Juvinas;C
07112;07;Labastide-sur-Bésorgues;C
07113;07;Labastide-de-Virac;C
07114;07;Labatie-d'Andaure;C
07115;07;Labeaume;C
07116;07;Labégude;C
07117;07;Lablachère;C
07118;07;Laboule;C
07119;07;Le Lac-d'Issarlès;C
07120;07;Lachamp-Raphaël;C
07121;07;Lachapelle-Graillouse;C
07122;07;Lachapelle-sous-Aubenas;C
07123;07;Lachapelle-sous-Chanéac;C
07124;07;Lafarre;C
07126;07;Lagorce;C
07127;07;Lalevade-d'Ardèche;C
07128;07;Lalouvesc;C
07129;07;Lamastre;C
07130;07;Lanarce;C
07131;07;Lanas;C
07132;07;Largentière;C
07133;07;Larnas;C
07134;07;Laurac-en-Vivarais;C
07136;07;Laveyrune;C
07137;07;Lavillatte;C
07138;07;Lavilledieu;C
07139;07;Laviolle;C
07140;07;Lemps;C
07141;07;Lentillères;C
07142;07;Lespéron;C
07143;07;Limony;C
07144;07;Loubaresse;C
07145;07;Lussas;C
07146;07;Lyas;C
07147;07;Malarce-sur-la-Thines;C
07148;07;Malbosc;C
07149;07;Marcols-les-Eaux;C
07150;07;Mariac;C
07151;07;Mars;C
07152;07;Mauves;B2
07153;07;Mayres;C
07154;07;Mazan-l'Abbaye;C
07155;07;Mercuer;C
07156;07;Meyras;C
07157;07;Meysse;C
07158;07;Mézilhac;C
07159;07;Mirabel;C
07160;07;Monestier;C
07161;07;Montpezat-sous-Bauzon;C
07162;07;Montréal;C
07163;07;Montselgues;C
07165;07;Belsentes;C
07166;07;Nozières;C
07167;07;Les Ollières-sur-Eyrieux;C
07168;07;Orgnac-l'Aven;C
07169;07;Ozon;C
07170;07;Pailharès;C
07171;07;Payzac;C
07172;07;Peaugres;C
07173;07;Péreyres;C
07174;07;Peyraud;C
07175;07;Le Plagnal;C
07176;07;Planzolles;C
07177;07;Plats;C
07178;07;Pont-de-Labeaume;C
07179;07;Pourchères;C
07181;07;Le Pouzin;C
07182;07;Prades;C
07183;07;Pradons;C
07184;07;Pranles;C
07185;07;Préaux;C
07186;07;Privas;C
07187;07;Prunet;C
07188;07;Quintenas;C
07189;07;Ribes;C
07190;07;Rochecolombe;C
07191;07;Rochemaure;B2
07192;07;Rochepaule;C
07193;07;Rocher;C
07194;07;Rochessauve;C
07195;07;La Rochette;C
07196;07;Rocles;C
07197;07;Roiffieux;C
07198;07;Rompon;C
07199;07;Rosières;C
07200;07;Le Roux;C
07201;07;Ruoms;C
07202;07;Sablières;C
07203;07;Sagnes-et-Goudoulet;C
07204;07;Saint-Agrève;C
07205;07;Saint-Alban-d'Ay;C
07206;07;Saint-Alban-en-Montagne;C
07207;07;Saint-Alban-Auriolles;C
07208;07;Saint-Andéol-de-Berg;C
07209;07;Saint-Andéol-de-Fourchades;C
07210;07;Saint-Andéol-de-Vals;C
07211;07;Saint-André-de-Cruzières;C
07212;07;Saint-André-en-Vivarais;C
07213;07;Saint-André-Lachamp;C
07214;07;Saint-Apollinaire-de-Rias;C
07215;07;Saint-Barthélemy-le-Meil;C
07216;07;Saint-Barthélemy-Grozon;C
07217;07;Saint-Barthélemy-le-Plain;C
07218;07;Saint-Basile;C
07219;07;Saint-Bauzile;C
07220;07;Saint-Christol;C
07221;07;Saint-Cierge-la-Serre;C
07222;07;Saint-Cierge-sous-le-Cheylard;C
07223;07;Saint-Cirgues-de-Prades;C
07224;07;Saint-Cirgues-en-Montagne;C
07225;07;Saint-Clair;C
07226;07;Saint-Clément;C
07227;07;Saint-Cyr;C
07228;07;Saint-Désirat;C
07229;07;Saint-Didier-sous-Aubenas;C
07230;07;Saint-Étienne-de-Boulogne;C
07231;07;Saint-Étienne-de-Fontbellon;C
07232;07;Saint-Étienne-de-Lugdarès;C
07233;07;Saint-Étienne-de-Serre;C
07234;07;Saint-Étienne-de-Valoux;C
07235;07;Sainte-Eulalie;C
07236;07;Saint-Félicien;C
07237;07;Saint-Fortunat-sur-Eyrieux;C
07238;07;Saint-Genest-de-Beauzon;C
07239;07;Saint-Genest-Lachamp;C
07240;07;Saint-Georges-les-Bains;C
07241;07;Saint-Germain;C
07242;07;Saint-Gineys-en-Coiron;C
07243;07;Saint-Jacques-d'Atticieux;C
07244;07;Saint-Jean-Chambre;C
07245;07;Saint-Jean-de-Muzols;B2
07247;07;Saint-Jean-le-Centenier;C
07248;07;Saint-Jean-Roure;C
07249;07;Saint-Jeure-d'Andaure;C
07250;07;Saint-Jeure-d'Ay;C
07251;07;Saint-Joseph-des-Bancs;C
07253;07;Saint-Julien-du-Gua;C
07254;07;Saint-Julien-du-Serre;C
07255;07;Saint-Julien-en-Saint-Alban;C
07257;07;Saint-Julien-le-Roux;C
07258;07;Saint-Julien-Vocance;C
07259;07;Saint-Just-d'Ardèche;C
07260;07;Saint-Lager-Bressac;C
07261;07;Saint-Laurent-du-Pape;C
07262;07;Saint-Laurent-les-Bains-Laval-d'Aurelle;C
07263;07;Saint-Laurent-sous-Coiron;C
07264;07;Saint-Marcel-d'Ardèche;C
07265;07;Saint-Marcel-lès-Annonay;C
07266;07;Sainte-Marguerite-Lafigère;C
07267;07;Saint-Martial;C
07268;07;Saint-Martin-d'Ardèche;C
07269;07;Saint-Martin-de-Valamas;C
07270;07;Saint-Martin-sur-Lavezon;C
07272;07;Saint-Maurice-d'Ardèche;C
07273;07;Saint-Maurice-d'Ibie;C
07274;07;Saint-Maurice-en-Chalencon;C
07275;07;Saint-Mélany;C
07276;07;Saint-Michel-d'Aurance;C
07277;07;Saint-Michel-de-Boulogne;C
07278;07;Saint-Michel-de-Chabrillanoux;C
07279;07;Saint-Montan;C
07280;07;Saint-Paul-le-Jeune;C
07281;07;Saint-Péray;B1
07282;07;Saint-Pierre-de-Colombier;C
07283;07;Saint-Pierre-la-Roche;C
07284;07;Saint-Pierre-Saint-Jean;C
07285;07;Saint-Pierre-sur-Doux;C
07286;07;Saint-Pierreville;C
07287;07;Saint-Pons;C
07288;07;Saint-Priest;C
07289;07;Saint-Privat;C
07290;07;Saint-Prix;C
07291;07;Saint-Remèze;C
07292;07;Saint-Romain-d'Ay;C
07293;07;Saint-Romain-de-Lerps;C
07294;07;Saint-Sauveur-de-Cruzières;C
07295;07;Saint-Sauveur-de-Montagut;C
07296;07;Saint-Sernin;C
07297;07;Saint-Sylvestre;C
07298;07;Saint-Symphorien-sous-Chomérac;C
07299;07;Saint-Symphorien-de-Mahun;C
07300;07;Saint-Thomé;C
07301;07;Saint-Victor;C
07302;07;Saint-Vincent-de-Barrès;C
07303;07;Saint-Vincent-de-Durfort;C
07304;07;Salavas;C
07305;07;Les Salelles;C
07306;07;Sampzon;C
07307;07;Sanilhac;C
07308;07;Sarras;C
07309;07;Satillieu;C
07310;07;Savas;C
07311;07;Sceautres;C
07312;07;Sécheras;C
07313;07;Serrières;C
07314;07;Silhac;C
07315;07;La Souche;C
07316;07;Soyons;B2
07317;07;Talencieux;C
07318;07;Tauriers;C
07319;07;Le Teil;B2
07321;07;Thorrenc;C
07322;07;Thueyts;C
07323;07;Toulaud;C
07324;07;Tournon-sur-Rhône;B2
07325;07;Ucel;C
07326;07;Usclades-et-Rieutord;C
07327;07;Uzer;C
07328;07;Vagnas;C
07329;07;Valgorge;C
07330;07;Vallon-Pont-d'Arc;C
07331;07;Vals-les-Bains;C
07332;07;Valvignères;C
07333;07;Vanosc;C
07334;07;Les Vans;C
07335;07;Vaudevant;C
07336;07;Vernon;C
07337;07;Vernosc-lès-Annonay;C
07338;07;Vernoux-en-Vivarais;C
07339;07;Vesseaux;C
07340;07;Veyras;C
07341;07;Villeneuve-de-Berg;C
07342;07;Villevocance;C
07343;07;Vinezac;C
07344;07;Vinzieux;C
07345;07;Vion;C
07346;07;Viviers;C
07347;07;Vocance;C
07348;07;Vogüé;C
07349;07;La Voulte-sur-Rhône;C
08001;08;Acy-Romance;C
08003;08;Aiglemont;C
08004;08;Aire;C
08005;08;Alincourt;C
08006;08;Alland'Huy-et-Sausseuil;C
08008;08;Amagne;C
08010;08;Ambly-Fleury;C
08011;08;Anchamps;C
08013;08;Angecourt;C
08014;08;Annelles;C
08015;08;Antheny;C
08016;08;Aouste;C
08017;08;Apremont;C
08018;08;Ardeuil-et-Montfauxelles;C
08019;08;Les Grandes-Armoises;C
08020;08;Les Petites-Armoises;C
08021;08;Arnicourt;C
08022;08;Arreux;C
08023;08;Artaise-le-Vivier;C
08024;08;Asfeld;C
08025;08;Attigny;C
08026;08;Aubigny-les-Pothées;C
08027;08;Auboncourt-Vauzelles;C
08028;08;Aubrives;C
08029;08;Auflance;C
08030;08;Auge;C
08031;08;Aure;C
08032;08;Aussonce;C
08033;08;Authe;C
08034;08;Autrecourt-et-Pourron;C
08035;08;Autruche;C
08036;08;Autry;C
08037;08;Auvillers-les-Forges;C
08038;08;Avançon;C
08039;08;Avaux;C
08040;08;Les Ayvelles;B2
08041;08;Baâlons;C
08043;08;Balan;C
08044;08;Balham;C
08045;08;Ballay;C
08046;08;Banogne-Recouvrance;C
08047;08;Barbaise;C
08048;08;Barby;C
08049;08;Bar-lès-Buzancy;C
08052;08;Bayonville;C
08053;08;Bazeilles;C
08055;08;Beaumont-en-Argonne;C
08056;08;Beffu-et-le-Morthomme;C
08057;08;Belleville-et-Châtillon-sur-Bar;C
08058;08;Belval;C
08059;08;Belval-Bois-des-Dames;C
08060;08;Bergnicourt;C
08061;08;La Berlière;C
08062;08;Bertoncourt;C
08063;08;La Besace;C
08064;08;Biermes;C
08065;08;Bièvres;C
08066;08;Bignicourt;C
08067;08;Blagny;C
08069;08;Blanchefosse-et-Bay;C
08070;08;Blanzy-la-Salonnaise;C
08071;08;Blombay;C
08073;08;Bossus-lès-Rumigny;C
08074;08;Bouconville;C
08075;08;Boult-aux-Bois;C
08076;08;Boulzicourt;C
08077;08;Bourcq;C
08078;08;Bourg-Fidèle;C
08080;08;Bouvellemont;C
08081;08;Bogny-sur-Meuse;C
08082;08;Brécy-Brières;C
08083;08;Brévilly;C
08084;08;Brienne-sur-Aisne;C
08085;08;Brieulles-sur-Bar;C
08086;08;Briquenay;C
08087;08;Brognon;C
08088;08;Bulson;C
08089;08;Buzancy;C
08090;08;Carignan;C
08092;08;Cauroy;C
08094;08;Cernion;C
08095;08;Chagny;C
08096;08;Chalandry-Elaire;C
08097;08;Challerange;C
08098;08;Champigneulle;C
08099;08;Champigneul-sur-Vence;C
08100;08;Champlin;C
08101;08;La Chapelle;C
08102;08;Chappes;C
08103;08;Charbogne;C
08104;08;Chardeny;C
08105;08;Charleville-Mézières;B1
08106;08;Charnois;C
08107;08;Château-Porcien;C
08109;08;Chatel-Chéhéry;C
08110;08;Le Châtelet-sur-Sormonne;C
08111;08;Le Châtelet-sur-Retourne;C
08113;08;Chaumont-Porcien;C
08115;08;Chémery-Chéhéry;C
08116;08;Bairon et ses environs;C
08117;08;Chesnois-Auboncourt;C
08119;08;Cheveuges;C
08120;08;Chevières;C
08121;08;Chilly;C
08122;08;Chooz;C
08123;08;Chuffilly-Roche;C
08124;08;Clavy-Warby;C
08125;08;Cliron;C
08126;08;Condé-lès-Herpy;C
08128;08;Condé-lès-Autry;C
08130;08;Contreuve;C
08131;08;Cornay;C
08132;08;Corny-Machéroménil;C
08133;08;Coucy;C
08134;08;Coulommes-et-Marqueny;C
08135;08;La Croix-aux-Bois;C
08136;08;Daigny;C
08137;08;Damouzy;C
08138;08;Les Deux-Villes;C
08139;08;Deville;C
08140;08;Dom-le-Mesnil;C
08141;08;Dommery;C
08142;08;Donchery;C
08143;08;Doumely-Bégny;C
08144;08;Doux;C
08145;08;Douzy;C
08146;08;Draize;C
08147;08;Dricourt;C
08148;08;L'Écaille;C
08149;08;L'Échelle;C
08150;08;Écly;C
08151;08;Écordal;C
08153;08;Escombres-et-le-Chesnois;C
08154;08;Estrebay;C
08155;08;Étalle;C
08156;08;Éteignières;C
08158;08;Étrépigny;C
08159;08;Euilly-et-Lombut;C
08160;08;Évigny;C
08161;08;Exermont;C
08162;08;Fagnon;C
08163;08;Faissault;C
08164;08;Falaise;C
08165;08;Faux;C
08166;08;Fépin;C
08167;08;La Férée;C
08168;08;La Ferté-sur-Chiers;C
08169;08;Flaignes-Havys;C
08170;08;Fleigneux;C
08171;08;Fléville;C
08172;08;Fligny;C
08173;08;Flize;C
08174;08;Floing;C
08175;08;Foisches;C
08176;08;Fossé;C
08178;08;Fraillicourt;C
08179;08;Francheval;C
08180;08;La Francheville;B2
08182;08;Le Fréty;C
08183;08;Fromelennes;C
08184;08;Fromy;C
08185;08;Fumay;C
08186;08;Germont;C
08187;08;Gernelle;C
08188;08;Gespunsart;C
08189;08;Girondelle;C
08190;08;Givet;C
08191;08;Givonne;C
08192;08;Givron;C
08193;08;Givry;C
08194;08;Glaire;C
08195;08;Gomont;C
08196;08;Grandchamp;C
08197;08;Grandham;C
08198;08;Grandpré;C
08199;08;La Grandville;C
08200;08;Grivy-Loisy;C
08201;08;Gruyères;C
08202;08;Gué-d'Hossus;C
08203;08;Guignicourt-sur-Vence;C
08204;08;Guincourt;C
08205;08;Hagnicourt;C
08206;08;Ham-les-Moines;C
08207;08;Ham-sur-Meuse;C
08208;08;Hannappes;C
08209;08;Hannogne-Saint-Martin;C
08210;08;Hannogne-Saint-Rémy;C
08211;08;Haraucourt;C
08212;08;Harcy;C
08214;08;Hargnies;C
08215;08;Harricourt;C
08216;08;Haudrecy;C
08217;08;Haulmé;C
08218;08;Les Hautes-Rivières;C
08219;08;Hauteville;C
08220;08;Hauviné;C
08222;08;Haybes;C
08223;08;Herbeuval;C
08225;08;Herpy-l'Arlésienne;C
08226;08;Hierges;C
08228;08;La Horgne;C
08229;08;Houdilcourt;C
08230;08;Houldizy;C
08232;08;Illy;C
08233;08;Imécourt;C
08234;08;Inaumont;C
08235;08;Issancourt-et-Rumel;C
08236;08;Jandun;C
08237;08;Joigny-sur-Meuse;C
08238;08;Jonval;C
08239;08;Juniville;C
08240;08;Justine-Herbigny;C
08242;08;Laifour;C
08243;08;Lalobbe;C
08244;08;Lametz;C
08245;08;Lançon;C
08246;08;Landres-et-Saint-Georges;C
08247;08;Landrichamps;C
08248;08;Launois-sur-Vence;C
08249;08;Laval-Morency;C
08250;08;Leffincourt;C
08251;08;Lépron-les-Vallées;C
08252;08;Létanne;C
08254;08;Liart;C
08255;08;Linay;C
08256;08;Liry;C
08257;08;Logny-Bogny;C
08259;08;Longwé;C
08260;08;Lonny;C
08262;08;Lucquy;C
08263;08;Lumes;C
08264;08;Machault;C
08268;08;Maisoncelle-et-Villers;C
08269;08;Malandry;C
08271;08;Manre;C
08272;08;Maranwez;C
08273;08;Marby;C
08274;08;Marcq;C
08275;08;Margny;C
08276;08;Margut;C
08277;08;Marlemont;C
08278;08;Marquigny;C
08279;08;Mars-sous-Bourcq;C
08280;08;Marvaux-Vieux;C
08281;08;Matton-et-Clémency;C
08282;08;Maubert-Fontaine;C
08283;08;Mazerny;C
08284;08;Les Mazures;C
08286;08;Ménil-Annelles;C
08287;08;Ménil-Lépinois;C
08288;08;Mesmont;C
08289;08;Messincourt;C
08291;08;Mogues;C
08293;08;Moiry;C
08295;08;Mondigny;C
08296;08;Montcheutin;C
08297;08;Montcornet;C
08298;08;Montcy-Notre-Dame;B2
08301;08;Montgon;C
08302;08;Monthermé;C
08303;08;Monthois;C
08304;08;Montigny-sur-Meuse;C
08305;08;Montigny-sur-Vence;C
08306;08;Mont-Laurent;C
08307;08;Montmeillant;C
08308;08;Mont-Saint-Martin;C
08309;08;Mont-Saint-Remy;C
08310;08;Mouron;C
08311;08;Mouzon;C
08312;08;Murtin-et-Bogny;C
08313;08;Nanteuil-sur-Aisne;C
08314;08;Neuflize;C
08315;08;Neufmaison;C
08316;08;Neufmanil;C
08317;08;La Neuville-à-Maire;C
08318;08;La Neuville-aux-Joûtes;C
08319;08;Neuville-lez-Beaulieu;C
08320;08;La Neuville-en-Tourne-à-Fuy;C
08321;08;Neuville-Day;C
08322;08;Neuville-lès-This;C
08323;08;La Neuville-lès-Wasigny;C
08324;08;Neuvizy;C
08325;08;Noirval;C
08326;08;Nouart;C
08327;08;Nouvion-sur-Meuse;C
08328;08;Nouzonville;C
08329;08;Novion-Porcien;C
08330;08;Novy-Chevrières;C
08331;08;Noyers-Pont-Maugis;C
08332;08;Oches;C
08333;08;Olizy-Primat;C
08334;08;Omicourt;C
08335;08;Omont;C
08336;08;Osnes;C
08338;08;Pauvres;C
08339;08;Perthes;C
08340;08;Poilcourt-Sydney;C
08341;08;Poix-Terron;C
08342;08;Pouru-aux-Bois;C
08343;08;Pouru-Saint-Remy;C
08344;08;Prez;C
08346;08;Prix-lès-Mézières;B2
08347;08;Puilly-et-Charbeaux;C
08348;08;Puiseux;C
08349;08;Pure;C
08350;08;Quatre-Champs;C
08351;08;Quilly;C
08352;08;Raillicourt;C
08353;08;Rancennes;C
08354;08;Raucourt-et-Flaba;C
08355;08;Regniowez;C
08356;08;Remaucourt;C
08357;08;Remilly-Aillicourt;C
08358;08;Remilly-les-Pothées;C
08360;08;Renneville;C
08361;08;Renwez;C
08362;08;Rethel;B1
08363;08;Revin;C
08364;08;Rilly-sur-Aisne;C
08365;08;Rimogne;C
08366;08;Rocquigny;C
08367;08;Rocroi;C
08368;08;Roizy;C
08369;08;La Romagne;C
08370;08;Rouvroy-sur-Audry;C
08372;08;Rubigny;C
08373;08;Rumigny;C
08374;08;La Sabotterie;C
08375;08;Sachy;C
08376;08;Sailly;C
08377;08;Saint-Aignan;C
08378;08;Saint-Clément-à-Arnes;C
08379;08;Saint-Étienne-à-Arnes;C
08380;08;Saint-Fergeux;C
08381;08;Saint-Germainmont;C
08382;08;Saint-Jean-aux-Bois;C
08383;08;Saint-Juvin;C
08384;08;Saint-Lambert-et-Mont-de-Jeux;C
08385;08;Saint-Laurent;B2
08386;08;Saint-Loup-en-Champagne;C
08387;08;Saint-Loup-Terrier;C
08388;08;Saint-Marceau;C
08389;08;Saint-Marcel;C
08390;08;Sainte-Marie;C
08391;08;Saint-Menges;C
08392;08;Saint-Morel;C
08393;08;Saint-Pierre-à-Arnes;C
08394;08;Saint-Pierremont;C
08395;08;Saint-Pierre-sur-Vence;C
08396;08;Saint-Quentin-le-Petit;C
08397;08;Saint-Remy-le-Petit;C
08398;08;Sainte-Vaubourg;C
08399;08;Sapogne-sur-Marche;C
08400;08;Sapogne-et-Feuchères;C
08401;08;Saulces-Champenoises;C
08402;08;Saulces-Monclin;C
08403;08;Sault-lès-Rethel;C
08404;08;Sault-Saint-Remy;C
08405;08;Sauville;C
08406;08;Savigny-sur-Aisne;C
08407;08;Séchault;C
08408;08;Sécheval;C
08409;08;Sedan;B1
08410;08;Semide;C
08411;08;Semuy;C
08412;08;Senuc;C
08413;08;Seraincourt;C
08415;08;Sery;C
08416;08;Seuil;C
08417;08;Sévigny-la-Forêt;C
08418;08;Sévigny-Waleppe;C
08419;08;Signy-l'Abbaye;C
08420;08;Signy-le-Petit;C
08421;08;Signy-Montlibert;C
08422;08;Singly;C
08424;08;Sommauthe;C
08425;08;Sommerance;C
08426;08;Son;C
08427;08;Sorbon;C
08428;08;Sorcy-Bauthémont;C
08429;08;Sormonne;C
08430;08;Stonne;C
08431;08;Sugny;C
08432;08;Sury;C
08433;08;Suzanne;C
08434;08;Sy;C
08435;08;Tagnon;C
08436;08;Taillette;C
08437;08;Tailly;C
08438;08;Taizy;C
08439;08;Tannay-le-Mont-Dieu;C
08440;08;Tarzy;C
08444;08;Tétaigne;C
08445;08;Thelonne;C
08446;08;Thénorgues;C
08448;08;Thilay;C
08449;08;Thin-le-Moutier;C
08450;08;This;C
08451;08;Le Thour;C
08452;08;Thugny-Trugny;C
08453;08;Toges;C
08454;08;Touligny;C
08455;08;Tourcelles-Chaumont;C
08456;08;Tournavaux;C
08457;08;Tournes;C
08458;08;Tourteron;C
08459;08;Tremblois-lès-Carignan;C
08460;08;Tremblois-lès-Rocroi;C
08461;08;Vandy;C
08462;08;Vaux-Champagne;C
08463;08;Vaux-en-Dieulet;C
08464;08;Vaux-lès-Mouron;C
08465;08;Vaux-lès-Rubigny;C
08466;08;Vaux-lès-Mouzon;C
08467;08;Vaux-Montreuil;C
08468;08;Vaux-Villaine;C
08469;08;Vendresse;C
08470;08;Verpel;C
08471;08;Verrières;C
08472;08;Viel-Saint-Remy;C
08473;08;Vieux-lès-Asfeld;C
08476;08;Villers-devant-le-Thour;C
08477;08;Villers-devant-Mouzon;C
08478;08;Villers-le-Tilleul;C
08479;08;Villers-le-Tourneur;C
08480;08;Villers-Semeuse;B2
08481;08;Villers-sur-Bar;C
08482;08;Villers-sur-le-Mont;C
08483;08;Ville-sur-Lumes;C
08484;08;Ville-sur-Retourne;C
08485;08;Villy;C
08486;08;Vireux-Molhain;C
08487;08;Vireux-Wallerand;C
08488;08;Vivier-au-Court;C
08489;08;Voncq;C
08490;08;Vouziers;C
08491;08;Vrigne aux Bois;C
08492;08;Vrigne-Meuse;C
08494;08;Wadelincourt;C
08496;08;Wagnon;C
08497;08;Warcq;B2
08498;08;Warnécourt;C
08499;08;Wasigny;C
08500;08;Wignicourt;C
08501;08;Williers;C
08502;08;Yoncq;C
08503;08;Yvernaumont;C
09001;09;Aigues-Juntes;C
09002;09;Aigues-Vives;C
09003;09;L'Aiguillon;C
09004;09;Albiès;C
09005;09;Aleu;C
09006;09;Alliat;C
09007;09;Allières;C
09008;09;Alos;C
09009;09;Alzen;C
09011;09;Antras;C
09012;09;Appy;C
09013;09;Arabaux;C
09014;09;Argein;C
09015;09;Arignac;C
09016;09;Arnave;C
09017;09;Arrien-en-Bethmale;C
09018;09;Arrout;C
09019;09;Artigat;C
09020;09;Artigues;C
09021;09;Artix;C
09022;09;Arvigna;C
09023;09;Ascou;C
09024;09;Aston;C
09025;09;Aucazein;C
09026;09;Audressein;C
09027;09;Augirein;C
09029;09;Aulus-les-Bains;C
09030;09;Auzat;C
09031;09;Axiat;C
09032;09;Ax-les-Thermes;C
09033;09;Bagert;C
09034;09;Balacet;C
09035;09;Balaguères;C
09037;09;Barjac;C
09038;09;La Bastide-de-Besplas;C
09039;09;La Bastide-de-Bousignac;C
09040;09;La Bastide-de-Lordat;C
09041;09;La Bastide-du-Salat;C
09042;09;La Bastide-de-Sérou;C
09043;09;La Bastide-sur-l'Hers;C
09044;09;Baulou;C
09045;09;Bédeilhac-et-Aynat;C
09046;09;Bédeille;C
09047;09;Bélesta;C
09048;09;Belloc;C
09049;09;Bénac;C
09050;09;Benagues;C
09051;09;Bénaix;C
09052;09;Besset;C
09053;09;Bestiac;C
09054;09;Betchat;C
09055;09;Bethmale;C
09056;09;Bézac;C
09057;09;Biert;C
09058;09;Bompas;C
09059;09;Bonac-Irazein;C
09060;09;Bonnac;C
09061;09;Les Bordes-sur-Arize;C
09062;09;Bordes-Uchentein;C
09063;09;Le Bosc;C
09064;09;Bouan;C
09065;09;Boussenac;C
09066;09;Brassac;C
09067;09;Brie;C
09068;09;Burret;C
09069;09;Buzan;C
09070;09;Les Cabannes;C
09071;09;Cadarcet;C
09072;09;Calzan;C
09073;09;Camarade;C
09074;09;Camon;C
09075;09;Campagne-sur-Arize;C
09076;09;Canté;C
09077;09;Capoulet-et-Junac;C
09078;09;Carcanières;C
09079;09;Carla-Bayle;C
09080;09;Carla-de-Roquefort;C
09081;09;Le Carlaret;C
09082;09;Castelnau-Durban;C
09083;09;Castéras;C
09084;09;Castex;C
09085;09;Castillon-en-Couserans;C
09086;09;Caumont;C
09087;09;Caussou;C
09088;09;Caychax-et-Senconac;C
09089;09;Cazals-des-Baylès;C
09090;09;Cazaux;C
09091;09;Cazavet;C
09092;09;Cazenave-Serres-et-Allens;C
09093;09;Celles;C
09094;09;Cérizols;C
09095;09;Cescau;C
09096;09;Château-Verdun;C
09097;09;Clermont;C
09098;09;Contrazy;C
09099;09;Cos;C
09100;09;Couflens;C
09101;09;Coussa;C
09102;09;Coutens;C
09103;09;Crampagna;C
09104;09;Dalou;C
09105;09;Daumazan-sur-Arize;C
09106;09;Dreuilhe;C
09107;09;Dun;C
09108;09;Durban-sur-Arize;C
09109;09;Durfort;C
09110;09;Encourtiech;C
09111;09;Engomer;C
09113;09;Ercé;C
09114;09;Erp;C
09115;09;Esclagne;C
09116;09;Escosse;C
09117;09;Esplas;C
09118;09;Esplas-de-Sérou;C
09119;09;Eycheil;C
09120;09;Fabas;C
09121;09;Ferrières-sur-Ariège;C
09122;09;Foix;C
09123;09;Fornex;C
09124;09;Le Fossat;C
09125;09;Fougax-et-Barrineuf;C
09126;09;Freychenet;C
09127;09;Gabre;C
09128;09;Gajan;C
09129;09;Galey;C
09130;09;Ganac;C
09131;09;Garanou;C
09132;09;Gaudiès;C
09133;09;Génat;C
09134;09;Gestiès;C
09136;09;Gourbit;C
09137;09;Gudas;C
09138;09;L'Herm;C
09139;09;L'Hospitalet-près-l'Andorre;C
09140;09;Ignaux;C
09141;09;Illartein;C
09142;09;Ilhat;C
09143;09;Illier-et-Laramade;C
09145;09;Les Issards;C
09146;09;Justiniac;C
09147;09;Labatut;C
09148;09;Lacave;C
09149;09;Lacourt;C
09150;09;Lagarde;C
09151;09;Lanoux;C
09152;09;Lapège;C
09153;09;Lapenne;C
09154;09;Larbont;C
09155;09;Larcat;C
09156;09;Larnat;C
09157;09;Laroque-d'Olmes;C
09158;09;Lasserre;C
09159;09;Lassur;C
09160;09;Lavelanet;C
09161;09;Léran;C
09162;09;Lercoul;C
09163;09;Lescousse;C
09164;09;Lescure;C
09165;09;Lesparrou;C
09166;09;Leychert;C
09167;09;Lézat-sur-Lèze;C
09168;09;Lieurac;C
09169;09;Limbrassac;C
09170;09;Lissac;C
09171;09;Lordat;C
09172;09;Loubaut;C
09173;09;Loubens;C
09174;09;Loubières;C
09175;09;Ludiès;C
09176;09;Luzenac;C
09177;09;Madière;C
09178;09;Malegoude;C
09179;09;Malléon;C
09180;09;Manses;C
09181;09;Le Mas-d'Azil;C
09182;09;Massat;C
09183;09;Mauvezin-de-Prat;C
09184;09;Mauvezin-de-Sainte-Croix;C
09185;09;Mazères;C
09186;09;Méras;C
09187;09;Mercenac;C
09188;09;Mercus-Garrabet;C
09189;09;Mérens-les-Vals;C
09190;09;Mérigon;C
09192;09;Miglos;C
09193;09;Mijanès;C
09194;09;Mirepoix;C
09195;09;Monesple;C
09196;09;Montagagne;C
09197;09;Montaillou;C
09198;09;Montardit;C
09199;09;Montaut;C
09200;09;Montbel;C
09201;09;Montégut-en-Couserans;C
09202;09;Montégut-Plantaurel;C
09203;09;Montels;C
09204;09;Montesquieu-Avantès;C
09205;09;Montfa;C
09206;09;Montferrier;C
09207;09;Montgailhard;C
09208;09;Montgauch;C
09209;09;Montjoie-en-Couserans;C
09210;09;Montoulieu;C
09211;09;Montségur;C
09212;09;Montseron;C
09213;09;Moulin-Neuf;C
09214;09;Moulis;C
09215;09;Nalzen;C
09216;09;Nescus;C
09217;09;Niaux;C
09218;09;Orgeix;C
09219;09;Orgibet;C
09220;09;Orlu;C
09221;09;Ornolac-Ussat-les-Bains;C
09222;09;Orus;C
09223;09;Oust;C
09224;09;Pailhès;C
09225;09;Pamiers;C
09226;09;Pech;C
09227;09;Péreille;C
09228;09;Perles-et-Castelet;C
09229;09;Le Peyrat;C
09230;09;Le Pla;C
09231;09;Le Port;C
09232;09;Prades;C
09233;09;Pradettes;C
09234;09;Pradières;C
09235;09;Prat-Bonrepaux;C
09236;09;Prayols;C
09237;09;Le Puch;C
09238;09;Les Pujols;C
09239;09;Quérigut;C
09240;09;Quié;C
09241;09;Rabat-les-Trois-Seigneurs;C
09242;09;Raissac;C
09243;09;Régat;C
09244;09;Rieucros;C
09245;09;Rieux-de-Pelleport;C
09246;09;Rimont;C
09247;09;Rivèrenert;C
09249;09;Roquefixade;C
09250;09;Roquefort-les-Cascades;C
09251;09;Roumengoux;C
09252;09;Rouze;C
09253;09;Sabarat;C
09254;09;Saint-Amadou;C
09256;09;Saint-Bauzeil;C
09257;09;Sainte-Croix-Volvestre;C
09258;09;Saint-Félix-de-Rieutord;C
09259;09;Saint-Félix-de-Tournegat;C
09260;09;Sainte-Foi;C
09261;09;Saint-Girons;C
09262;09;Saint-Jean-d'Aigues-Vives;C
09263;09;Saint-Jean-du-Castillonnais;C
09264;09;Saint-Jean-de-Verges;C
09265;09;Saint-Jean-du-Falga;C
09266;09;Saint-Julien-de-Gras-Capou;C
09267;09;Saint-Lary;C
09268;09;Saint-Lizier;C
09269;09;Saint-Martin-de-Caralp;C
09270;09;Saint-Martin-d'Oydes;C
09271;09;Saint-Michel;C
09272;09;Saint-Paul-de-Jarrat;C
09273;09;Saint-Pierre-de-Rivière;C
09274;09;Saint-Quentin-la-Tour;C
09275;09;Saint-Quirc;C
09276;09;Saint-Victor-Rouzaud;C
09277;09;Saint-Ybars;C
09279;09;Salsein;C
09280;09;Saurat;C
09281;09;Sautel;C
09282;09;Saverdun;C
09283;09;Savignac-les-Ormeaux;C
09284;09;Ségura;C
09285;09;Seix;C
09289;09;Lorp-Sentaraille;C
09290;09;Sentein;C
09291;09;Sentenac-d'Oust;C
09292;09;Sentenac-de-Sérou;C
09293;09;Serres-sur-Arget;C
09294;09;Sieuras;C
09295;09;Siguer;C
09296;09;Aulos-Sinsat;C
09297;09;Sor;C
09298;09;Sorgeat;C
09299;09;Soueix-Rogalle;C
09300;09;Soula;C
09301;09;Soulan;C
09303;09;Surba;C
09304;09;Suzan;C
09305;09;Tabre;C
09306;09;Tarascon-sur-Ariège;C
09307;09;Taurignan-Castet;C
09308;09;Taurignan-Vieux;C
09309;09;Teilhet;C
09310;09;Thouars-sur-Arize;C
09311;09;Tignac;C
09312;09;La Tour-du-Crieu;C
09313;09;Tourtouse;C
09314;09;Tourtrol;C
09315;09;Trémoulet;C
09316;09;Troye-d'Ariège;C
09318;09;Unac;C
09319;09;Unzent;C
09320;09;Urs;C
09321;09;Ussat;C
09322;09;Ustou;C
09323;09;Vals;C
09324;09;Varilhes;C
09325;09;Vaychis;C
09326;09;Vèbre;C
09327;09;Ventenac;C
09328;09;Verdun;C
09329;09;Vernajoul;C
09330;09;Vernaux;C
09331;09;Le Vernet;C
09332;09;Verniolle;C
09334;09;Val-de-Sos;C
09335;09;Villeneuve;C
09336;09;Villeneuve-d'Olmes;C
09338;09;Villeneuve-du-Latou;C
09339;09;Villeneuve-du-Paréage;C
09340;09;Vira;C
09341;09;Viviès;C
09342;09;Sainte-Suzanne;C
10002;10;Ailleville;C
10003;10;Aix-Villemaur-Pâlis;C
10004;10;Allibaudières;C
10005;10;Amance;C
10006;10;Arcis-sur-Aube;C
10007;10;Arconville;C
10008;10;Argançon;C
10009;10;Arrelles;C
10010;10;Arrembécourt;C
10011;10;Arrentières;C
10012;10;Arsonval;C
10013;10;Assenay;C
10014;10;Assencières;C
10015;10;Aubeterre;C
10017;10;Aulnay;C
10018;10;Auxon;C
10019;10;Val-d'Auzon;C
10020;10;Avant-lès-Marcilly;C
10021;10;Avant-lès-Ramerupt;C
10022;10;Avirey-Lingey;C
10023;10;Avon-la-Pèze;C
10024;10;Avreuil;C
10025;10;Bagneux-la-Fosse;C
10026;10;Bailly-le-Franc;C
10027;10;Balignicourt;C
10028;10;Balnot-la-Grange;C
10029;10;Balnot-sur-Laignes;C
10030;10;Barberey-Saint-Sulpice;B2
10031;10;Barbuise;C
10032;10;Baroville;C
10033;10;Bar-sur-Aube;C
10034;10;Bar-sur-Seine;C
10035;10;Bayel;C
10037;10;Bercenay-en-Othe;C
10038;10;Bercenay-le-Hayer;C
10039;10;Bergères;C
10040;10;Bernon;C
10041;10;Bertignolles;C
10042;10;Bérulle;C
10043;10;Bessy;C
10044;10;Bétignicourt;C
10045;10;Beurey;C
10046;10;Blaincourt-sur-Aube;C
10047;10;Blignicourt;C
10048;10;Bligny;C
10049;10;Les Bordes-Aumont;C
10050;10;Bossancourt;C
10051;10;Bouilly;C
10052;10;Boulages;C
10053;10;Bouranton;C
10054;10;Bourdenay;C
10055;10;Bourguignons;C
10056;10;Bouy-Luxembourg;C
10057;10;Bouy-sur-Orvin;C
10058;10;Bragelogne-Beauvoir;C
10059;10;Braux;C
10060;10;Bréviandes;B2
10061;10;Brévonnes;C
10062;10;Briel-sur-Barse;C
10063;10;Brienne-la-Vieille;C
10064;10;Brienne-le-Château;C
10065;10;Brillecourt;C
10066;10;Bucey-en-Othe;C
10067;10;Buchères;B2
10068;10;Buxeuil;C
10069;10;Buxières-sur-Arce;C
10070;10;Celles-sur-Ource;C
10071;10;Chacenay;C
10072;10;La Chaise;C
10073;10;Chalette-sur-Voire;C
10074;10;Chamoy;C
10075;10;Champfleury;C
10076;10;Champignol-lez-Mondeville;C
10077;10;Champigny-sur-Aube;C
10078;10;Champ-sur-Barse;C
10079;10;Channes;C
10080;10;Chaource;C
10081;10;La Chapelle-Saint-Luc;B1
10082;10;Chapelle-Vallon;C
10083;10;Chappes;C
10084;10;Charmont-sous-Barbuise;C
10085;10;Charmoy;C
10086;10;Charny-le-Bachot;C
10087;10;Chaserey;C
10089;10;Châtres;C
10090;10;Chauchigny;C
10091;10;Chaudrey;C
10092;10;Chauffour-lès-Bailly;C
10093;10;Chaumesnil;C
10094;10;Chavanges;C
10095;10;Le Chêne;C
10096;10;Chennegy;C
10097;10;Chervey;C
10098;10;Chesley;C
10099;10;Chessy-les-Prés;C
10100;10;Clérey;C
10101;10;Coclois;C
10102;10;Colombé-la-Fosse;C
10103;10;Colombé-le-Sec;C
10104;10;Cormost;C
10105;10;Courcelles-sur-Voire;C
10106;10;Courceroy;C
10107;10;Coursan-en-Othe;C
10108;10;Courtaoult;C
10109;10;Courtenot;C
10110;10;Courteranges;C
10111;10;Courteron;C
10112;10;Coussegrey;C
10113;10;Couvignon;C
10114;10;Crancey;C
10115;10;Creney-près-Troyes;B2
10116;10;Crésantignes;C
10117;10;Crespy-le-Neuf;C
10118;10;Les Croûtes;C
10119;10;Cunfin;C
10120;10;Cussangy;C
10121;10;Dampierre;C
10122;10;Davrey;C
10123;10;Dienville;C
10124;10;Dierrey-Saint-Julien;C
10125;10;Dierrey-Saint-Pierre;C
10126;10;Dolancourt;C
10127;10;Dommartin-le-Coq;C
10128;10;Donnement;C
10129;10;Dosches;C
10130;10;Dosnon;C
10131;10;Droupt-Saint-Basle;C
10132;10;Droupt-Sainte-Marie;C
10133;10;Eaux-Puiseaux;C
10134;10;Échemines;C
10135;10;Éclance;C
10136;10;Éguilly-sous-Bois;C
10137;10;Engente;C
10138;10;Épagne;C
10139;10;Épothémont;C
10140;10;Ervy-le-Châtel;C
10141;10;Essoyes;C
10142;10;Estissac;C
10143;10;Étourvy;C
10144;10;Étrelles-sur-Aube;C
10145;10;Faux-Villecerf;C
10146;10;Fay-lès-Marcilly;C
10147;10;Fays-la-Chapelle;C
10148;10;Ferreux-Quincey;C
10149;10;Feuges;C
10150;10;Fontaine;C
10151;10;Fontaine-les-Grès;C
10153;10;Fontaine-Mâcon;C
10154;10;Fontenay-de-Bossery;C
10155;10;Fontette;C
10156;10;Fontvannes;C
10157;10;La Fosse-Corduan;C
10158;10;Fouchères;C
10159;10;Fralignes;C
10160;10;Fravaux;C
10161;10;Fresnay;C
10162;10;Fresnoy-le-Château;C
10163;10;Fuligny;C
10164;10;Gélannes;C
10165;10;Géraudot;C
10166;10;Les Grandes-Chapelles;C
10167;10;Grandville;C
10168;10;Les Granges;C
10169;10;Gumery;C
10170;10;Gyé-sur-Seine;C
10171;10;Hampigny;C
10172;10;Herbisse;C
10173;10;Isle-Aumont;C
10174;10;Isle-Aubigny;C
10175;10;Jasseines;C
10176;10;Jaucourt;C
10177;10;Javernant;C
10178;10;Jessains;C
10179;10;Jeugny;C
10180;10;Joncreuil;C
10181;10;Jully-sur-Sarce;C
10182;10;Juvancourt;C
10183;10;Juvanzé;C
10184;10;Juzanvigny;C
10185;10;Lagesse;C
10186;10;Laines-aux-Bois;C
10187;10;Landreville;C
10188;10;Lantages;C
10189;10;Lassicourt;C
10190;10;Laubressel;C
10191;10;Lavau;B2
10192;10;Lentilles;C
10193;10;Lesmont;C
10194;10;Lévigny;C
10195;10;Lhuître;C
10196;10;Lignières;C
10197;10;Lignol-le-Château;C
10198;10;Lirey;C
10199;10;Loches-sur-Ource;C
10200;10;La Loge-aux-Chèvres;C
10201;10;La Loge-Pomblin;C
10202;10;Les Loges-Margueron;C
10203;10;Longchamp-sur-Aujon;C
10204;10;Longeville-sur-Mogne;C
10205;10;Longpré-le-Sec;C
10206;10;Longsols;C
10207;10;Longueville-sur-Aube;C
10208;10;La Louptière-Thénard;C
10209;10;Lusigny-sur-Barse;C
10210;10;Luyères;C
10211;10;Macey;C
10212;10;Machy;C
10213;10;Magnant;C
10214;10;Magnicourt;C
10215;10;Magny-Fouchard;C
10216;10;Mailly-le-Camp;C
10217;10;Maison-des-Champs;C
10218;10;Maisons-lès-Chaource;C
10219;10;Maisons-lès-Soulaines;C
10220;10;Maizières-la-Grande-Paroisse;C
10221;10;Maizières-lès-Brienne;C
10222;10;Maraye-en-Othe;C
10223;10;Marcilly-le-Hayer;C
10224;10;Marigny-le-Châtel;C
10225;10;Marnay-sur-Seine;C
10226;10;Marolles-lès-Bailly;C
10227;10;Marolles-sous-Lignières;C
10228;10;Mathaux;C
10229;10;Maupas;C
10230;10;Mergey;C
10231;10;Le Mériot;C
10232;10;Merrey-sur-Arce;C
10233;10;Méry-sur-Seine;C
10234;10;Mesgrigny;C
10235;10;Mesnil-la-Comtesse;C
10236;10;Mesnil-Lettre;C
10237;10;Mesnil-Saint-Loup;C
10238;10;Mesnil-Saint-Père;C
10239;10;Mesnil-Sellières;C
10240;10;Messon;C
10241;10;Metz-Robert;C
10242;10;Meurville;C
10243;10;Molins-sur-Aube;C
10245;10;Montaulin;C
10246;10;Montceaux-lès-Vaudes;C
10247;10;Montfey;C
10248;10;Montgueux;C
10249;10;Montiéramey;C
10250;10;Montier-en-l'Isle;C
10251;10;Montigny-les-Monts;C
10252;10;Montmartin-le-Haut;C
10253;10;Montmorency-Beaufort;C
10254;10;Montpothier;C
10255;10;Montreuil-sur-Barse;C
10256;10;Montsuzain;C
10257;10;Morembert;C
10258;10;Morvilliers;C
10259;10;La Motte-Tilly;C
10260;10;Moussey;C
10261;10;Mussy-sur-Seine;C
10262;10;Neuville-sur-Seine;C
10263;10;Neuville-sur-Vanne;C
10264;10;Noé-les-Mallets;C
10265;10;Les Noës-près-Troyes;B1
10266;10;Nogent-en-Othe;C
10267;10;Nogent-sur-Aube;C
10268;10;Nogent-sur-Seine;B1
10269;10;Nozay;C
10270;10;Onjon;C
10271;10;Origny-le-Sec;C
10272;10;Ormes;C
10273;10;Ortillon;C
10274;10;Orvilliers-Saint-Julien;C
10275;10;Ossey-les-Trois-Maisons;C
10276;10;Paisy-Cosdon;C
10278;10;Pargues;C
10279;10;Pars-lès-Chavanges;C
10280;10;Pars-lès-Romilly;C
10281;10;Le Pavillon-Sainte-Julie;C
10282;10;Payns;C
10283;10;Pel-et-Der;C
10284;10;Périgny-la-Rose;C
10285;10;Perthes-lès-Brienne;C
10286;10;Petit-Mesnil;C
10287;10;Piney;C
10288;10;Plaines-Saint-Lange;C
10289;10;Plancy-l'Abbaye;C
10290;10;Planty;C
10291;10;Plessis-Barbuise;C
10293;10;Poivres;C
10294;10;Poligny;C
10295;10;Polisot;C
10296;10;Polisy;C
10297;10;Pont-Sainte-Marie;B1
10298;10;Pont-sur-Seine;C
10299;10;Pouan-les-Vallées;C
10300;10;Pougy;C
10301;10;Pouy-sur-Vannes;C
10302;10;Praslin;C
10303;10;Précy-Notre-Dame;C
10304;10;Précy-Saint-Martin;C
10305;10;Prémierfait;C
10306;10;Proverville;C
10307;10;Prugny;C
10308;10;Prunay-Belleville;C
10309;10;Prusy;C
10310;10;Puits-et-Nuisement;C
10312;10;Racines;C
10313;10;Radonvilliers;C
10314;10;Ramerupt;C
10315;10;Rances;C
10316;10;Rhèges;C
10317;10;Les Riceys;C
10318;10;Rigny-la-Nonneuse;C
10319;10;Rigny-le-Ferron;C
10320;10;Rilly-Sainte-Syre;C
10321;10;La Rivière-de-Corps;B2
10323;10;Romilly-sur-Seine;C
10324;10;Roncenay;C
10325;10;Rosières-près-Troyes;B1
10326;10;Rosnay-l'Hôpital;C
10327;10;La Rothière;C
10328;10;Rouilly-Sacey;C
10329;10;Rouilly-Saint-Loup;C
10330;10;Rouvres-les-Vignes;C
10331;10;Rumilly-lès-Vaudes;C
10332;10;Ruvigny;C
10333;10;Saint-André-les-Vergers;B1
10334;10;Saint-Aubin;C
10335;10;Saint-Benoist-sur-Vanne;C
10336;10;Saint-Benoît-sur-Seine;C
10337;10;Saint-Christophe-Dodinicourt;C
10338;10;Saint-Étienne-sous-Barbuise;C
10339;10;Saint-Flavy;C
10340;10;Saint-Germain;B2
10341;10;Saint-Hilaire-sous-Romilly;C
10342;10;Saint-Jean-de-Bonneval;C
10343;10;Saint-Julien-les-Villas;B1
10344;10;Saint-Léger-près-Troyes;C
10345;10;Saint-Léger-sous-Brienne;C
10346;10;Saint-Léger-sous-Margerie;C
10347;10;Saint-Loup-de-Buffigny;C
10348;10;Saint-Lupien;C
10349;10;Saint-Lyé;C
10350;10;Saint-Mards-en-Othe;C
10351;10;Saint-Martin-de-Bossenay;C
10352;10;Sainte-Maure;B2
10353;10;Saint-Mesmin;C
10354;10;Saint-Nabord-sur-Aube;C
10355;10;Saint-Nicolas-la-Chapelle;C
10356;10;Saint-Oulph;C
10357;10;Saint-Parres-aux-Tertres;B2
10358;10;Saint-Parres-lès-Vaudes;C
10359;10;Saint-Phal;C
10360;10;Saint-Pouange;C
10361;10;Saint-Remy-sous-Barbuise;C
10362;10;Sainte-Savine;B1
10363;10;Saint-Thibault;C
10364;10;Saint-Usage;C
10365;10;Salon;C
10366;10;Saulcy;C
10367;10;La Saulsotte;C
10368;10;Savières;C
10369;10;Semoine;C
10370;10;Soligny-les-Étangs;C
10371;10;Sommeval;C
10372;10;Soulaines-Dhuys;C
10373;10;Souligny;C
10374;10;Spoy;C
10375;10;Thennelières;C
10376;10;Thieffrain;C
10377;10;Thil;C
10378;10;Thors;C
10379;10;Torcy-le-Grand;C
10380;10;Torcy-le-Petit;C
10381;10;Torvilliers;C
10382;10;Traînel;C
10383;10;Trancault;C
10384;10;Trannes;C
10386;10;Trouans;C
10387;10;Troyes;B1
10388;10;Turgy;C
10389;10;Unienville;C
10390;10;Urville;C
10391;10;Vailly;C
10392;10;Vallant-Saint-Georges;C
10393;10;Vallentigny;C
10394;10;Vallières;C
10395;10;Vanlay;C
10396;10;Vauchassis;C
10397;10;Vauchonvilliers;C
10398;10;Vaucogne;C
10399;10;Vaudes;C
10400;10;Vaupoisson;C
10401;10;Vendeuvre-sur-Barse;C
10402;10;La Vendue-Mignot;C
10403;10;Vernonvilliers;C
10404;10;Verpillières-sur-Ource;C
10405;10;Verricourt;C
10406;10;Verrières;B2
10408;10;Viâpres-le-Petit;C
10409;10;Villacerf;C
10410;10;Villadin;C
10411;10;La Ville-aux-Bois;C
10412;10;Villechétif;B2
10414;10;Villeloup;C
10416;10;Villemereuil;C
10417;10;Villemoiron-en-Othe;C
10418;10;Villemorien;C
10419;10;Villemoyenne;C
10420;10;Villenauxe-la-Grande;C
10421;10;La Villeneuve-au-Châtelot;C
10422;10;Villeneuve-au-Chemin;C
10423;10;La Villeneuve-au-Chêne;C
10424;10;Villeret;C
10425;10;Villery;C
10426;10;Ville-sous-la-Ferté;C
10427;10;Ville-sur-Arce;C
10428;10;Ville-sur-Terre;C
10429;10;Villette-sur-Aube;C
10430;10;Villiers-Herbisse;C
10431;10;Villiers-le-Bois;C
10432;10;Villiers-sous-Praslin;C
10433;10;Villy-en-Trodes;C
10434;10;Villy-le-Bois;C
10435;10;Villy-le-Maréchal;C
10436;10;Vinets;C
10437;10;Virey-sous-Bar;C
10438;10;Vitry-le-Croisé;C
10439;10;Viviers-sur-Artaut;C
10440;10;Voigny;C
10441;10;Vosnon;C
10442;10;Voué;C
10443;10;Vougrey;C
10444;10;Vulaines;C
10445;10;Yèvres-le-Petit;C
11001;11;Aigues-Vives;C
11002;11;Airoux;C
11003;11;Ajac;C
11004;11;Alaigne;C
11005;11;Alairac;C
11006;11;Albas;C
11007;11;Albières;C
11008;11;Alet-les-Bains;C
11009;11;Alzonne;C
11010;11;Antugnac;C
11011;11;Aragon;C
11012;11;Argeliers;C
11013;11;Argens-Minervois;C
11014;11;Armissan;B2
11015;11;Arques;C
11016;11;Arquettes-en-Val;C
11017;11;Artigues;C
11018;11;Arzens;C
11019;11;Aunat;C
11020;11;Auriac;C
11021;11;Axat;C
11022;11;Azille;C
11023;11;Badens;C
11024;11;Bages;B2
11025;11;Bagnoles;C
11026;11;Baraigne;C
11027;11;Barbaira;C
11028;11;Belcaire;C
11029;11;Belcastel-et-Buc;C
11030;11;Belflou;C
11031;11;Belfort-sur-Rebenty;C
11032;11;Bellegarde-du-Razès;C
11033;11;Belpech;C
11034;11;Belvèze-du-Razès;C
11035;11;Belvianes-et-Cavirac;C
11036;11;Belvis;C
11037;11;Berriac;B2
11038;11;Bessède-de-Sault;C
11039;11;La Bezole;C
11040;11;Bizanet;C
11041;11;Bize-Minervois;C
11042;11;Blomac;C
11043;11;Bouilhonnac;C
11044;11;Bouisse;C
11045;11;Bouriège;C
11046;11;Bourigeole;C
11047;11;Le Bousquet;C
11048;11;Boutenac;C
11049;11;Bram;C
11051;11;Brézilhac;C
11052;11;Brousses-et-Villaret;C
11053;11;Brugairolles;C
11054;11;Les Brunels;C
11055;11;Bugarach;C
11056;11;Cabrespine;C
11057;11;Cahuzac;C
11058;11;Cailhau;C
11059;11;Cailhavel;C
11060;11;Cailla;C
11061;11;Cambieure;C
11062;11;Campagna-de-Sault;C
11063;11;Campagne-sur-Aude;C
11064;11;Camplong-d'Aude;C
11065;11;Camps-sur-l'Agly;C
11066;11;Camurac;C
11067;11;Canet;C
11068;11;Capendu;C
11069;11;Carcassonne;B2
11070;11;Carlipa;C
11071;11;Cascastel-des-Corbières;C
11072;11;La Cassaigne;C
11073;11;Cassaignes;C
11074;11;Les Cassés;C
11075;11;Castans;C
11076;11;Castelnaudary;C
11077;11;Castelnau-d'Aude;C
11078;11;Castelreng;C
11079;11;Caudebronde;C
11080;11;Val de Lambronne;C
11081;11;Caunes-Minervois;C
11082;11;Caunette-sur-Lauquet;C
11083;11;Caunettes-en-Val;C
11084;11;Caux-et-Sauzens;C
11085;11;Cavanac;C
11086;11;Caves;C
11087;11;Cazalrenoux;C
11088;11;Cazilhac;B2
11089;11;Cenne-Monestiés;C
11090;11;Cépie;C
11091;11;Chalabre;C
11092;11;Citou;C
11093;11;Le Clat;C
11094;11;Clermont-sur-Lauquet;C
11095;11;Comigne;C
11096;11;Comus;C
11098;11;Conilhac-Corbières;C
11099;11;Conques-sur-Orbiel;C
11100;11;Corbières;C
11101;11;Coudons;C
11102;11;Couffoulens;C
11103;11;Couiza;C
11104;11;Counozouls;C
11105;11;Cournanel;C
11106;11;Coursan;B2
11107;11;Courtauly;C
11108;11;La Courtète;C
11109;11;Coustaussa;C
11110;11;Coustouge;C
11111;11;Cruscades;C
11112;11;Cubières-sur-Cinoble;C
11113;11;Cucugnan;C
11114;11;Cumiès;C
11115;11;Cuxac-Cabardès;C
11116;11;Cuxac-d'Aude;C
11117;11;Davejean;C
11118;11;Dernacueillette;C
11119;11;La Digne-d'Amont;C
11120;11;La Digne-d'Aval;C
11121;11;Donazac;C
11122;11;Douzens;C
11123;11;Duilhac-sous-Peyrepertuse;C
11124;11;Durban-Corbières;C
11125;11;Embres-et-Castelmaure;C
11126;11;Escales;C
11127;11;Escouloubre;C
11128;11;Escueillens-et-Saint-Just-de-Bélengard;C
11129;11;Espéraza;C
11130;11;Espezel;C
11131;11;Val-du-Faby;C
11132;11;Fabrezan;C
11133;11;Fajac-en-Val;C
11134;11;Fajac-la-Relenque;C
11135;11;La Fajolle;C
11136;11;Fanjeaux;C
11137;11;Félines-Termenès;C
11138;11;Fendeille;C
11139;11;Fenouillet-du-Razès;C
11140;11;Ferrals-les-Corbières;C
11141;11;Ferran;C
11142;11;Festes-et-Saint-André;C
11143;11;Feuilla;C
11144;11;Fitou;C
11145;11;Fleury;B1
11146;11;Floure;C
11147;11;Fontanès-de-Sault;C
11148;11;Fontcouverte;C
11149;11;Fonters-du-Razès;C
11150;11;Fontiers-Cabardès;C
11151;11;Fontiès-d'Aude;C
11152;11;Fontjoncouse;C
11153;11;La Force;C
11154;11;Fournes-Cabardès;C
11155;11;Fourtou;C
11156;11;Fraisse-Cabardès;C
11157;11;Fraissé-des-Corbières;C
11158;11;Gaja-et-Villedieu;C
11159;11;Gaja-la-Selve;C
11160;11;Galinagues;C
11161;11;Gardie;C
11162;11;Generville;C
11163;11;Gincla;C
11164;11;Ginestas;C
11165;11;Ginoles;C
11166;11;Gourvieille;C
11167;11;Gramazie;C
11168;11;Granès;C
11169;11;Greffeil;C
11170;11;Gruissan;B1
11172;11;Homps;C
11173;11;Hounoux;C
11174;11;Les Ilhes;C
11175;11;Issel;C
11176;11;Jonquières;C
11177;11;Joucou;C
11178;11;Labastide-d'Anjou;C
11179;11;Labastide-en-Val;C
11180;11;Labastide-Esparbairenque;C
11181;11;Labécède-Lauragais;C
11182;11;Lacombe;C
11183;11;Ladern-sur-Lauquet;C
11184;11;Lafage;C
11185;11;Lagrasse;C
11186;11;Lairière;C
11187;11;Lanet;C
11188;11;La Palme;C
11189;11;Laprade;C
11190;11;La Redorte;C
11191;11;Laroque-de-Fa;C
11192;11;Lasbordes;C
11193;11;Lasserre-de-Prouille;C
11194;11;Lastours;C
11195;11;Laurabuc;C
11196;11;Laurac;C
11197;11;Lauraguel;C
11198;11;Laure-Minervois;C
11199;11;Lavalette;C
11200;11;Lespinassière;C
11201;11;Leuc;C
11202;11;Leucate;B1
11203;11;Lézignan-Corbières;C
11204;11;Lignairolles;C
11205;11;Limousis;C
11206;11;Limoux;C
11207;11;Loupia;C
11208;11;La Louvière-Lauragais;C
11209;11;Luc-sur-Aude;C
11210;11;Luc-sur-Orbieu;C
11211;11;Magrie;C
11212;11;Mailhac;C
11213;11;Maisons;C
11214;11;Malras;C
11215;11;Malves-en-Minervois;C
11216;11;Malviès;C
11217;11;Marcorignan;C
11218;11;Marquein;C
11219;11;Marsa;C
11220;11;Marseillette;C
11221;11;Les Martys;C
11222;11;Mas-Cabardès;C
11223;11;Mas-des-Cours;C
11224;11;Massac;C
11225;11;Mas-Saintes-Puelles;C
11226;11;Mayreville;C
11227;11;Mayronnes;C
11228;11;Mazerolles-du-Razès;C
11229;11;Mazuby;C
11230;11;Mérial;C
11231;11;Mézerville;C
11232;11;Miraval-Cabardès;C
11233;11;Mirepeisset;C
11234;11;Mireval-Lauragais;C
11235;11;Missègre;C
11236;11;Molandier;C
11238;11;Molleville;C
11239;11;Montauriol;C
11240;11;Montazels;C
11241;11;Montbrun-des-Corbières;C
11242;11;Montclar;C
11243;11;Montferrand;C
11244;11;Montfort-sur-Boulzane;C
11245;11;Montgaillard;C
11246;11;Montgradail;C
11247;11;Monthaut;C
11248;11;Montirat;C
11249;11;Montjardin;C
11250;11;Montjoi;C
11251;11;Val-de-Dagne;C
11252;11;Montmaur;C
11253;11;Montolieu;C
11254;11;Montréal;C
11255;11;Montredon-des-Corbières;C
11256;11;Montséret;C
11257;11;Monze;C
11258;11;Moussan;C
11259;11;Moussoulens;C
11260;11;Mouthoumet;C
11261;11;Moux;C
11262;11;Narbonne;B1
11263;11;Nébias;C
11264;11;Névian;C
11265;11;Niort-de-Sault;C
11266;11;Port-la-Nouvelle;B1
11267;11;Ornaisons;C
11268;11;Orsans;C
11269;11;Ouveillan;C
11270;11;Padern;C
11271;11;Palairac;C
11272;11;Palaja;C
11273;11;Paraza;C
11274;11;Pauligne;C
11275;11;Payra-sur-l'Hers;C
11276;11;Paziols;C
11277;11;Pécharic-et-le-Py;C
11278;11;Pech-Luna;C
11279;11;Pennautier;B2
11280;11;Pépieux;C
11281;11;Pexiora;C
11282;11;Peyrefitte-du-Razès;C
11283;11;Peyrefitte-sur-l'Hers;C
11284;11;Peyrens;C
11285;11;Peyriac-de-Mer;B2
11286;11;Peyriac-Minervois;C
11287;11;Peyrolles;C
11288;11;Pezens;C
11289;11;Pieusse;C
11290;11;Plaigne;C
11291;11;Plavilla;C
11292;11;La Pomarède;C
11293;11;Pomas;C
11294;11;Pomy;C
11295;11;Portel-des-Corbières;C
11296;11;Pouzols-Minervois;C
11297;11;Pradelles-Cabardès;C
11299;11;Preixan;C
11300;11;Puginier;C
11301;11;Puichéric;C
11302;11;Puilaurens;C
11303;11;Puivert;C
11304;11;Quillan;C
11305;11;Quintillan;C
11306;11;Quirbajou;C
11307;11;Raissac-d'Aude;C
11308;11;Raissac-sur-Lampy;C
11309;11;Rennes-le-Château;C
11310;11;Rennes-les-Bains;C
11311;11;Ribaute;C
11312;11;Ribouisse;C
11313;11;Ricaud;C
11314;11;Rieux-en-Val;C
11315;11;Rieux-Minervois;C
11316;11;Rivel;C
11317;11;Rodome;C
11318;11;Roquecourbe-Minervois;C
11319;11;Roquefère;C
11320;11;Roquefeuil;C
11321;11;Roquefort-de-Sault;C
11322;11;Roquefort-des-Corbières;C
11323;11;Roquetaillade-et-Conilhac;C
11324;11;Roubia;C
11325;11;Rouffiac-d'Aude;C
11326;11;Rouffiac-des-Corbières;C
11327;11;Roullens;C
11328;11;Routier;C
11330;11;Rustiques;C
11331;11;Saint-Amans;C
11332;11;Saint-André-de-Roquelongue;C
11333;11;Saint-Benoît;C
11334;11;Sainte-Camelle;C
11335;11;Sainte-Colombe-sur-Guette;C
11336;11;Sainte-Colombe-sur-l'Hers;C
11337;11;Saint-Couat-d'Aude;C
11338;11;Saint-Couat-du-Razès;C
11339;11;Saint-Denis;C
11340;11;Sainte-Eulalie;C
11341;11;Saint-Ferriol;C
11342;11;Saint-Frichoux;C
11343;11;Saint-Gaudéric;C
11344;11;Saint-Hilaire;C
11345;11;Saint-Jean-de-Barrou;C
11346;11;Saint-Jean-de-Paracol;C
11347;11;Saint-Julia-de-Bec;C
11348;11;Saint-Julien-de-Briola;C
11350;11;Saint-Just-et-le-Bézu;C
11351;11;Saint-Laurent-de-la-Cabrerisse;C
11352;11;Saint-Louis-et-Parahou;C
11353;11;Saint-Marcel-sur-Aude;C
11354;11;Saint-Martin-des-Puits;C
11355;11;Saint-Martin-de-Villereglan;C
11356;11;Saint-Martin-Lalande;C
11357;11;Saint-Martin-le-Vieil;C
11358;11;Saint-Martin-Lys;C
11359;11;Saint-Michel-de-Lanès;C
11360;11;Saint-Nazaire-d'Aude;C
11361;11;Saint-Papoul;C
11362;11;Saint-Paulet;C
11363;11;Saint-Pierre-des-Champs;C
11364;11;Saint-Polycarpe;C
11365;11;Saint-Sernin;C
11366;11;Sainte-Valière;C
11367;11;Saissac;C
11368;11;Sallèles-Cabardès;C
11369;11;Sallèles-d'Aude;C
11370;11;Salles-d'Aude;B2
11371;11;Salles-sur-l'Hers;C
11372;11;Salsigne;C
11373;11;Salvezines;C
11374;11;Salza;C
11375;11;Seignalens;C
11376;11;La Serpent;C
11377;11;Serres;C
11378;11;Serviès-en-Val;C
11379;11;Sigean;B1
11380;11;Sonnac-sur-l'Hers;C
11381;11;Sougraigne;C
11382;11;Souilhanels;C
11383;11;Souilhe;C
11384;11;Soulatgé;C
11385;11;Soupex;C
11386;11;Talairan;C
11387;11;Taurize;C
11388;11;Termes;C
11389;11;Terroles;C
11390;11;Thézan-des-Corbières;C
11391;11;La Tourette-Cabardès;C
11392;11;Tournissan;C
11393;11;Tourouzelle;C
11394;11;Tourreilles;C
11395;11;Trassanel;C
11396;11;Trausse;C
11397;11;Trèbes;C
11398;11;Treilles;C
11399;11;Tréville;C
11400;11;Tréziers;C
11401;11;Tuchan;C
11402;11;Valmigère;C
11404;11;Ventenac-Cabardès;C
11405;11;Ventenac-en-Minervois;C
11406;11;Véraza;C
11407;11;Verdun-en-Lauragais;C
11408;11;Verzeille;C
11409;11;Vignevieille;C
11410;11;Villalier;C
11411;11;Villanière;C
11412;11;Villardebelle;C
11413;11;Villardonnel;C
11414;11;Villar-en-Val;C
11415;11;Villar-Saint-Anselme;C
11416;11;Villarzel-Cabardès;C
11417;11;Villarzel-du-Razès;C
11418;11;Villasavary;C
11419;11;Villautou;C
11420;11;Villebazy;C
11421;11;Villedaigne;C
11422;11;Villedubert;C
11423;11;Villefloure;C
11424;11;Villefort;C
11425;11;Villegailhenc;C
11426;11;Villegly;C
11427;11;Villelongue-d'Aude;C
11428;11;Villemagne;C
11429;11;Villemoustaussou;C
11430;11;Villeneuve-la-Comptal;C
11431;11;Villeneuve-les-Corbières;C
11432;11;Villeneuve-lès-Montréal;C
11433;11;Villeneuve-Minervois;C
11434;11;Villepinte;C
11435;11;Villerouge-Termenès;C
11436;11;Villesèque-des-Corbières;C
11437;11;Villesèquelande;C
11438;11;Villesiscle;C
11439;11;Villespy;C
11440;11;Villetritouls;C
11441;11;Vinassan;B2
12001;12;Agen-d'Aveyron;C
12002;12;Aguessac;C
12003;12;Les Albres;C
12004;12;Almont-les-Junies;C
12006;12;Alrance;C
12007;12;Ambeyrac;C
12008;12;Anglars-Saint-Félix;C
12009;12;Arnac-sur-Dourdou;C
12010;12;Arques;C
12011;12;Arvieu;C
12012;12;Asprières;C
12013;12;Aubin;C
12015;12;Auriac-Lagast;C
12016;12;Auzits;C
12017;12;Ayssènes;C
12018;12;Balaguier-d'Olt;C
12019;12;Balaguier-sur-Rance;C
12021;12;Le Bas Ségala;C
12022;12;La Bastide-Pradines;C
12023;12;La Bastide-Solages;C
12024;12;Belcastel;C
12025;12;Belmont-sur-Rance;C
12026;12;Bertholène;C
12027;12;Bessuéjouls;C
12028;12;Boisse-Penchot;C
12029;12;Bor-et-Bar;C
12030;12;Bouillac;C
12031;12;Bournazel;C
12032;12;Boussac;C
12033;12;Bozouls;C
12034;12;Brandonnet;C
12035;12;Brasc;C
12036;12;Brommat;C
12037;12;Broquiès;C
12038;12;Brousse-le-Château;C
12039;12;Brusque;C
12041;12;Cabanès;C
12042;12;Calmels-et-le-Viala;C
12043;12;Calmont;C
12044;12;Camarès;C
12045;12;Camboulazet;C
12046;12;Camjac;C
12047;12;Campagnac;C
12048;12;Campouriez;C
12049;12;Campuac;C
12050;12;Canet-de-Salars;C
12051;12;Cantoin;C
12052;12;Capdenac-Gare;C
12053;12;La Capelle-Balaguier;C
12054;12;La Capelle-Bleys;C
12055;12;La Capelle-Bonance;C
12056;12;Baraqueville;C
12057;12;Cassagnes-Bégonhès;C
12058;12;Cassuéjouls;C
12059;12;Castanet;C
12060;12;Castelmary;C
12061;12;Castelnau-de-Mandailles;C
12062;12;Castelnau-Pégayrols;C
12063;12;La Cavalerie;C
12064;12;Le Cayrol;C
12065;12;Centrès;C
12066;12;Clairvaux-d'Aveyron;C
12067;12;Le Clapier;C
12068;12;Colombiès;C
12069;12;Combret;C
12070;12;Compeyre;C
12071;12;Compolibat;C
12072;12;Comprégnac;C
12073;12;Comps-la-Grand-Ville;C
12074;12;Condom-d'Aubrac;C
12075;12;Connac;C
12077;12;Cornus;C
12078;12;Les Costes-Gozon;C
12079;12;Coubisou;C
12080;12;Coupiac;C
12082;12;La Couvertoirade;C
12083;12;Cransac;C
12084;12;Creissels;C
12085;12;Crespin;C
12086;12;La Cresse;C
12088;12;Curières;C
12089;12;Decazeville;C
12090;12;Druelle Balsac;C
12091;12;Drulhe;C
12092;12;Durenque;C
12093;12;Le Fel;C
12094;12;Entraygues-sur-Truyère;C
12095;12;Escandolières;C
12096;12;Espalion;C
12097;12;Espeyrac;C
12098;12;Estaing;C
12099;12;Fayet;C
12100;12;Firmi;C
12101;12;Flagnac;C
12102;12;Flavin;C
12103;12;Florentin-la-Capelle;C
12104;12;Foissac;C
12105;12;La Fouillade;C
12106;12;Gabriac;C
12107;12;Gaillac-d'Aveyron;C
12108;12;Galgan;C
12109;12;Gissac;C
12110;12;Golinhac;C
12111;12;Goutrens;C
12113;12;Gramond;C
12115;12;L'Hospitalet-du-Larzac;C
12116;12;Huparlac;C
12118;12;Lacroix-Barrez;C
12119;12;Laguiole;C
12120;12;Laissac-Sévérac l'Église;C
12121;12;Lanuéjouls;C
12122;12;Lapanouse-de-Cernon;C
12124;12;Lassouts;C
12125;12;Laval-Roquecezière;C
12127;12;Lédergues;C
12128;12;Lescure-Jaoul;C
12129;12;Lestrade-et-Thouels;C
12130;12;Livinhac-le-Haut;C
12131;12;La Loubière;C
12133;12;Luc-la-Primaube;B2
12134;12;Lugan;C
12135;12;Lunac;C
12136;12;Maleville;C
12137;12;Manhac;C
12138;12;Marcillac-Vallon;C
12139;12;Marnhagues-et-Latour;C
12140;12;Martiel;C
12141;12;Martrin;C
12142;12;Mayran;C
12143;12;Mélagues;C
12144;12;Meljac;C
12145;12;Millau;C
12146;12;Le Monastère;B2
12147;12;Montagnol;C
12148;12;Montbazens;C
12149;12;Montclar;C
12150;12;Monteils;C
12151;12;Montézic;C
12152;12;Montfranc;C
12153;12;Montjaux;C
12154;12;Montlaur;C
12155;12;Fondamente;C
12156;12;Montpeyroux;C
12157;12;Montrozier;C
12158;12;Montsalès;C
12159;12;Morlhon-le-Haut;C
12160;12;Mostuéjouls;C
12161;12;Mouret;C
12162;12;Moyrazès;C
12163;12;Murasson;C
12164;12;Mur-de-Barrez;C
12165;12;Muret-le-Château;C
12166;12;Murols;C
12167;12;Najac;C
12168;12;Nant;C
12169;12;Naucelle;C
12170;12;Naussac;C
12171;12;Nauviale;C
12172;12;Le Nayrac;C
12174;12;Olemps;B2
12175;12;Ols-et-Rinhodes;C
12176;12;Onet-le-Château;B2
12177;12;Palmas d'Aveyron;C
12178;12;Paulhe;C
12179;12;Peux-et-Couffouleux;C
12180;12;Peyreleau;C
12181;12;Peyrusse-le-Roc;C
12182;12;Pierrefiche;C
12183;12;Plaisance;C
12184;12;Pomayrols;C
12185;12;Pont-de-Salars;C
12186;12;Pousthomy;C
12187;12;Prades-d'Aubrac;C
12188;12;Prades-Salars;C
12189;12;Pradinas;C
12190;12;Prévinquières;C
12191;12;Privezac;C
12192;12;Mounes-Prohencoux;C
12193;12;Pruines;C
12194;12;Quins;C
12195;12;Rebourguil;C
12197;12;Réquista;C
12198;12;Rieupeyroux;C
12199;12;Rignac;C
12200;12;Rivière-sur-Tarn;C
12201;12;Rodelle;C
12202;12;Rodez;B2
12203;12;Roquefort-sur-Soulzon;C
12204;12;La Roque-Sainte-Marguerite;C
12205;12;La Rouquette;C
12206;12;Roussennac;C
12207;12;Rullac-Saint-Cirq;C
12208;12;Saint-Affrique;C
12209;12;Saint-Amans-des-Cots;C
12210;12;Saint-André-de-Najac;C
12211;12;Saint-André-de-Vézines;C
12212;12;Saint-Beaulize;C
12213;12;Saint-Beauzély;C
12214;12;Saint-Chély-d'Aubrac;C
12215;12;Saint-Christophe-Vallon;C
12216;12;Saint-Côme-d'Olt;C
12217;12;Sainte-Croix;C
12218;12;Conques-en-Rouergue;C
12219;12;Sainte-Eulalie-d'Olt;C
12220;12;Sainte-Eulalie-de-Cernon;C
12221;12;Saint-Félix-de-Lunel;C
12222;12;Saint-Félix-de-Sorgues;C
12223;12;Argences en Aubrac;C
12224;12;Saint Geniez d'Olt et d'Aubrac;C
12225;12;Saint-Georges-de-Luzençon;C
12226;12;Saint-Hippolyte;C
12227;12;Saint-Igest;C
12228;12;Saint-Izaire;C
12229;12;Saint-Jean-d'Alcapiès;C
12230;12;Saint-Jean-Delnous;C
12231;12;Saint-Jean-du-Bruel;C
12232;12;Saint-Jean-et-Saint-Paul;C
12233;12;Saint-Juéry;C
12234;12;Sainte-Juliette-sur-Viaur;C
12235;12;Saint-Just-sur-Viaur;C
12236;12;Saint-Laurent-de-Lévézou;C
12237;12;Saint-Laurent-d'Olt;C
12238;12;Saint-Léons;C
12239;12;Saint-Martin-de-Lenne;C
12240;12;Saint-Parthem;C
12241;12;Sainte-Radegonde;C
12242;12;Saint-Rémy;C
12243;12;Saint-Rome-de-Cernon;C
12244;12;Saint-Rome-de-Tarn;C
12246;12;Saint-Santin;C
12247;12;Saint-Saturnin-de-Lenne;C
12248;12;Saint-Sernin-sur-Rance;C
12249;12;Saint-Sever-du-Moustier;C
12250;12;Saint-Symphorien-de-Thénières;C
12251;12;Saint-Victor-et-Melvieu;C
12252;12;Salles-Courbatiès;C
12253;12;Salles-Curan;C
12254;12;Salles-la-Source;C
12255;12;Salmiech;C
12256;12;Salvagnac-Cajarc;C
12257;12;Causse-et-Diège;C
12258;12;La Salvetat-Peyralès;C
12259;12;Sanvensa;C
12260;12;Sauclières;C
12261;12;Saujac;C
12262;12;Sauveterre-de-Rouergue;C
12263;12;Savignac;C
12264;12;Sébazac-Concourès;B2
12265;12;Sébrazac;C
12266;12;Ségur;C
12267;12;La Selve;C
12268;12;Sénergues;C
12269;12;La Serre;C
12270;12;Sévérac d'Aveyron;C
12272;12;Sonnac;C
12273;12;Soulages-Bonneval;C
12274;12;Sylvanès;C
12275;12;Tauriac-de-Camarès;C
12276;12;Tauriac-de-Naucelle;C
12277;12;Taussac;C
12278;12;Tayrac;C
12280;12;Thérondels;C
12281;12;Toulonjac;C
12282;12;Tournemire;C
12283;12;Trémouilles;C
12284;12;Le Truel;C
12286;12;Vabres-l'Abbaye;C
12287;12;Vailhourles;C
12288;12;Valady;C
12289;12;Valzergues;C
12290;12;Vaureilles;C
12291;12;Verrières;C
12292;12;Versols-et-Lapeyre;C
12293;12;Veyreau;C
12294;12;Vézins-de-Lévézou;C
12295;12;Viala-du-Pas-de-Jaux;C
12296;12;Viala-du-Tarn;C
12297;12;Le Vibal;C
12298;12;Villecomtal;C
12299;12;Villefranche-de-Panat;C
12300;12;Villefranche-de-Rouergue;C
12301;12;Villeneuve;C
12303;12;Vimenet;C
12305;12;Viviez;C
12307;12;Curan;C
13001;13;Aix-en-Provence;A
13002;13;Allauch;A
13003;13;Alleins;B2
13004;13;Arles;B1
13005;13;Aubagne;A
13006;13;Aureille;B1
13007;13;Auriol;A
13008;13;Aurons;B1
13009;13;La Barben;B1
13010;13;Barbentane;B1
13011;13;Les Baux-de-Provence;B1
13012;13;Beaurecueil;A
13013;13;Belcodène;A
13014;13;Berre-l'Étang;A
13015;13;Bouc-Bel-Air;A
13016;13;La Bouilladisse;A
13017;13;Boulbon;B2
13018;13;Cabannes;B1
13019;13;Cabriès;A
13020;13;Cadolive;A
13021;13;Carry-le-Rouet;A
13022;13;Cassis;Abis
13023;13;Ceyreste;A
13024;13;Charleval;C
13025;13;Châteauneuf-le-Rouge;A
13026;13;Châteauneuf-les-Martigues;A
13027;13;Châteaurenard;B1
13028;13;La Ciotat;A
13029;13;Cornillon-Confoux;B1
13030;13;Cuges-les-Pins;B1
13031;13;La Destrousse;A
13032;13;Éguilles;A
13033;13;Ensuès-la-Redonne;A
13034;13;Eygalières;B1
13035;13;Eyguières;B1
13036;13;Eyragues;B1
13037;13;La Fare-les-Oliviers;A
13038;13;Fontvieille;B1
13039;13;Fos-sur-Mer;A
13040;13;Fuveau;A
13041;13;Gardanne;A
13042;13;Gémenos;A
13043;13;Gignac-la-Nerthe;A
13044;13;Grans;A
13045;13;Graveson;B1
13046;13;Gréasque;A
13047;13;Istres;A
13048;13;Jouques;B1
13049;13;Lamanon;B1
13050;13;Lambesc;A
13051;13;Lançon-Provence;A
13052;13;Maillane;B2
13053;13;Mallemort;B1
13054;13;Marignane;A
13055;13;Marseille;A
13056;13;Martigues;A
13057;13;Mas-Blanc-des-Alpilles;B1
13058;13;Maussane-les-Alpilles;B1
13059;13;Meyrargues;B1
13060;13;Meyreuil;A
13061;13;Saint-Pierre-de-Mézoargues;C
13062;13;Mimet;A
13063;13;Miramas;A
13064;13;Mollégès;B2
13065;13;Mouriès;B1
13066;13;Noves;B1
13067;13;Orgon;B2
13068;13;Paradou;B1
13069;13;Pélissanne;A
13070;13;La Penne-sur-Huveaune;A
13071;13;Les Pennes-Mirabeau;A
13072;13;Peynier;A
13073;13;Peypin;A
13074;13;Peyrolles-en-Provence;B1
13075;13;Plan-de-Cuques;A
13076;13;Plan-d'Orgon;B2
13077;13;Port-de-Bouc;A
13078;13;Port-Saint-Louis-du-Rhône;B1
13079;13;Puyloubier;B1
13080;13;Le Puy-Sainte-Réparade;A
13081;13;Rognac;A
13082;13;Rognes;A
13083;13;Rognonas;B1
13084;13;La Roque-d'Anthéron;B1
13085;13;Roquefort-la-Bédoule;A
13086;13;Roquevaire;A
13087;13;Rousset;A
13088;13;Le Rove;A
13089;13;Saint-Andiol;B2
13090;13;Saint-Antonin-sur-Bayon;A
13091;13;Saint-Cannat;A
13092;13;Saint-Chamas;A
13093;13;Saint-Estève-Janson;B1
13094;13;Saint-Étienne-du-Grès;B1
13095;13;Saint-Marc-Jaumegarde;A
13096;13;Saintes-Maries-de-la-Mer;A
13097;13;Saint-Martin-de-Crau;B1
13098;13;Saint-Mitre-les-Remparts;A
13099;13;Saint-Paul-lès-Durance;B2
13100;13;Saint-Rémy-de-Provence;B1
13101;13;Saint-Savournin;A
13102;13;Saint-Victoret;A
13103;13;Salon-de-Provence;B1
13104;13;Sausset-les-Pins;A
13105;13;Sénas;B1
13106;13;Septèmes-les-Vallons;A
13107;13;Simiane-Collongue;A
13108;13;Tarascon;B1
13109;13;Le Tholonet;A
13110;13;Trets;A
13111;13;Vauvenargues;B1
13112;13;Velaux;A
13113;13;Venelles;A
13114;13;Ventabren;A
13115;13;Vernègues;B1
13116;13;Verquières;B2
13117;13;Vitrolles;A
13118;13;Coudoux;A
13119;13;Carnoux-en-Provence;A
14001;14;Ablon;B2
14003;14;Agy;C
14005;14;Valambray;C
14006;14;Amayé-sur-Orne;C
14007;14;Amayé-sur-Seulles;C
14009;14;Amfreville;B2
14012;14;Angerville;C
14014;14;Colomby-Anguerny;C
14015;14;Anisy;C
14016;14;Annebault;C
14019;14;Arganchy;C
14020;14;Argences;B2
14021;14;Arromanches-les-Bains;C
14022;14;Asnelles;C
14023;14;Asnières-en-Bessin;C
14024;14;Auberville;B1
14025;14;Aubigny;C
14026;14;Audrieu;C
14027;14;Les Monts d'Aunay;C
14030;14;Authie;B2
14032;14;Les Authieux-sur-Calonne;C
14033;14;Auvillars;C
14034;14;Avenay;C
14035;14;Balleroy-sur-Drôme;C
14036;14;Banneville-la-Campagne;C
14037;14;Malherbe-sur-Ajon;C
14038;14;Banville;C
14039;14;Barbery;C
14040;14;Barbeville;C
14041;14;Barneville-la-Bertran;B1
14042;14;Baron-sur-Odon;B2
14043;14;Barou-en-Auge;C
14044;14;Basly;C
14045;14;Basseneville;C
14046;14;Bavent;C
14047;14;Bayeux;B1
14049;14;Bazenville;C
14050;14;La Bazoque;C
14053;14;Beaumais;C
14054;14;Beaumesnil;C
14055;14;Beaumont-en-Auge;C
14057;14;Bellengreville;C
14059;14;Benerville-sur-Mer;B1
14060;14;Bénouville;B2
14061;14;Souleuvre en Bocage;C
14062;14;Bény-sur-Mer;C
14063;14;Bernesq;C
14064;14;Bernières-d'Ailly;C
14066;14;Bernières-sur-Mer;B2
14068;14;Biéville-Beuville;B1
14069;14;Beuvillers;C
14070;14;Beuvron-en-Auge;C
14076;14;Blainville-sur-Orne;B1
14077;14;Blangy-le-Château;C
14078;14;Blay;C
14079;14;Blonville-sur-Mer;A
14080;14;Le Bô;C
14082;14;La Boissière;C
14083;14;Bonnebosq;C
14084;14;Bonnemaison;C
14085;14;Bonneville-la-Louvet;C
14086;14;Bonneville-sur-Touques;B1
14087;14;Bonnœil;C
14088;14;Bons-Tassilly;C
14089;14;Bougy;C
14090;14;Boulon;C
14091;14;Bourgeauville;C
14092;14;Bourguébus;B2
14093;14;Branville;C
14096;14;Brémoy;C
14097;14;Bretteville-le-Rabet;C
14098;14;Thue et Mue;B2
14100;14;Bretteville-sur-Laize;C
14101;14;Bretteville-sur-Odon;B1
14102;14;Le Breuil-en-Auge;C
14103;14;Le Breuil-en-Bessin;C
14104;14;Le Brévedent;C
14106;14;Bréville-les-Monts;C
14107;14;Bricqueville;C
14110;14;Brucourt;C
14111;14;Bucéels;C
14116;14;Le Bû-sur-Rouvres;C
14117;14;Cabourg;A
14118;14;Caen;B1
14119;14;Cagny;B2
14120;14;Cahagnes;C
14121;14;Cahagnolles;C
14122;14;La Caine;C
14123;14;Cairon;C
14124;14;La Cambe;C
14125;14;Cambes-en-Plaine;B2
14126;14;Cambremer;C
14127;14;Campagnolles;C
14130;14;Campigny;C
14131;14;Canapville;B1
14132;14;Canchy;C
14134;14;Canteloup;C
14135;14;Carcagny;C
14136;14;Cardonville;C
14137;14;Carpiquet;B1
14138;14;Cartigny-l'Épinay;C
14140;14;Castillon;C
14141;14;Castillon-en-Auge;C
14143;14;Caumont-sur-Aure;C
14145;14;Cauvicourt;C
14146;14;Cauville;C
14147;14;Cernay;C
14149;14;Cesny-aux-Vignes;C
14150;14;Cesny-les-Sources;C
14159;14;Chouain;C
14160;14;Cintheaux;C
14161;14;Clarbec;C
14162;14;Clécy;C
14163;14;Cléville;C
14165;14;Colleville-sur-Mer;C
14166;14;Colleville-Montgomery;B1
14167;14;Colombelles;B1
14168;14;Colombières;C
14169;14;Colombiers-sur-Seulles;C
14171;14;Combray;C
14172;14;Commes;C
14173;14;Condé-sur-Ifs;C
14174;14;Condé-en-Normandie;C
14175;14;Condé-sur-Seulles;C
14177;14;Coquainvilliers;C
14179;14;Cordebugle;C
14180;14;Cordey;C
14181;14;Cormelles-le-Royal;B1
14182;14;Cormolain;C
14183;14;Cossesseville;C
14184;14;Cottun;C
14190;14;Courcy;C
14191;14;Courseulles-sur-Mer;B1
14193;14;Courtonne-la-Meurdrac;C
14194;14;Courtonne-les-Deux-Églises;C
14195;14;Courvaudon;C
14196;14;Crépon;C
14197;14;Cresserons;B2
14198;14;Cresseveuille;C
14200;14;Creully sur Seulles;C
14202;14;Cricquebœuf;B1
14203;14;Cricqueville-en-Auge;C
14204;14;Cricqueville-en-Bessin;C
14205;14;Cristot;C
14206;14;Crocy;C
14207;14;Croisilles;C
14209;14;Crouay;C
14211;14;Culey-le-Patry;C
14214;14;Cussy;C
14215;14;Cuverville;B2
14216;14;Damblainville;C
14218;14;Danestal;C
14220;14;Deauville;A
14221;14;Démouville;B2
14223;14;Le Détroit;C
14224;14;Deux-Jumeaux;C
14225;14;Dives-sur-Mer;B1
14226;14;Donnay;C
14227;14;Douville-en-Auge;C
14228;14;Douvres-la-Délivrande;B1
14229;14;Dozulé;C
14230;14;Drubec;C
14231;14;Beaufour-Druval;C
14232;14;Ducy-Sainte-Marguerite;C
14236;14;Ellon;C
14237;14;Émiéville;C
14238;14;Englesqueville-en-Auge;B1
14239;14;Englesqueville-la-Percée;C
14240;14;Épaney;C
14241;14;Épinay-sur-Odon;C
14242;14;Épron;B1
14243;14;Équemauville;B1
14244;14;Eraines;C
14245;14;Ernes;C
14246;14;Escoville;B2
14248;14;Espins;C
14249;14;Esquay-Notre-Dame;C
14250;14;Esquay-sur-Seulles;C
14251;14;Esson;C
14252;14;Estrées-la-Campagne;C
14254;14;Éterville;B2
14256;14;Étréham;C
14257;14;Évrecy;C
14258;14;Falaise;C
14260;14;Fauguernon;C
14261;14;Le Faulq;C
14266;14;Feuguerolles-Bully;C
14269;14;Fierville-les-Parcs;C
14270;14;Firfol;C
14271;14;Fleury-sur-Orne;B1
14272;14;La Folie;C
14273;14;La Folletière-Abenon;C
14274;14;Fontaine-Étoupefour;B2
14275;14;Fontaine-Henry;C
14276;14;Fontaine-le-Pin;C
14277;14;Fontenay-le-Marmion;C
14278;14;Fontenay-le-Pesnel;C
14280;14;Formentin;C
14281;14;Formigny La Bataille;C
14282;14;Foulognes;C
14283;14;Fourches;C
14284;14;Fourneaux-le-Val;C
14285;14;Le Fournet;C
14286;14;Fourneville;C
14287;14;Frénouville;B2
14288;14;Le Fresne-Camilly;C
14289;14;Fresné-la-Mère;C
14290;14;Fresney-le-Puceux;C
14291;14;Fresney-le-Vieux;C
14293;14;Fumichon;C
14297;14;Gavrus;C
14298;14;Géfosse-Fontenay;C
14299;14;Genneville;C
14301;14;Giberville;B1
14302;14;Glanville;C
14303;14;Glos;C
14304;14;Gonneville-sur-Honfleur;B2
14305;14;Gonneville-sur-Mer;B1
14306;14;Gonneville-en-Auge;B2
14308;14;Goustranville;C
14309;14;Gouvix;C
14310;14;Grainville-Langannerie;C
14311;14;Grainville-sur-Odon;C
14312;14;Grandcamp-Maisy;C
14316;14;Grangues;C
14318;14;Graye-sur-Mer;C
14319;14;Grentheville;B2
14320;14;Grimbosq;C
14322;14;Guéron;C
14325;14;Hermanville-sur-Mer;B1
14326;14;Hermival-les-Vaux;C
14327;14;Hérouville-Saint-Clair;B1
14328;14;Hérouvillette;B2
14329;14;Heuland;C
14332;14;La Hoguette;C
14333;14;Honfleur;B1
14334;14;L'Hôtellerie;C
14335;14;Hotot-en-Auge;C
14336;14;Hottot-les-Bagues;C
14337;14;La Houblonnière;C
14338;14;Houlgate;A
14341;14;Ifs;B1
14342;14;Isigny-sur-Mer;C
14343;14;Les Isles-Bardel;C
14344;14;Janville;C
14345;14;Jort;C
14346;14;Juaye-Mondaye;C
14347;14;Dialan sur Chaîne;C
14348;14;Juvigny-sur-Seulles;C
14349;14;Laize-Clinchamps;C
14352;14;Landelles-et-Coupigny;C
14353;14;Landes-sur-Ajon;C
14354;14;Langrune-sur-Mer;B1
14355;14;Ponts sur Seulles;C
14357;14;Terres de Druance;C
14358;14;Léaupartie;C
14360;14;Leffard;C
14362;14;Lessard-et-le-Chêne;C
14364;14;Lingèvres;C
14365;14;Lion-sur-Mer;B1
14366;14;Lisieux;C
14367;14;Lison;C
14368;14;Lisores;C
14369;14;Litteau;C
14370;14;Le Molay-Littry;C
14371;14;Livarot-Pays-d'Auge;C
14374;14;Les Loges;C
14375;14;Les Loges-Saulces;C
14377;14;Longues-sur-Mer;C
14378;14;Longueville;C
14379;14;Longvillers;C
14380;14;Loucelles;C
14381;14;Louvagny;C
14383;14;Louvigny;B1
14384;14;Luc-sur-Mer;B1
14385;14;Magny-en-Bessin;C
14389;14;Maisoncelles-Pelvey;C
14390;14;Maisoncelles-sur-Ajon;C
14391;14;Maisons;C
14393;14;Maizet;C
14394;14;Maizières;C
14396;14;Maltot;C
14397;14;Mandeville-en-Bessin;C
14398;14;Manerbe;C
14399;14;Manneville-la-Pipard;C
14400;14;Le Manoir;C
14401;14;Manvieux;C
14402;14;Le Marais-la-Chapelle;C
14403;14;Marolles;C
14404;14;Martainville;C
14405;14;Martigny-sur-l'Ante;C
14406;14;Moulins-en-Bessin;C
14407;14;Mathieu;B1
14408;14;Saint-Martin-de-May;C
14409;14;Merville-Franceville-Plage;B1
14410;14;Méry-Bissières-en-Auge;C
14411;14;Meslay;C
14412;14;Le Mesnil-au-Grain;C
14419;14;Le Mesnil-Eudes;C
14421;14;Le Mesnil-Guillaume;C
14424;14;Le Mesnil-Robert;C
14425;14;Le Mesnil-Simon;C
14426;14;Le Mesnil-sur-Blangy;C
14427;14;Le Mesnil-Villement;C
14430;14;Meuvaines;C
14431;14;Mézidon Vallée d'Auge;C
14435;14;Les Monceaux;C
14436;14;Monceaux-en-Bessin;C
14437;14;Mondeville;B1
14438;14;Mondrainville;C
14439;14;Monfréville;C
14445;14;Montfiquet;C
14446;14;Montigny;C
14448;14;Montreuil-en-Auge;C
14449;14;Monts-en-Bessin;C
14452;14;Morteaux-Coulibœuf;C
14453;14;Mosles;C
14454;14;Mouen;B2
14455;14;Moulines;C
14456;14;Moult-Chicheboville;B2
14457;14;Les Moutiers-en-Auge;C
14458;14;Les Moutiers-en-Cinglais;C
14460;14;Moyaux;C
14461;14;Mutrécy;C
14465;14;Nonant;C
14466;14;Norolles;C
14467;14;Noron-l'Abbaye;C
14468;14;Noron-la-Poterie;C
14469;14;Norrey-en-Auge;C
14473;14;Notre-Dame-de-Livaye;C
14474;14;Notre-Dame-d'Estrées-Corbon;C
14475;14;Val d'Arry;C
14476;14;Olendon;C
14478;14;Orbec;C
14480;14;Osmanville;C
14482;14;Ouézy;C
14483;14;Ouffières;C
14484;14;Ouilly-du-Houley;C
14486;14;Ouilly-le-Tesson;C
14487;14;Ouilly-le-Vicomte;C
14488;14;Ouistreham;B1
14491;14;Parfouru-sur-Odon;C
14492;14;Pennedepie;B1
14494;14;Périers-en-Auge;C
14495;14;Périers-sur-le-Dan;B1
14496;14;Périgny;C
14497;14;Perrières;C
14498;14;Pertheville-Ners;C
14499;14;Petiville;C
14500;14;Pierrefitte-en-Auge;C
14501;14;Pierrefitte-en-Cinglais;C
14502;14;Pierrepont;C
14504;14;Le Pin;C
14506;14;Planquery;C
14509;14;Plumetot;B1
14510;14;La Pommeraye;C
14511;14;Pont-Bellanger;C
14512;14;Pontécoulant;C
14514;14;Pont-l'Évêque;B1
14515;14;Port-en-Bessin-Huppain;C
14516;14;Potigny;C
14519;14;Préaux-Bocage;C
14520;14;Le Pré-d'Auge;C
14522;14;Prêtreville;C
14524;14;Putot-en-Auge;C
14527;14;Belle Vie en Auge;C
14528;14;Quetteville;C
14529;14;Ranchy;C
14530;14;Ranville;B2
14531;14;Rapilly;C
14533;14;Repentigny;C
14534;14;Reux;C
14535;14;Reviers;C
14536;14;La Rivière-Saint-Sauveur;B2
14538;14;Castine-en-Plaine;C
14540;14;Rocques;C
14541;14;La Roque-Baignard;C
14542;14;Rosel;C
14543;14;Rots;B2
14546;14;Rouvres;C
14547;14;Rubercy;C
14550;14;Rumesnil;C
14552;14;Ryes;C
14554;14;Le Castelet;C
14555;14;Saint-André-d'Hébertot;C
14556;14;Saint-André-sur-Orne;B2
14557;14;Saint-Arnoult;B1
14558;14;Saint-Aubin-d'Arquenay;B1
14559;14;Saint-Aubin-des-Bois;C
14562;14;Saint-Aubin-sur-Mer;B1
14563;14;Saint-Benoît-d'Hébertot;C
14565;14;Saint-Côme-de-Fresné;C
14566;14;Saint-Contest;B1
14569;14;Sainte-Croix-sur-Mer;C
14570;14;Valorbiquet;C
14571;14;Saint-Denis-de-Mailloc;C
14572;14;Saint-Denis-de-Méré;C
14574;14;Saint-Désir;C
14575;14;Saint-Étienne-la-Thillaye;C
14576;14;Val-de-Vie;C
14578;14;Saint-Gatien-des-Bois;C
14579;14;Seulline;C
14581;14;Aurseulles;C
14582;14;Saint-Germain-de-Livet;C
14586;14;Saint-Germain-du-Pert;C
14587;14;Saint-Germain-la-Blanche-Herbe;B1
14588;14;Saint-Germain-Langot;C
14589;14;Saint-Germain-le-Vasson;C
14590;14;Sainte-Honorine-de-Ducy;C
14591;14;Aure sur Mer;C
14592;14;Sainte-Honorine-du-Fay;C
14593;14;Saint-Hymer;C
14595;14;Saint-Jean-de-Livet;C
14598;14;Saint-Jouin;C
14601;14;Saint-Julien-sur-Calonne;C
14602;14;Saint-Lambert;C
14603;14;Saint-Laurent-de-Condel;C
14605;14;Saint-Laurent-sur-Mer;C
14606;14;Saint-Léger-Dubosq;C
14607;14;Saint-Louet-sur-Seulles;C
14609;14;Saint-Loup-Hors;C
14610;14;Saint-Manvieu-Norrey;C
14613;14;Saint-Marcouf;C
14614;14;Sainte-Marguerite-d'Elle;C
14619;14;Sainte-Marie-Outre-l'Eau;C
14620;14;Saint-Martin-aux-Chartrains;C
14621;14;Saint-Martin-de-Bienfaite-la-Cressonnière;C
14622;14;Saint-Martin-de-Blagny;C
14625;14;Saint-Martin-de-la-Lieue;C
14626;14;Saint-Martin-de-Mailloc;C
14627;14;Saint-Martin-de-Mieux;C
14630;14;Saint-Martin-des-Entrées;C
14635;14;Saint-Omer;C
14637;14;Saint-Ouen-du-Mesnil-Oger;C
14639;14;Saint-Ouen-le-Pin;C
14640;14;Saint-Pair;C
14643;14;Saint-Paul-du-Vernay;C
14644;14;Saint-Philbert-des-Champs;C
14645;14;Saint-Pierre-Azif;C
14646;14;Saint-Pierre-Canivet;C
14648;14;Saint-Pierre-des-Ifs;C
14649;14;Saint-Pierre-du-Bû;C
14650;14;Saint-Pierre-du-Fresne;C
14651;14;Saint-Pierre-du-Jonquet;C
14652;14;Saint-Pierre-du-Mont;C
14654;14;Saint-Pierre-en-Auge;C
14656;14;Saint-Rémy;C
14657;14;Saint-Samson;C
14658;14;Noues de Sienne;C
14659;14;Saint-Sylvain;C
14660;14;Saint-Vaast-en-Auge;B1
14661;14;Saint-Vaast-sur-Seulles;C
14663;14;Saint-Vigor-le-Grand;C
14664;14;Sallen;C
14665;14;Sallenelles;B2
14666;14;Sannerville;B2
14667;14;Saon;C
14668;14;Saonnet;C
14669;14;Sassy;C
14672;14;Val de Drôme;C
14674;14;Soignolles;C
14675;14;Soliers;B2
14676;14;Sommervieu;C
14677;14;Soulangy;C
14678;14;Soumont-Saint-Quentin;C
14679;14;Subles;C
14680;14;Sully;C
14681;14;Surrain;C
14682;14;Surville;C
14684;14;Tessel;C
14685;14;Thaon;C
14687;14;Le Theil-en-Auge;C
14689;14;Thury-Harcourt-le-Hom;C
14692;14;Tilly-sur-Seulles;C
14694;14;Le Torquesne;C
14698;14;Touffréville;B2
14699;14;Touques;B1
14700;14;Tour-en-Bessin;C
14701;14;Tourgéville;A
14705;14;Tournières;C
14706;14;Tourville-en-Auge;C
14707;14;Tourville-sur-Odon;B2
14708;14;Tracy-Bocage;C
14709;14;Tracy-sur-Mer;C
14710;14;Tréprel;C
14711;14;Trévières;C
14712;14;Troarn;C
14713;14;Montillières-sur-Orne;C
14714;14;Le Tronquay;C
14715;14;Trouville-sur-Mer;A
14716;14;Trungy;C
14719;14;Urville;C
14720;14;Ussy;C
14721;14;Vacognes-Neuilly;C
14723;14;Valsemé;C
14724;14;Varaville;B1
14726;14;Valdallière;C
14728;14;Vaucelles;C
14731;14;Vauville;B1
14732;14;Vaux-sur-Aure;C
14733;14;Vaux-sur-Seulles;C
14734;14;Vendes;C
14735;14;Vendeuvre;C
14737;14;Versainville;C
14738;14;Verson;B1
14739;14;Ver-sur-Mer;C
14740;14;La Vespière-Friardel;C
14741;14;Le Vey;C
14742;14;Vicques;C
14743;14;Victot-en-Auge;C
14744;14;Vienne-en-Bessin;C
14745;14;Vierville-sur-Mer;C
14747;14;Vieux;C
14748;14;Vieux-Bourg;C
14751;14;Vignats;C
14752;14;Villers-Bocage;C
14753;14;Villers-Canivet;C
14754;14;Villers-sur-Mer;A
14755;14;Villerville;B1
14756;14;La Villette;C
14758;14;Villons-les-Buissons;B2
14759;14;Villy-lez-Falaise;C
14760;14;Villy-Bocage;C
14761;14;Vimont;C
14762;14;Vire Normandie;C
14764;14;Pont-d'Ouilly;C
15001;15;Allanche;C
15002;15;Alleuze;C
15003;15;Ally;C
15004;15;Andelat;C
15005;15;Anglards-de-Saint-Flour;C
15006;15;Anglards-de-Salers;C
15007;15;Anterrieux;C
15008;15;Antignac;C
15009;15;Apchon;C
15010;15;Arches;C
15011;15;Arnac;C
15012;15;Arpajon-sur-Cère;C
15013;15;Auriac-l'Église;C
15014;15;Aurillac;C
15015;15;Auzers;C
15016;15;Ayrens;C
15017;15;Badailhac;C
15018;15;Barriac-les-Bosquets;C
15019;15;Bassignac;C
15020;15;Beaulieu;C
15021;15;Boisset;C
15022;15;Bonnac;C
15024;15;Brageac;C
15025;15;Albepierre-Bredons;C
15026;15;Brezons;C
15027;15;Puycapel;C
15028;15;Carlat;C
15029;15;Cassaniouze;C
15030;15;Cayrols;C
15031;15;Celles;C
15032;15;Celoux;C
15033;15;Cézens;C
15034;15;Chaliers;C
15035;15;Chalinargues;C
15036;15;Chalvignac;C
15037;15;Champagnac;C
15038;15;Champs-sur-Tarentaine-Marchal;C
15040;15;Chanterelle;C
15041;15;La Chapelle-d'Alagnon;C
15042;15;La Chapelle-Laurent;C
15043;15;Charmensac;C
15045;15;Chaudes-Aigues;C
15046;15;Chaussenac;C
15047;15;Chavagnac;C
15048;15;Chazelles;C
15049;15;Cheylade;C
15050;15;Le Claux;C
15051;15;Clavières;C
15052;15;Collandres;C
15053;15;Coltines;C
15054;15;Condat;C
15055;15;Coren;C
15056;15;Crandelles;C
15057;15;Cros-de-Montvert;C
15058;15;Cros-de-Ronesque;C
15059;15;Cussac;C
15060;15;Deux-Verges;C
15061;15;Dienne;C
15063;15;Drugeac;C
15064;15;Escorailles;C
15065;15;Espinasse;C
15066;15;Le Falgoux;C
15067;15;Le Fau;C
15069;15;Ferrières-Saint-Mary;C
15070;15;Fontanges;C
15072;15;Freix-Anglards;C
15073;15;Fridefont;C
15074;15;Giou-de-Mamou;C
15075;15;Girgols;C
15076;15;Glénat;C
15077;15;Gourdièges;C
15078;15;Jabrun;C
15079;15;Jaleyrac;C
15080;15;Joursac;C
15081;15;Jou-sous-Monjou;C
15082;15;Junhac;C
15083;15;Jussac;C
15084;15;Labesserette;C
15085;15;Labrousse;C
15086;15;Lacapelle-Barrès;C
15087;15;Lacapelle-del-Fraisse;C
15088;15;Lacapelle-Viescamp;C
15089;15;Ladinhac;C
15090;15;Lafeuillade-en-Vézie;C
15091;15;Landeyrat;C
15092;15;Lanobre;C
15093;15;Lapeyrugue;C
15094;15;Laroquebrou;C
15095;15;Laroquevieille;C
15096;15;Lascelle;C
15097;15;Lastic;C
15098;15;Laurie;C
15100;15;Laveissenet;C
15101;15;Laveissière;C
15102;15;Lavigerie;C
15103;15;Leucamp;C
15104;15;Leynhac;C
15105;15;Leyvaux;C
15106;15;Lieutadès;C
15107;15;Lorcières;C
15108;15;Val d'Arcomie;C
15110;15;Lugarde;C
15111;15;Madic;C
15112;15;Malbo;C
15113;15;Mandailles-Saint-Julien;C
15114;15;Marcenat;C
15116;15;Marchastel;C
15117;15;Marcolès;C
15118;15;Marmanhac;C
15119;15;Massiac;C
15120;15;Mauriac;C
15121;15;Maurines;C
15122;15;Maurs;C
15123;15;Méallet;C
15124;15;Menet;C
15125;15;Mentières;C
15126;15;Molèdes;C
15127;15;Molompize;C
15128;15;La Monselie;C
15129;15;Montboudif;C
15130;15;Montchamp;C
15131;15;Le Monteil;C
15132;15;Montgreleix;C
15133;15;Montmurat;C
15134;15;Montsalvy;C
15135;15;Montvert;C
15137;15;Moussages;C
15138;15;Murat;C
15139;15;Narnhac;C
15140;15;Naucelles;C
15141;15;Neussargues-Moissac;C
15142;15;Neuvéglise-sur-Truyère;C
15143;15;Nieudan;C
15144;15;Omps;C
15146;15;Pailherols;C
15147;15;Parlan;C
15148;15;Paulhac;C
15149;15;Paulhenc;C
15151;15;Peyrusse;C
15152;15;Pierrefort;C
15153;15;Pleaux;C
15154;15;Polminhac;C
15155;15;Pradiers;C
15156;15;Prunet;C
15157;15;Quézac;C
15158;15;Rageade;C
15159;15;Raulhac;C
15160;15;Reilhac;C
15161;15;Rézentières;C
15162;15;Riom-ès-Montagnes;C
15163;15;Roannes-Saint-Mary;C
15164;15;Roffiac;C
15165;15;Rouffiac;C
15166;15;Roumégoux;C
15167;15;Rouziers;C
15168;15;Ruynes-en-Margeride;C
15169;15;Saignes;C
15170;15;Saint-Amandin;C
15171;15;Sainte-Anastasie;C
15172;15;Saint-Antoine;C
15173;15;Saint-Bonnet-de-Condat;C
15174;15;Saint-Bonnet-de-Salers;C
15175;15;Saint-Cernin;C
15176;15;Saint-Chamant;C
15178;15;Saint-Cirgues-de-Jordanne;C
15179;15;Saint-Cirgues-de-Malbert;C
15180;15;Saint-Clément;C
15181;15;Saint-Constant-Fournoulès;C
15182;15;Saint-Étienne-Cantalès;C
15183;15;Saint-Étienne-de-Carlat;C
15184;15;Saint-Étienne-de-Maurs;C
15185;15;Saint-Étienne-de-Chomeil;C
15186;15;Sainte-Eulalie;C
15187;15;Saint-Flour;C
15188;15;Saint-Georges;C
15189;15;Saint-Gérons;C
15190;15;Saint-Hippolyte;C
15191;15;Saint-Illide;C
15192;15;Saint-Jacques-des-Blats;C
15194;15;Saint-Julien-de-Toursac;C
15196;15;Saint-Mamet-la-Salvetat;C
15198;15;Sainte-Marie;C
15199;15;Saint-Martial;C
15200;15;Saint-Martin-Cantalès;C
15201;15;Saint-Martin-sous-Vigouroux;C
15202;15;Saint-Martin-Valmeroux;C
15203;15;Saint-Mary-le-Plain;C
15204;15;Saint-Paul-des-Landes;C
15205;15;Saint-Paul-de-Salers;C
15206;15;Saint-Pierre;C
15207;15;Saint-Poncy;C
15208;15;Saint-Projet-de-Salers;C
15209;15;Saint-Rémy-de-Chaudes-Aigues;C
15211;15;Saint-Santin-Cantalès;C
15212;15;Saint-Santin-de-Maurs;C
15213;15;Saint-Saturnin;C
15214;15;Saint-Saury;C
15215;15;Saint-Simon;C
15216;15;Saint-Urcize;C
15217;15;Saint-Victor;C
15218;15;Saint-Vincent-de-Salers;C
15219;15;Salers;C
15220;15;Salins;C
15221;15;Sansac-de-Marmiesse;C
15222;15;Sansac-Veinazès;C
15223;15;Sauvat;C
15224;15;La Ségalassière;C
15225;15;Ségur-les-Villas;C
15226;15;Sénezergues;C
15228;15;Siran;C
15229;15;Soulages;C
15230;15;Sourniac;C
15231;15;Talizat;C
15232;15;Tanavelle;C
15233;15;Teissières-de-Cornet;C
15234;15;Teissières-lès-Bouliès;C
15235;15;Les Ternes;C
15236;15;Thiézac;C
15237;15;Tiviers;C
15238;15;Tournemire;C
15240;15;Trémouille;C
15241;15;La Trinitat;C
15242;15;Le Trioulou;C
15243;15;Trizac;C
15244;15;Ussel;C
15245;15;Vabres;C
15246;15;Valette;C
15247;15;Valjouze;C
15248;15;Valuéjols;C
15249;15;Le Vaulmier;C
15250;15;Vebret;C
15251;15;Védrines-Saint-Loup;C
15252;15;Velzic;C
15253;15;Vernols;C
15254;15;Veyrières;C
15255;15;Vézac;C
15256;15;Vèze;C
15257;15;Vezels-Roussy;C
15258;15;Vic-sur-Cère;C
15259;15;Vieillespesse;C
15260;15;Vieillevie;C
15261;15;Le Vigean;C
15262;15;Villedieu;C
15263;15;Virargues;C
15264;15;Vitrac;C
15265;15;Ydes;C
15266;15;Yolet;C
15267;15;Ytrac;C
15268;15;Le Rouget-Pers;C
15269;15;Besse;C
16001;16;Abzac;C
16002;16;Les Adjots;C
16003;16;Agris;C
16005;16;Aigre;C
16007;16;Alloue;C
16008;16;Ambérac;C
16009;16;Ambernac;C
16011;16;Anais;C
16012;16;Angeac-Champagne;C
16013;16;Angeac-Charente;C
16014;16;Angeduc;C
16015;16;Angoulême;B1
16016;16;Ansac-sur-Vienne;C
16018;16;Ars;C
16019;16;Asnières-sur-Nouère;C
16020;16;Aubeterre-sur-Dronne;C
16023;16;Aunac-sur-Charente;C
16024;16;Aussac-Vadalle;C
16025;16;Baignes-Sainte-Radegonde;C
16026;16;Balzac;C
16027;16;Barbezières;C
16028;16;Barbezieux-Saint-Hilaire;C
16029;16;Bardenac;C
16030;16;Barret;C
16031;16;Barro;C
16032;16;Bassac;C
16034;16;Bazac;C
16035;16;Beaulieu-sur-Sonnette;C
16036;16;Bécheresse;C
16037;16;Bellon;C
16038;16;Benest;C
16039;16;Bernac;C
16040;16;Berneuil;C
16041;16;Bessac;C
16042;16;Bessé;C
16044;16;Bioussac;C
16045;16;Birac;C
16046;16;Coteaux-du-Blanzacais;C
16047;16;Blanzaguet-Saint-Cybard;C
16048;16;Boisbreteau;C
16049;16;Bonnes;C
16050;16;Bonneuil;C
16052;16;Bors (Canton de Tude-et-Lavalette);C
16053;16;Bors (Canton de Charente-Sud);C
16054;16;Le Bouchage;C
16055;16;Bouëx;C
16056;16;Bourg-Charente;C
16057;16;Bouteville;C
16058;16;Boutiers-Saint-Trojan;C
16059;16;Brettes;C
16060;16;Bréville;C
16061;16;Brie;C
16062;16;Brie-sous-Barbezieux;C
16063;16;Brie-sous-Chalais;C
16064;16;Brigueuil;C
16065;16;Brillac;C
16066;16;Brossac;C
16067;16;Bunzac;C
16068;16;Cellefrouin;C
16069;16;Cellettes;C
16070;16;Chabanais;C
16071;16;Chabrac;C
16072;16;Chadurie;C
16073;16;Chalais;C
16074;16;Challignac;C
16075;16;Champagne-Vigny;C
16076;16;Champagne-Mouton;C
16077;16;Champmillon;C
16078;16;Champniers;C
16079;16;Chantillac;C
16081;16;La Chapelle;C
16082;16;Boisné-La Tude;C
16083;16;Charmé;C
16084;16;Charras;C
16085;16;Chasseneuil-sur-Bonnieure;C
16086;16;Chassenon;C
16087;16;Chassiecq;C
16088;16;Chassors;C
16089;16;Châteaubernard;C
16090;16;Châteauneuf-sur-Charente;C
16091;16;Châtignac;C
16093;16;Chazelles;C
16095;16;Chenon;C
16096;16;Cherves-Châtelars;C
16097;16;Val-de-Cognac;C
16098;16;La Chèvrerie;C
16099;16;Chillac;C
16100;16;Chirac;C
16101;16;Claix;C
16102;16;Cognac;B2
16103;16;Combiers;C
16104;16;Condac;C
16105;16;Condéon;C
16106;16;Confolens;C
16107;16;Coulgens;C
16108;16;Coulonges;C
16109;16;Courbillac;C
16110;16;Courcôme;C
16111;16;Courgeac;C
16112;16;Courlac;C
16113;16;La Couronne;B2
16114;16;Couture;C
16116;16;Criteuil-la-Magdeleine;C
16117;16;Curac;C
16118;16;Deviat;C
16119;16;Dignac;C
16120;16;Dirac;C
16121;16;Douzat;C
16122;16;Ébréon;C
16123;16;Échallat;C
16124;16;Écuras;C
16125;16;Édon;C
16127;16;Empuré;C
16128;16;Épenède;C
16130;16;Les Essards;C
16131;16;Esse;C
16132;16;Étagnac;C
16133;16;Étriac;C
16134;16;Exideuil-sur-Vienne;C
16135;16;Eymouthiers;C
16136;16;La Faye;C
16137;16;Feuillade;C
16138;16;Fléac;B2
16139;16;Fleurac;C
16141;16;Fontenille;C
16142;16;La Forêt-de-Tessé;C
16143;16;Fouquebrune;C
16144;16;Fouqueure;C
16145;16;Foussignac;C
16146;16;Garat;C
16148;16;Genac-Bignac;C
16150;16;Gensac-la-Pallue;C
16151;16;Genté;C
16152;16;Gimeux;C
16153;16;Mainxe-Gondeville;C
16154;16;Gond-Pontouvre;B2
16155;16;Les Gours;C
16157;16;Le Grand-Madieu;C
16158;16;Grassac;C
16160;16;Guimps;C
16161;16;Guizengeard;C
16162;16;Gurat;C
16163;16;Hiersac;C
16164;16;Hiesse;C
16165;16;Houlette;C
16166;16;L'Isle-d'Espagnac;B2
16167;16;Jarnac;C
16168;16;Jauldes;C
16169;16;Javrezac;C
16170;16;Juignac;C
16171;16;Juillac-le-Coq;C
16173;16;Juillé;C
16174;16;Julienne;C
16175;16;Val des Vignes;C
16176;16;Lachaise;C
16177;16;Ladiville;C
16178;16;Lagarde-sur-le-Né;C
16180;16;Laprade;C
16181;16;Lessac;C
16182;16;Lesterps;C
16183;16;Lésignac-Durand;C
16184;16;Lichères;C
16185;16;Ligné;C
16186;16;Lignières-Ambleville;C
16187;16;Linars;B2
16188;16;Le Lindois;C
16189;16;Londigny;C
16190;16;Longré;C
16191;16;Lonnes;C
16192;16;Terres-de-Haute-Charente;C
16193;16;Louzac-Saint-André;C
16194;16;Lupsault;C
16195;16;Lussac;C
16196;16;Luxé;C
16197;16;La Magdeleine;C
16198;16;Magnac-lès-Gardes;C
16199;16;Magnac-sur-Touvre;B2
16200;16;Maine-de-Boixe;C
16203;16;Mainzac;C
16204;16;Bellevigne;C
16205;16;Manot;C
16206;16;Mansle-les-Fontaines;C
16207;16;Marcillac-Lanville;C
16208;16;Mareuil;C
16209;16;Marillac-le-Franc;C
16210;16;Marsac;C
16211;16;Marthon;C
16212;16;Massignac;C
16213;16;Mazerolles;C
16215;16;Médillac;C
16216;16;Mérignac;C
16217;16;Merpins;C
16218;16;Mesnac;C
16220;16;Les Métairies;C
16221;16;Mons;C
16222;16;Montboyer;C
16223;16;Montbron;C
16224;16;Montmérac;C
16225;16;Montembœuf;C
16227;16;Montignac-le-Coq;C
16229;16;Montjean;C
16230;16;Montmoreau;C
16231;16;Montrollet;C
16232;16;Mornac;B2
16233;16;Mosnac-Saint-Simeux;C
16234;16;Moulidars;C
16236;16;Mouthiers-sur-Boëme;C
16237;16;Mouton;C
16239;16;Mouzon;C
16240;16;Nabinaud;C
16241;16;Nanclars;C
16242;16;Nanteuil-en-Vallée;C
16243;16;Nercillac;C
16244;16;Nersac;B2
16245;16;Nieuil;C
16246;16;Nonac;C
16248;16;Oradour;C
16249;16;Oradour-Fanais;C
16250;16;Orgedeuil;C
16251;16;Oriolles;C
16252;16;Orival;C
16253;16;Paizay-Naudouin-Embourie;C
16254;16;Palluaud;C
16255;16;Parzac;C
16256;16;Passirac;C
16258;16;Pérignac;C
16260;16;Pillac;C
16261;16;Les Pins;C
16263;16;Plassac-Rouffiac;C
16264;16;Pleuville;C
16267;16;Poullignac;C
16268;16;Poursac;C
16269;16;Pranzac;C
16270;16;Pressignac;C
16271;16;Puymoyen;B2
16272;16;Puyréaux;C
16273;16;Raix;C
16275;16;Ranville-Breuillaud;C
16276;16;Reignac;C
16277;16;Réparsac;C
16279;16;Rioux-Martin;C
16280;16;Rivières;C
16281;16;La Rochefoucauld-en-Angoumois;C
16282;16;La Rochette;C
16283;16;Ronsenac;C
16284;16;Rouffiac;C
16285;16;Rougnac;C
16286;16;Rouillac;C
16287;16;Roullet-Saint-Estèphe;C
16289;16;Roussines;C
16290;16;Rouzède;C
16291;16;Ruelle-sur-Touvre;B2
16292;16;Ruffec;C
16293;16;Saint-Adjutory;C
16295;16;Saint-Amant-de-Boixe;C
16297;16;Graves-Saint-Amant;C
16298;16;Saint-Amant-de-Nouère;C
16300;16;Val-de-Bonnieure;C
16301;16;Saint-Aulais-la-Chapelle;C
16302;16;Saint-Avit;C
16303;16;Saint-Bonnet;C
16304;16;Saint-Brice;C
16306;16;Saint-Christophe;C
16307;16;Saint-Ciers-sur-Bonnieure;C
16308;16;Saint-Claud;C
16310;16;Saint-Coutant;C
16312;16;Saint-Cybardeaux;C
16315;16;Saint-Félix;C
16316;16;Saint-Fort-sur-le-Né;C
16317;16;Saint-Fraigne;C
16318;16;Saint-Front;C
16320;16;Saint-Genis-d'Hiersac;C
16321;16;Saint-Georges;C
16323;16;Saint-Germain-de-Montbron;C
16325;16;Saint-Gourson;C
16326;16;Saint-Groux;C
16329;16;Saint-Laurent-de-Céris;C
16330;16;Saint-Laurent-de-Cognac;C
16331;16;Saint-Laurent-des-Combes;C
16334;16;Saint-Martial;C
16335;16;Saint-Martin-du-Clocher;C
16336;16;Saint-Mary;C
16337;16;Saint-Maurice-des-Lions;C
16338;16;Saint-Médard;C
16339;16;Val-d'Auge;C
16340;16;Saint-Même-les-Carrières;C
16341;16;Saint-Michel;B2
16342;16;Saint-Palais-du-Né;C
16343;16;Saint-Preuil;C
16345;16;Saint-Quentin-sur-Charente;C
16346;16;Saint-Quentin-de-Chalais;C
16347;16;Saint-Romain;C
16348;16;Saint-Saturnin;C
16349;16;Sainte-Sévère;C
16350;16;Saint-Séverin;C
16352;16;Saint-Simon;C
16353;16;Saint-Sornin;C
16354;16;Sainte-Souline;C
16356;16;Saint-Sulpice-de-Ruffec;C
16357;16;Saint-Vallier;C
16358;16;Saint-Yrieix-sur-Charente;B1
16359;16;Salles-d'Angles;C
16360;16;Salles-de-Barbezieux;C
16361;16;Salles-de-Villefagnan;C
16362;16;Salles-Lavalette;C
16363;16;Saulgond;C
16364;16;Sauvagnac;C
16365;16;Sauvignac;C
16366;16;Segonzac;C
16368;16;Sers;C
16369;16;Sigogne;C
16370;16;Sireuil;C
16372;16;Souffrignac;C
16373;16;Souvigné;C
16374;16;Soyaux;B2
16375;16;Suaux;C
16377;16;La Tâche;C
16378;16;Taizé-Aizie;C
16379;16;Taponnat-Fleurignac;C
16380;16;Le Tâtre;C
16381;16;Theil-Rabier;C
16382;16;Torsac;C
16383;16;Tourriers;C
16384;16;Touvérac;C
16385;16;Touvre;B2
16387;16;Triac-Lautrait;C
16388;16;Trois-Palis;B2
16389;16;Turgon;C
16390;16;Tusson;C
16392;16;Valence;C
16393;16;La Boixe;C
16394;16;Vaux-Lavalette;C
16395;16;Vaux-Rouillac;C
16396;16;Ventouse;C
16397;16;Verdille;C
16398;16;Verneuil;C
16399;16;Verrières;C
16400;16;Verteuil-sur-Charente;C
16401;16;Vervant;C
16402;16;Vibrac;C
16403;16;Le Vieux-Cérier;C
16404;16;Vieux-Ruffec;C
16405;16;Vignolles;C
16406;16;Moulins-sur-Tardoire;C
16408;16;Villebois-Lavalette;C
16409;16;Villefagnan;C
16412;16;Villejoubert;C
16413;16;Villiers-le-Roux;C
16414;16;Villognon;C
16415;16;Vindelle;C
16416;16;Vitrac-Saint-Vincent;C
16418;16;Vœuil-et-Giget;C
16419;16;Vouharte;C
16420;16;Voulgézac;C
16421;16;Vouthon;C
16422;16;Vouzan;C
16423;16;Xambes;C
16424;16;Yviers;C
16425;16;Yvrac-et-Malleyrand;C
17002;17;Agudelle;C
17003;17;Aigrefeuille-d'Aunis;B1
17004;17;Île-d'Aix;B1
17005;17;Allas-Bocage;C
17006;17;Allas-Champagne;C
17007;17;Anais;C
17008;17;Andilly;C
17009;17;Angliers;C
17010;17;Angoulins;B1
17011;17;Annepont;C
17012;17;Annezay;C
17013;17;Antezant-la-Chapelle;C
17015;17;Arces;B2
17016;17;Archiac;C
17017;17;Archingeay;C
17018;17;Ardillières;C
17019;17;Ars-en-Ré;A
17020;17;Arthenac;C
17021;17;Arvert;B2
17022;17;Asnières-la-Giraud;C
17023;17;Aujac;C
17024;17;Aulnay;C
17025;17;Aumagne;C
17026;17;Authon-Ébéon;C
17027;17;Avy;C
17028;17;Aytré;A
17029;17;Bagnizeau;C
17030;17;Balanzac;C
17031;17;Ballans;C
17032;17;Ballon;C
17033;17;La Barde;C
17034;17;Barzan;B2
17035;17;Bazauges;C
17036;17;Beaugeay;C
17037;17;Beauvais-sur-Matha;C
17038;17;Bedenac;C
17039;17;Belluire;C
17041;17;Benon;C
17042;17;Bercloux;C
17043;17;Bernay-Saint-Martin;C
17044;17;Berneuil;C
17045;17;Beurlay;C
17046;17;Bignay;C
17047;17;Biron;C
17048;17;Blanzac-lès-Matha;C
17049;17;Blanzay-sur-Boutonne;C
17050;17;Bois;C
17051;17;Le Bois-Plage-en-Ré;A
17052;17;Boisredon;C
17053;17;Bords;C
17054;17;Boresse-et-Martron;C
17055;17;Boscamnant;C
17056;17;Bougneau;C
17057;17;Bouhet;C
17058;17;Bourcefranc-le-Chapus;C
17059;17;Bourgneuf;C
17060;17;Boutenac-Touvent;B2
17061;17;Bran;C
17062;17;Bresdon;C
17063;17;Breuil-la-Réorte;C
17064;17;Breuillet;B2
17065;17;Breuil-Magné;B2
17066;17;Brie-sous-Archiac;C
17067;17;Brie-sous-Matha;C
17068;17;Brie-sous-Mortagne;B2
17069;17;Brives-sur-Charente;C
17070;17;Brizambourg;C
17071;17;La Brousse;C
17072;17;Burie;C
17073;17;Bussac-sur-Charente;C
17074;17;Bussac-Forêt;C
17075;17;Cabariot;C
17076;17;Celles;C
17077;17;Cercoux;C
17078;17;Chadenac;C
17079;17;Chaillevette;B2
17080;17;Chambon;C
17081;17;Chamouillac;C
17082;17;Champagnac;C
17083;17;Champagne;C
17084;17;Champagnolles;C
17085;17;Champdolent;C
17086;17;Chaniers;C
17087;17;Chantemerle-sur-la-Soie;C
17089;17;La Chapelle-des-Pots;C
17091;17;Charron;C
17092;17;Chartuzac;C
17093;17;Le Château-d'Oléron;B1
17094;17;Châtelaillon-Plage;A
17095;17;Chatenet;C
17096;17;Chaunac;C
17097;17;Le Chay;B2
17098;17;Chenac-Saint-Seurin-d'Uzet;B2
17099;17;Chepniers;C
17100;17;Chérac;C
17101;17;Cherbonnières;C
17102;17;Chermignac;C
17104;17;Chevanceaux;C
17105;17;Chives;C
17106;17;Cierzac;C
17107;17;Ciré-d'Aunis;C
17108;17;Clam;C
17109;17;Clavette;C
17110;17;Clérac;C
17111;17;Clion;C
17112;17;La Clisse;C
17113;17;La Clotte;C
17114;17;Coivert;C
17115;17;Colombiers;C
17116;17;Consac;C
17117;17;Contré;C
17118;17;Corignac;C
17119;17;Corme-Écluse;C
17120;17;Corme-Royal;C
17121;17;La Couarde-sur-Mer;A
17122;17;Coulonges;C
17124;17;Courant;C
17125;17;Courcelles;C
17126;17;Courcerac;C
17127;17;Courçon;C
17128;17;Courcoury;C
17129;17;Courpignac;C
17130;17;Coux;C
17131;17;Cozes;B2
17132;17;Cram-Chaban;C
17133;17;Cravans;C
17134;17;Crazannes;C
17135;17;Cressé;C
17136;17;Croix-Chapeau;C
17137;17;La Croix-Comtesse;C
17138;17;Dampierre-sur-Boutonne;C
17139;17;Dœuil-sur-le-Mignon;C
17140;17;Dolus-d'Oléron;B1
17141;17;Dompierre-sur-Charente;C
17142;17;Dompierre-sur-Mer;B1
17143;17;Le Douhet;C
17145;17;Échebrune;C
17146;17;Échillais;B2
17147;17;Écoyeux;C
17148;17;Écurat;C
17149;17;Les Éduts;C
17150;17;Les Églises-d'Argenteuil;C
17151;17;L'Éguille;B2
17152;17;Épargnes;B2
17153;17;Esnandes;B2
17154;17;Les Essards;C
17155;17;Étaules;B2
17156;17;Expiremont;C
17157;17;Fenioux;C
17158;17;Ferrières;C
17159;17;Fléac-sur-Seugne;C
17160;17;Floirac;B2
17161;17;La Flotte;A
17162;17;Fontaine-Chalendray;C
17163;17;Fontaines-d'Ozillac;C
17164;17;Fontcouverte;B2
17165;17;Fontenet;C
17166;17;Forges;C
17167;17;Le Fouilloux;C
17168;17;Fouras;B1
17171;17;Geay;C
17172;17;Gémozac;C
17173;17;La Genétouze;C
17174;17;Genouillé;C
17175;17;Germignac;C
17176;17;Gibourne;C
17177;17;Le Gicq;C
17178;17;Givrezac;C
17179;17;Les Gonds;B2
17180;17;Gourvillette;C
17181;17;Grandjean;C
17182;17;La Grève-sur-Mignon;C
17183;17;Grézac;B2
17184;17;La Gripperie-Saint-Symphorien;C
17185;17;Le Gua;C
17186;17;Le Gué-d'Alleré;C
17187;17;Guitinières;C
17188;17;Haimps;C
17190;17;L'Houmeau;B1
17191;17;La Jard;C
17192;17;Jarnac-Champagne;C
17193;17;La Jarne;B2
17194;17;La Jarrie;B1
17195;17;La Jarrie-Audouin;C
17196;17;Jazennes;C
17197;17;Jonzac;C
17198;17;Juicq;C
17199;17;Jussas;C
17200;17;Lagord;A
17201;17;La Laigne;C
17202;17;Landes;C
17203;17;Landrais;C
17204;17;Léoville;C
17205;17;Loire-les-Marais;C
17206;17;Loiré-sur-Nie;C
17207;17;Loix;A
17208;17;Longèves;C
17209;17;Lonzac;C
17210;17;Lorignac;C
17211;17;Loulay;C
17212;17;Louzignac;C
17213;17;Lozay;C
17214;17;Luchat;C
17215;17;Lussac;C
17216;17;Lussant;C
17217;17;Macqueville;C
17218;17;Marans;C
17219;17;Marennes-Hiers-Brouage;C
17220;17;Marignac;C
17221;17;Marsais;C
17222;17;Marsilly;B1
17223;17;Massac;C
17224;17;Matha;C
17225;17;Les Mathes;B1
17226;17;Mazeray;C
17227;17;Mazerolles;C
17228;17;Médis;B2
17229;17;Mérignac;C
17230;17;Meschers-sur-Gironde;B2
17231;17;Messac;C
17232;17;Meursac;C
17233;17;Meux;C
17234;17;Migré;C
17235;17;Migron;C
17236;17;Mirambeau;C
17237;17;Moëze;C
17239;17;Mons;C
17240;17;Montendre;C
17241;17;Montguyon;C
17242;17;Montils;C
17243;17;Montlieu-la-Garde;C
17244;17;Montpellier-de-Médillan;C
17245;17;Montroy;C
17246;17;Moragne;C
17247;17;Mornac-sur-Seudre;B2
17248;17;Mortagne-sur-Gironde;B2
17249;17;Mortiers;C
17250;17;Mosnac;C
17252;17;Le Mung;C
17253;17;Muron;C
17254;17;Nachamps;C
17255;17;Nancras;C
17256;17;Nantillé;C
17257;17;Néré;C
17258;17;Neuillac;C
17259;17;Neulles;C
17260;17;Neuvicq;C
17261;17;Neuvicq-le-Château;C
17262;17;Nieul-lès-Saintes;C
17263;17;Nieul-le-Virouil;C
17264;17;Nieul-sur-Mer;B1
17265;17;Nieulle-sur-Seudre;C
17266;17;Les Nouillers;C
17267;17;Nuaillé-d'Aunis;C
17268;17;Rives-de-Boutonne;C
17269;17;Orignolles;C
17270;17;Ozillac;C
17271;17;Paillé;C
17273;17;Pérignac;C
17274;17;Périgny;B1
17275;17;Pessines;C
17276;17;Le Pin;C
17277;17;Essouvert;C
17278;17;Pisany;C
17279;17;Plassac;C
17280;17;Plassay;C
17281;17;Polignac;C
17282;17;Pommiers-Moulons;C
17283;17;Pons;C
17284;17;Pont-l'Abbé-d'Arnoult;C
17285;17;Port-d'Envaux;C
17286;17;Les Portes-en-Ré;A
17287;17;Pouillac;C
17288;17;Poursay-Garnaud;C
17289;17;Préguillac;C
17290;17;Prignac;C
17291;17;Puilboreau;B1
17292;17;Puy-du-Lac;C
17293;17;Puyravault;C
17294;17;Puyrolland;C
17295;17;Réaux sur Trèfle;C
17296;17;Rétaud;C
17297;17;Rivedoux-Plage;A
17298;17;Rioux;C
17299;17;Rochefort;B1
17300;17;La Rochelle;A
17301;17;Romazières;C
17302;17;Romegoux;C
17303;17;La Ronde;C
17304;17;Rouffiac;C
17305;17;Rouffignac;C
17306;17;Royan;B1
17307;17;Sablonceaux;C
17308;17;Saint-Agnant;C
17309;17;Saint-Aigulin;C
17310;17;Saint-André-de-Lidon;C
17311;17;Saint-Augustin;B2
17312;17;Saint-Bonnet-sur-Gironde;C
17313;17;Saint-Bris-des-Bois;C
17314;17;Saint-Césaire;C
17315;17;Saint-Christophe;C
17316;17;Saint-Ciers-Champagne;C
17317;17;Saint-Ciers-du-Taillon;C
17318;17;Saint-Clément-des-Baleines;A
17319;17;Sainte-Colombe;C
17320;17;Saint-Coutant-le-Grand;C
17321;17;Saint-Crépin;C
17322;17;Saint-Cyr-du-Doret;C
17323;17;Saint-Denis-d'Oléron;B1
17324;17;Saint-Dizant-du-Bois;C
17325;17;Saint-Dizant-du-Gua;C
17326;17;Saint-Eugène;C
17327;17;Saint-Félix;C
17328;17;Saint-Fort-sur-Gironde;C
17329;17;Saint-Froult;C
17330;17;Sainte-Gemme;C
17331;17;Saint-Genis-de-Saintonge;C
17332;17;Saint-Georges-Antignac;C
17333;17;Saint-Georges-de-Didonne;B1
17335;17;Saint-Georges-des-Agoûts;C
17336;17;Saint-Georges-des-Coteaux;C
17337;17;Saint-Georges-d'Oléron;B1
17338;17;Saint-Georges-du-Bois;C
17339;17;Saint-Germain-de-Lusignan;C
17340;17;Saint-Pierre-La-Noue;C
17341;17;Saint-Germain-de-Vibrac;C
17342;17;Saint-Germain-du-Seudre;C
17343;17;Saint-Grégoire-d'Ardennes;C
17344;17;Saint-Hilaire-de-Villefranche;C
17345;17;Saint-Hilaire-du-Bois;C
17346;17;Saint-Hippolyte;C
17347;17;Saint-Jean-d'Angély;C
17348;17;Saint-Jean-d'Angle;C
17349;17;Saint-Jean-de-Liversay;C
17350;17;Saint-Julien-de-l'Escap;C
17351;17;Saint-Just-Luzac;C
17353;17;Saint-Laurent-de-la-Prée;B2
17354;17;Saint-Léger;C
17355;17;Sainte-Lheurine;C
17356;17;Saint-Loup;C
17357;17;Saint-Maigrin;C
17358;17;Saint-Mandé-sur-Brédoire;C
17359;17;Saint-Mard;C
17360;17;Sainte-Marie-de-Ré;A
17361;17;Saint-Martial;C
17362;17;Saint-Martial-de-Mirambeau;C
17363;17;Saint-Martial-de-Vitaterne;C
17364;17;Saint-Martial-sur-Né;C
17365;17;Saint-Martin-d'Ary;C
17366;17;Saint-Martin-de-Coux;C
17367;17;Saint-Martin-de-Juillers;C
17369;17;Saint-Martin-de-Ré;A
17372;17;Saint-Médard;C
17373;17;Saint-Médard-d'Aunis;C
17374;17;Sainte-Même;C
17375;17;Saint-Nazaire-sur-Charente;C
17376;17;Saint-Ouen-d'Aunis;C
17377;17;Saint-Ouen-la-Thène;C
17378;17;Saint-Palais-de-Négrignac;C
17379;17;Saint-Palais-de-Phiolin;C
17380;17;Saint-Palais-sur-Mer;B1
17381;17;Saint-Pardoult;C
17382;17;Saint-Pierre-d'Amilly;C
17383;17;Saint-Pierre-de-Juillers;C
17384;17;Saint-Pierre-de-l'Isle;C
17385;17;Saint-Pierre-d'Oléron;B1
17386;17;Saint-Pierre-du-Palais;C
17387;17;Saint-Porchaire;C
17388;17;Saint-Quantin-de-Rançanne;C
17389;17;Sainte-Radegonde;C
17390;17;Sainte-Ramée;C
17391;17;Saint-Rogatien;B2
17393;17;Saint-Romain-de-Benet;C
17394;17;Saint-Saturnin-du-Bois;C
17395;17;Saint-Sauvant;C
17396;17;Saint-Sauveur-d'Aunis;C
17397;17;Saint-Savinien;C
17398;17;Saint-Seurin-de-Palenne;C
17400;17;Saint-Sever-de-Saintonge;C
17401;17;Saint-Séverin-sur-Boutonne;C
17402;17;Saint-Sigismond-de-Clermont;C
17403;17;Saint-Simon-de-Bordes;C
17404;17;Saint-Simon-de-Pellouaille;C
17405;17;Saint-Sorlin-de-Conac;C
17406;17;Saint-Sornin;C
17407;17;Sainte-Soulle;B1
17408;17;Saint-Sulpice-d'Arnoult;C
17409;17;Saint-Sulpice-de-Royan;B2
17410;17;Saint-Thomas-de-Conac;C
17411;17;Saint-Trojan-les-Bains;B1
17412;17;Saint-Vaize;C
17413;17;Saint-Vivien;B2
17414;17;Saint-Xandre;B1
17415;17;Saintes;B2
17416;17;Saleignes;C
17417;17;Salignac-de-Mirambeau;C
17418;17;Salignac-sur-Charente;C
17420;17;Salles-sur-Mer;B1
17421;17;Saujon;B1
17422;17;Seigné;C
17423;17;Semillac;C
17424;17;Semoussac;C
17425;17;Semussac;B2
17426;17;Le Seure;C
17427;17;Siecq;C
17428;17;Sonnac;C
17429;17;Soubise;C
17430;17;Soubran;C
17431;17;Soulignonne;C
17432;17;Souméras;C
17433;17;Sousmoulins;C
17434;17;Surgères;C
17435;17;Taillant;C
17436;17;Taillebourg;C
17437;17;Talmont-sur-Gironde;B2
17438;17;Tanzac;C
17439;17;Taugon;C
17440;17;Ternant;C
17441;17;Tesson;C
17442;17;Thaims;C
17443;17;Thairé;C
17444;17;Thénac;C
17445;17;Thézac;C
17446;17;Thors;C
17447;17;Le Thou;C
17448;17;Tonnay-Boutonne;C
17449;17;Tonnay-Charente;B2
17450;17;Torxé;C
17451;17;Les Touches-de-Périgny;C
17452;17;La Tremblade;B1
17453;17;Trizay;C
17454;17;Tugéras-Saint-Maurice;C
17455;17;La Vallée;C
17457;17;La Devise;C
17458;17;Vanzac;C
17459;17;Varaize;C
17460;17;Varzay;C
17461;17;Vaux-sur-Mer;B1
17462;17;Vénérand;C
17463;17;Vergeroux;B2
17464;17;Vergné;C
17465;17;La Vergne;C
17466;17;Vérines;C
17467;17;Vervant;C
17468;17;Vibrac;C
17469;17;Villars-en-Pons;C
17470;17;Villars-les-Bois;C
17471;17;La Villedieu;C
17472;17;Villedoux;C
17473;17;Villemorin;C
17474;17;Villeneuve-la-Comtesse;C
17476;17;Villexavier;C
17477;17;Villiers-Couture;C
17478;17;Vinax;C
17479;17;Virollet;C
17480;17;Virson;C
17481;17;Voissay;C
17482;17;Vouhé;C
17483;17;Yves;B2
17484;17;Port-des-Barques;C
17485;17;Le Grand-Village-Plage;B1
17486;17;La Brée-les-Bains;B1
18001;18;Achères;C
18002;18;Ainay-le-Vieil;C
18003;18;Les Aix-d'Angillon;C
18004;18;Allogny;C
18005;18;Allouis;C
18006;18;Annoix;B2
18007;18;Apremont-sur-Allier;C
18008;18;Arçay;B2
18009;18;Arcomps;C
18010;18;Ardenais;C
18011;18;Argent-sur-Sauldre;C
18012;18;Argenvières;C
18013;18;Arpheuilles;C
18014;18;Assigny;C
18015;18;Aubigny-sur-Nère;C
18016;18;Aubinges;C
18017;18;Augy-sur-Aubois;C
18018;18;Avord;C
18019;18;Azy;C
18020;18;Bannay;C
18021;18;Bannegon;C
18022;18;Barlieu;C
18023;18;Baugy;C
18024;18;Beddes;C
18025;18;Beffes;C
18026;18;Belleville-sur-Loire;C
18027;18;Bengy-sur-Craon;C
18028;18;Berry-Bouy;B2
18029;18;Bessais-le-Fromental;C
18030;18;Blancafort;C
18031;18;Blet;C
18032;18;Boulleret;C
18033;18;Bourges;B2
18034;18;Bouzais;C
18035;18;Brécy;C
18036;18;Brinay;C
18037;18;Brinon-sur-Sauldre;C
18038;18;Bruère-Allichamps;C
18039;18;Bué;C
18040;18;Bussy;C
18041;18;La Celette;C
18042;18;La Celle;C
18043;18;La Celle-Condé;C
18044;18;Cerbois;C
18045;18;Chalivoy-Milon;C
18046;18;Chambon;C
18047;18;La Chapelle-d'Angillon;C
18048;18;La Chapelle-Hugon;C
18049;18;La Chapelle-Montlinard;C
18050;18;La Chapelle-Saint-Ursin;B2
18051;18;La Chapelotte;C
18052;18;Charenton-du-Cher;C
18053;18;Charentonnay;C
18054;18;Charly;C
18055;18;Chârost;C
18056;18;Chassy;C
18057;18;Châteaumeillant;C
18058;18;Châteauneuf-sur-Cher;C
18059;18;Le Châtelet;C
18060;18;Chaumont;C
18061;18;Chaumoux-Marcilly;C
18062;18;Le Chautay;C
18063;18;Chavannes;C
18064;18;Chéry;C
18065;18;Chezal-Benoît;C
18066;18;Civray;C
18067;18;Clémont;C
18068;18;Cogny;C
18069;18;Colombiers;C
18070;18;Concressault;C
18071;18;Contres;C
18072;18;Cornusse;C
18073;18;Corquoy;C
18074;18;Couargues;C
18075;18;Cours-les-Barres;C
18076;18;Coust;C
18077;18;Couy;C
18078;18;Crézançay-sur-Cher;C
18079;18;Crézancy-en-Sancerre;C
18080;18;Croisy;C
18081;18;Crosses;C
18082;18;Cuffy;C
18083;18;Culan;C
18084;18;Dampierre-en-Crot;C
18085;18;Dampierre-en-Graçay;C
18086;18;Drevant;C
18087;18;Dun-sur-Auron;C
18088;18;Ennordres;C
18089;18;Épineuil-le-Fleuriel;C
18090;18;Étréchy;C
18091;18;Farges-Allichamps;C
18092;18;Farges-en-Septaine;C
18093;18;Faverdines;C
18094;18;Feux;C
18095;18;Flavigny;C
18096;18;Foëcy;C
18097;18;Fussy;B2
18098;18;Gardefort;C
18099;18;Garigny;C
18100;18;Genouilly;C
18101;18;Germigny-l'Exempt;C
18102;18;Givardon;C
18103;18;Graçay;C
18104;18;Groises;C
18105;18;Gron;C
18106;18;Grossouvre;C
18107;18;La Groutte;C
18108;18;La Guerche-sur-l'Aubois;C
18109;18;Henrichemont;C
18110;18;Herry;C
18111;18;Humbligny;C
18112;18;Ids-Saint-Roch;C
18113;18;Ignol;C
18114;18;Ineuil;C
18115;18;Ivoy-le-Pré;C
18116;18;Jalognes;C
18117;18;Jars;C
18118;18;Jouet-sur-l'Aubois;C
18119;18;Jussy-Champagne;C
18120;18;Jussy-le-Chaudrier;C
18121;18;Lantan;C
18122;18;Lapan;C
18124;18;Lazenay;C
18125;18;Léré;C
18126;18;Levet;C
18127;18;Lignières;C
18128;18;Limeux;C
18129;18;Lissay-Lochy;C
18130;18;Loye-sur-Arnon;C
18132;18;Lugny-Champagne;C
18133;18;Lunery;C
18134;18;Lury-sur-Arnon;C
18135;18;Maisonnais;C
18136;18;Marçais;C
18137;18;Mareuil-sur-Arnon;C
18138;18;Marmagne;B2
18139;18;Marseilles-lès-Aubigny;C
18140;18;Massay;C
18141;18;Mehun-sur-Yèvre;C
18142;18;Meillant;C
18143;18;Menetou-Couture;C
18144;18;Menetou-Râtel;C
18145;18;Menetou-Salon;C
18146;18;Ménétréol-sous-Sancerre;C
18147;18;Ménétréol-sur-Sauldre;C
18148;18;Méreau;C
18149;18;Méry-ès-Bois;C
18150;18;Méry-sur-Cher;C
18151;18;Montigny;C
18152;18;Montlouis;C
18153;18;Morlac;C
18154;18;Mornay-Berry;C
18155;18;Mornay-sur-Allier;C
18156;18;Morogues;C
18157;18;Morthomiers;B2
18158;18;Moulins-sur-Yèvre;C
18159;18;Nançay;C
18160;18;Nérondes;C
18161;18;Neuilly-en-Dun;C
18162;18;Neuilly-en-Sancerre;C
18163;18;Neuvy-Deux-Clochers;C
18164;18;Neuvy-le-Barrois;C
18165;18;Neuvy-sur-Barangeon;C
18166;18;Nohant-en-Goût;C
18167;18;Nohant-en-Graçay;C
18168;18;Le Noyer;C
18169;18;Nozières;C
18170;18;Oizon;C
18171;18;Orcenais;C
18172;18;Orval;C
18173;18;Osmery;C
18174;18;Osmoy;C
18175;18;Ourouer-les-Bourdelins;C
18176;18;Parassy;C
18177;18;Parnay;C
18178;18;La Perche;C
18179;18;Pigny;C
18180;18;Plaimpied-Givaudins;B2
18181;18;Plou;C
18182;18;Poisieux;C
18183;18;Le Pondy;C
18184;18;Précy;C
18185;18;Presly;C
18186;18;Preuilly;C
18187;18;Préveranges;C
18188;18;Primelles;C
18189;18;Quantilly;C
18190;18;Quincy;C
18191;18;Raymond;C
18192;18;Reigny;C
18193;18;Rezay;C
18194;18;Rians;C
18195;18;Sagonne;C
18196;18;Saint-Aignan-des-Noyers;C
18197;18;Saint-Amand-Montrond;C
18198;18;Saint-Ambroix;C
18199;18;Saint-Baudel;C
18200;18;Saint-Bouize;C
18201;18;Saint-Caprais;C
18202;18;Saint-Céols;C
18203;18;Saint-Christophe-le-Chaudry;C
18204;18;Saint-Denis-de-Palin;C
18205;18;Saint-Doulchard;B2
18206;18;Saint-Éloy-de-Gy;C
18207;18;Saint-Florent-sur-Cher;C
18208;18;Sainte-Gemme-en-Sancerrois;C
18209;18;Saint-Georges-de-Poisieux;C
18210;18;Saint-Georges-sur-la-Prée;C
18211;18;Saint-Georges-sur-Moulon;C
18212;18;Saint-Germain-des-Bois;C
18213;18;Saint-Germain-du-Puy;B2
18214;18;Saint-Hilaire-de-Court;C
18215;18;Saint-Hilaire-de-Gondilly;C
18216;18;Saint-Hilaire-en-Lignières;C
18217;18;Saint-Jeanvrin;C
18218;18;Saint-Just;B2
18219;18;Saint-Laurent;C
18220;18;Saint-Léger-le-Petit;C
18221;18;Saint-Loup-des-Chaumes;C
18223;18;Saint-Martin-d'Auxigny;C
18224;18;Saint-Martin-des-Champs;C
18225;18;Saint-Maur;C
18226;18;Saint-Michel-de-Volangis;B2
18227;18;Sainte-Montaine;C
18228;18;Saint-Outrille;C
18229;18;Saint-Palais;C
18230;18;Saint-Pierre-les-Bois;C
18231;18;Saint-Pierre-les-Étieux;C
18232;18;Saint-Priest-la-Marche;C
18233;18;Saint-Satur;C
18234;18;Saint-Saturnin;C
18235;18;Sainte-Solange;C
18236;18;Saint-Symphorien;C
18237;18;Sainte-Thorette;C
18238;18;Saint-Vitte;C
18240;18;Sancergues;C
18241;18;Sancerre;C
18242;18;Sancoins;C
18243;18;Santranges;C
18244;18;Saugy;C
18245;18;Saulzais-le-Potier;C
18246;18;Savigny-en-Sancerre;C
18247;18;Savigny-en-Septaine;C
18248;18;Senneçay;C
18249;18;Sens-Beaujeu;C
18250;18;Serruelles;C
18251;18;Sévry;C
18252;18;Sidiailles;C
18253;18;Soulangis;C
18254;18;Soye-en-Septaine;C
18255;18;Le Subdray;B2
18256;18;Subligny;C
18257;18;Sury-près-Léré;C
18258;18;Sury-en-Vaux;C
18259;18;Sury-ès-Bois;C
18260;18;Tendron;C
18261;18;Thaumiers;C
18262;18;Thauvenay;C
18263;18;Thénioux;C
18264;18;Thou;C
18265;18;Torteron;C
18266;18;Touchay;C
18267;18;Trouy;B2
18268;18;Uzay-le-Venon;C
18269;18;Vailly-sur-Sauldre;C
18270;18;Vallenay;C
18271;18;Vasselay;C
18272;18;Veaugues;C
18273;18;Venesmes;C
18274;18;Verdigny;C
18275;18;Vereaux;C
18276;18;Vernais;C
18277;18;Verneuil;C
18278;18;Vesdun;C
18279;18;Vierzon;C
18280;18;Vignoux-sous-les-Aix;C
18281;18;Vignoux-sur-Barangeon;C
18282;18;Villabon;C
18283;18;Villecelin;C
18284;18;Villegenon;C
18285;18;Villeneuve-sur-Cher;C
18286;18;Villequiers;C
18287;18;Vinon;C
18288;18;Vorly;C
18289;18;Vornay;C
18290;18;Vouzeron;C
19001;19;Affieux;C
19002;19;Aix;C
19003;19;Albignac;C
19004;19;Albussac;C
19005;19;Allassac;C
19006;19;Alleyrat;C
19007;19;Altillac;C
19008;19;Ambrugeat;C
19009;19;Les Angles-sur-Corrèze;C
19010;19;Argentat-sur-Dordogne;C
19011;19;Arnac-Pompadour;C
19012;19;Astaillac;C
19013;19;Aubazines;C
19014;19;Auriac;C
19015;19;Ayen;C
19016;19;Bar;C
19017;19;Bassignac-le-Bas;C
19018;19;Bassignac-le-Haut;C
19019;19;Beaulieu-sur-Dordogne;C
19020;19;Beaumont;C
19021;19;Bellechassagne;C
19022;19;Benayes;C
19023;19;Beynat;C
19024;19;Beyssac;C
19025;19;Beyssenac;C
19026;19;Bilhac;C
19027;19;Bonnefond;C
19028;19;Bort-les-Orgues;C
19029;19;Branceilles;C
19030;19;Brignac-la-Plaine;C
19031;19;Brive-la-Gaillarde;B1
19033;19;Bugeat;C
19034;19;Camps-Saint-Mathurin-Léobazel;C
19035;19;Chabrignac;C
19036;19;Chamberet;C
19037;19;Chamboulive;C
19038;19;Chameyrat;C
19039;19;Champagnac-la-Noaille;C
19040;19;Champagnac-la-Prune;C
19041;19;Chanac-les-Mines;C
19042;19;Chanteix;C
19043;19;La Chapelle-aux-Brocs;C
19044;19;La Chapelle-aux-Saints;C
19045;19;La Chapelle-Saint-Géraud;C
19046;19;Chapelle-Spinasse;C
19047;19;Chartrier-Ferrière;C
19048;19;Le Chastang;C
19049;19;Chasteaux;C
19050;19;Chauffour-sur-Vell;C
19051;19;Chaumeil;C
19052;19;Chavanac;C
19053;19;Chaveroche;C
19054;19;Chenailler-Mascheix;C
19055;19;Chirac-Bellevue;C
19056;19;Clergoux;C
19057;19;Collonges-la-Rouge;C
19058;19;Combressol;C
19059;19;Concèze;C
19060;19;Condat-sur-Ganaveix;C
19061;19;Cornil;C
19062;19;Corrèze;C
19063;19;Cosnac;C
19064;19;Couffy-sur-Sarsonne;C
19065;19;Courteix;C
19066;19;Cublac;C
19067;19;Curemonte;C
19068;19;Dampniat;C
19069;19;Darazac;C
19070;19;Darnets;C
19071;19;Davignac;C
19072;19;Donzenac;C
19073;19;Égletons;C
19074;19;L'Église-aux-Bois;C
19075;19;Espagnac;C
19076;19;Espartignac;C
19077;19;Estivals;C
19078;19;Estivaux;C
19079;19;Eyburie;C
19080;19;Eygurande;C
19081;19;Eyrein;C
19082;19;Favars;C
19083;19;Feyt;C
19084;19;Forgès;C
19085;19;Gimel-les-Cascades;C
19086;19;Goulles;C
19087;19;Gourdon-Murat;C
19088;19;Grandsaigne;C
19089;19;Gros-Chastang;C
19090;19;Gumond;C
19091;19;Hautefage;C
19093;19;Jugeals-Nazareth;C
19094;19;Juillac;C
19095;19;Lacelle;C
19096;19;Ladignac-sur-Rondelles;C
19097;19;Lafage-sur-Sombre;C
19098;19;Lagarde-Marc-la-Tour;C
19099;19;Lagleygeolle;C
19100;19;Lagraulière;C
19101;19;Laguenne-sur-Avalouze;C
19102;19;Lamazière-Basse;C
19103;19;Lamazière-Haute;C
19104;19;Lamongerie;C
19105;19;Lanteuil;C
19106;19;Lapleau;C
19107;19;Larche;B2
19108;19;Laroche-près-Feyt;C
19109;19;Lascaux;C
19110;19;Latronche;C
19111;19;Laval-sur-Luzège;C
19112;19;Lestards;C
19113;19;Liginiac;C
19114;19;Lignareix;C
19115;19;Ligneyrac;C
19116;19;Liourdres;C
19117;19;Lissac-sur-Couze;C
19118;19;Le Lonzac;C
19119;19;Lostanges;C
19120;19;Louignac;C
19121;19;Lubersac;C
19122;19;Madranges;C
19123;19;Malemort;B1
19124;19;Mansac;C
19125;19;Marcillac-la-Croisille;C
19126;19;Marcillac-la-Croze;C
19128;19;Margerides;C
19129;19;Masseret;C
19130;19;Maussac;C
19131;19;Meilhards;C
19132;19;Ménoire;C
19133;19;Mercœur;C
19134;19;Merlines;C
19135;19;Mestes;C
19136;19;Meymac;C
19137;19;Meyrignac-l'Église;C
19138;19;Meyssac;C
19139;19;Millevaches;C
19140;19;Monceaux-sur-Dordogne;C
19141;19;Monestier-Merlines;C
19142;19;Monestier-Port-Dieu;C
19143;19;Montaignac-sur-Doustre;C
19144;19;Montgibaud;C
19145;19;Moustier-Ventadour;C
19146;19;Naves;C
19147;19;Nespouls;C
19148;19;Neuvic;C
19149;19;Neuville;C
19150;19;Noailhac;C
19151;19;Noailles;C
19152;19;Nonards;C
19153;19;Objat;C
19154;19;Orgnac-sur-Vézère;C
19155;19;Orliac-de-Bar;C
19156;19;Palazinges;C
19157;19;Palisse;C
19158;19;Pandrignes;C
19159;19;Péret-Bel-Air;C
19160;19;Pérols-sur-Vézère;C
19161;19;Perpezac-le-Blanc;C
19162;19;Perpezac-le-Noir;C
19163;19;Le Pescher;C
19164;19;Peyrelevade;C
19165;19;Peyrissac;C
19166;19;Pierrefitte;C
19167;19;Confolent-Port-Dieu;C
19168;19;Pradines;C
19169;19;Puy-d'Arnac;C
19170;19;Queyssac-les-Vignes;C
19171;19;Reygade;C
19172;19;Rilhac-Treignac;C
19173;19;Rilhac-Xaintrie;C
19174;19;La Roche-Canillac;C
19175;19;Roche-le-Peyroux;C
19176;19;Rosiers-d'Égletons;C
19177;19;Rosiers-de-Juillac;C
19178;19;Sadroc;C
19179;19;Saillac;C
19180;19;Saint-Angel;C
19181;19;Saint-Augustin;C
19182;19;Saint-Aulaire;C
19184;19;Saint-Bazile-de-Meyssac;C
19186;19;Saint-Bonnet-Elvert;C
19187;19;Saint-Bonnet-la-Rivière;C
19188;19;Saint-Bonnet-l'Enfantier;C
19189;19;Saint-Bonnet-les-Tours-de-Merle;C
19190;19;Saint-Bonnet-près-Bort;C
19191;19;Saint-Cernin-de-Larche;C
19192;19;Saint-Chamant;C
19193;19;Saint-Cirgues-la-Loutre;C
19194;19;Saint-Clément;C
19195;19;Saint-Cyprien;C
19196;19;Saint-Cyr-la-Roche;C
19198;19;Saint-Éloy-les-Tuileries;C
19199;19;Saint-Étienne-aux-Clos;C
19200;19;Saint-Étienne-la-Geneste;C
19201;19;Saint-Exupéry-les-Roches;C
19202;19;Sainte-Féréole;C
19203;19;Sainte-Fortunade;C
19204;19;Saint-Fréjoux;C
19205;19;Saint-Geniez-ô-Merle;C
19206;19;Saint-Germain-Lavolps;C
19207;19;Saint-Germain-les-Vergnes;C
19208;19;Saint-Hilaire-Foissac;C
19209;19;Saint-Hilaire-les-Courbes;C
19210;19;Saint-Hilaire-Luc;C
19211;19;Saint-Hilaire-Peyroux;C
19212;19;Saint-Hilaire-Taurieux;C
19213;19;Saint-Jal;C
19214;19;Saint-Julien-aux-Bois;C
19215;19;Saint-Julien-le-Pèlerin;C
19216;19;Saint-Julien-le-Vendômois;C
19217;19;Saint-Julien-Maumont;C
19219;19;Sainte-Marie-Lapanouze;C
19220;19;Saint-Martial-de-Gimel;C
19221;19;Saint-Martial-Entraygues;C
19222;19;Saint-Martin-la-Méanne;C
19225;19;Saint-Merd-de-Lapleau;C
19226;19;Saint-Merd-les-Oussines;C
19227;19;Saint-Mexant;C
19228;19;Saint-Pantaléon-de-Lapleau;C
19229;19;Saint-Pantaléon-de-Larche;B1
19231;19;Saint-Pardoux-la-Croisille;C
19232;19;Saint-Pardoux-le-Neuf;C
19233;19;Saint-Pardoux-le-Vieux;C
19234;19;Saint-Pardoux-l'Ortigier;C
19235;19;Saint-Paul;C
19236;19;Saint-Priest-de-Gimel;C
19237;19;Saint-Privat;C
19238;19;Saint-Rémy;C
19239;19;Saint-Robert;C
19240;19;Saint-Salvadour;C
19241;19;Saint-Setiers;C
19242;19;Saint-Solve;C
19243;19;Saint-Sornin-Lavolps;C
19244;19;Saint-Sulpice-les-Bois;C
19245;19;Saint-Sylvain;C
19246;19;Saint-Viance;C
19247;19;Saint-Victour;C
19248;19;Les Trois-Saints;C
19249;19;Saint-Yrieix-le-Déjalat;C
19250;19;Salon-la-Tour;C
19251;19;Sarran;C
19252;19;Sarroux - Saint Julien;C
19253;19;Segonzac;C
19254;19;Ségur-le-Château;C
19255;19;Seilhac;C
19256;19;Sérandon;C
19257;19;Sérilhac;C
19258;19;Servières-le-Château;C
19259;19;Sexcles;C
19260;19;Sioniac;C
19261;19;Sornac;C
19262;19;Soudaine-Lavinadière;C
19263;19;Soudeilles;C
19264;19;Soursac;C
19265;19;Tarnac;C
19266;19;Thalamy;C
19268;19;Toy-Viam;C
19269;19;Treignac;C
19270;19;Troche;C
19271;19;Tudeils;C
19272;19;Tulle;C
19273;19;Turenne;C
19274;19;Ussac;B1
19275;19;Ussel;C
19276;19;Uzerche;C
19277;19;Valiergues;C
19278;19;Varetz;C
19279;19;Vars-sur-Roseix;C
19280;19;Végennes;C
19281;19;Veix;C
19283;19;Veyrières;C
19284;19;Viam;C
19285;19;Vigeois;C
19286;19;Vignols;C
19287;19;Vitrac-sur-Montane;C
19288;19;Voutezac;C
19289;19;Yssandon;C
21001;21;Agencourt;C
21002;21;Agey;C
21003;21;Ahuy;B1
21004;21;Aignay-le-Duc;C
21005;21;Aiserey;C
21006;21;Aisey-sur-Seine;C
21007;21;Aisy-sous-Thil;C
21008;21;Alise-Sainte-Reine;C
21009;21;Allerey;C
21010;21;Aloxe-Corton;C
21011;21;Ampilly-les-Bordes;C
21012;21;Ampilly-le-Sec;C
21013;21;Ancey;C
21014;21;Antheuil;C
21015;21;Antigny-la-Ville;C
21016;21;Arceau;C
21017;21;Arcenant;C
21018;21;Arcey;C
21020;21;Arconcey;C
21021;21;Arc-sur-Tille;C
21022;21;Argilly;C
21023;21;Arnay-le-Duc;C
21024;21;Arnay-sous-Vitteaux;C
21025;21;Arrans;C
21026;21;Asnières-en-Montagne;C
21027;21;Asnières-lès-Dijon;C
21028;21;Athée;C
21029;21;Athie;C
21030;21;Aubaine;C
21031;21;Aubigny-en-Plaine;C
21032;21;Aubigny-la-Ronce;C
21033;21;Aubigny-lès-Sombernon;C
21034;21;Autricourt;C
21035;21;Auvillars-sur-Saône;C
21036;21;Auxant;C
21037;21;Auxey-Duresses;C
21038;21;Auxonne;C
21039;21;Avelanges;C
21040;21;Avosnes;C
21041;21;Avot;C
21042;21;Bagnot;C
21043;21;Baigneux-les-Juifs;C
21044;21;Balot;C
21045;21;Barbirey-sur-Ouche;C
21046;21;Bard-le-Régulier;C
21047;21;Bard-lès-Époisses;C
21048;21;Barges;C
21049;21;Barjon;C
21050;21;Baubigny;C
21051;21;Baulme-la-Roche;C
21052;21;Beaulieu;C
21053;21;Beaumont-sur-Vingeanne;C
21054;21;Beaune;B2
21055;21;Beaunotte;C
21056;21;Beire-le-Châtel;C
21057;21;Beire-le-Fort;C
21058;21;Belan-sur-Ource;C
21059;21;Bellefond;C
21060;21;Belleneuve;C
21061;21;Bellenod-sur-Seine;C
21062;21;Bellenot-sous-Pouilly;C
21063;21;Beneuvre;C
21064;21;Benoisey;C
21065;21;Bessey-en-Chaume;C
21066;21;Bessey-la-Cour;C
21067;21;Bessey-lès-Cîteaux;C
21068;21;Beurey-Bauguay;C
21069;21;Beurizot;C
21070;21;Bévy;C
21071;21;Bèze;C
21072;21;Bézouotte;C
21074;21;Billey;C
21075;21;Billy-lès-Chanceaux;C
21076;21;Binges;C
21077;21;Bissey-la-Côte;C
21078;21;Bissey-la-Pierre;C
21079;21;Blagny-sur-Vingeanne;C
21080;21;Blaisy-Bas;C
21081;21;Blaisy-Haut;C
21082;21;Blancey;C
21083;21;Blanot;C
21084;21;Source-Seine;C
21085;21;Bligny-le-Sec;C
21086;21;Bligny-lès-Beaune;C
21087;21;Bligny-sur-Ouche;C
21088;21;Boncourt-le-Bois;C
21089;21;Bonnencontre;C
21090;21;Boudreville;C
21091;21;Bouhey;C
21092;21;Bouilland;C
21093;21;Bouix;C
21094;21;Bourberain;C
21095;21;Bousselange;C
21096;21;Boussenois;C
21097;21;Boussey;C
21098;21;Boux-sous-Salmaise;C
21099;21;Bouze-lès-Beaune;C
21100;21;Brain;C
21101;21;Braux;C
21102;21;Brazey-en-Morvan;C
21103;21;Brazey-en-Plaine;C
21104;21;Brémur-et-Vaurois;C
21105;21;Bressey-sur-Tille;B1
21106;21;Bretenière;B1
21107;21;Bretigny;C
21108;21;Brianny;C
21109;21;Brion-sur-Ource;C
21110;21;Brochon;C
21111;21;Brognon;C
21112;21;Broin;C
21113;21;Broindon;C
21114;21;Buffon;C
21115;21;Buncey;C
21116;21;Bure-les-Templiers;C
21117;21;Busseaut;C
21118;21;Busserotte-et-Montenaille;C
21119;21;Bussières;C
21120;21;La Bussière-sur-Ouche;C
21121;21;Bussy-la-Pesle;C
21122;21;Bussy-le-Grand;C
21123;21;Buxerolles;C
21124;21;Censerey;C
21125;21;Cérilly;C
21126;21;Cessey-sur-Tille;C
21127;21;Chaignay;C
21128;21;Chailly-sur-Armançon;C
21129;21;Chambain;C
21130;21;Chambeire;C
21131;21;Chamblanc;C
21132;21;Chambœuf;C
21133;21;Chambolle-Musigny;C
21134;21;Chamesson;C
21135;21;Champagne-sur-Vingeanne;C
21136;21;Champagny;C
21137;21;Champ-d'Oiseau;C
21138;21;Champdôtre;C
21139;21;Champeau-en-Morvan;C
21140;21;Champignolles;C
21141;21;Champrenault;C
21142;21;Chanceaux;C
21143;21;Channay;C
21144;21;Charencey;C
21145;21;Charigny;C
21146;21;Charmes;C
21147;21;Charny;C
21148;21;Charrey-sur-Saône;C
21149;21;Charrey-sur-Seine;C
21150;21;Chassagne-Montrachet;C
21151;21;Chassey;C
21152;21;Châteauneuf;C
21153;21;Châtellenot;C
21154;21;Châtillon-sur-Seine;C
21155;21;Chaudenay-la-Ville;C
21156;21;Chaudenay-le-Château;C
21157;21;Chaugey;C
21158;21;Chaume-et-Courchamp;C
21159;21;La Chaume;C
21160;21;Chaume-lès-Baigneux;C
21161;21;Chaumont-le-Bois;C
21162;21;Chaux;C
21163;21;Chazeuil;C
21164;21;Chazilly;C
21165;21;Chemin-d'Aisey;C
21166;21;Chenôve;B1
21167;21;Cheuge;C
21168;21;Chevannay;C
21169;21;Chevannes;C
21170;21;Chevigny-en-Valière;C
21171;21;Chevigny-Saint-Sauveur;B1
21172;21;Chivres;C
21173;21;Chorey-les-Beaune;C
21175;21;Cirey-lès-Pontailler;C
21176;21;Civry-en-Montagne;C
21177;21;Clamerey;C
21178;21;Valforêt;C
21179;21;Clénay;C
21180;21;Cléry;C
21181;21;Clomot;C
21182;21;Collonges-lès-Bévy;C
21183;21;Collonges-et-Premières;C
21184;21;Colombier;C
21185;21;Combertault;C
21186;21;Comblanchien;C
21187;21;Commarin;C
21189;21;Corberon;C
21190;21;Corcelles-les-Arts;C
21191;21;Corcelles-lès-Cîteaux;C
21192;21;Corcelles-les-Monts;B1
21193;21;Corgengoux;C
21194;21;Corgoloin;C
21195;21;Cormot-Vauchignon;C
21196;21;Corpeau;C
21197;21;Corpoyer-la-Chapelle;C
21198;21;Corrombles;C
21199;21;Corsaint;C
21200;21;Couchey;C
21201;21;Coulmier-le-Sec;C
21202;21;Courban;C
21203;21;Courcelles-Frémoy;C
21204;21;Courcelles-lès-Montbard;C
21205;21;Courcelles-lès-Semur;C
21207;21;Courlon;C
21208;21;Courtivron;C
21209;21;Couternon;C
21210;21;Créancey;C
21211;21;Crécey-sur-Tille;C
21212;21;Crépand;C
21214;21;Crugey;C
21215;21;Cuiserey;C
21216;21;Culètre;C
21217;21;Curley;C
21218;21;Curtil-Saint-Seine;C
21219;21;Curtil-Vergy;C
21220;21;Cussey-les-Forges;C
21221;21;Cussy-la-Colonne;C
21222;21;Cussy-le-Châtel;C
21223;21;Daix;B1
21224;21;Dampierre-en-Montagne;C
21225;21;Dampierre-et-Flée;C
21226;21;Darcey;C
21227;21;Darois;C
21228;21;Détain-et-Bruant;C
21229;21;Diancey;C
21230;21;Diénay;C
21231;21;Dijon;B1
21232;21;Dompierre-en-Morvan;C
21233;21;Drambon;C
21234;21;Drée;C
21235;21;Duesme;C
21236;21;Ébaty;C
21237;21;Échalot;C
21238;21;Échannay;C
21239;21;Échenon;C
21240;21;Échevannes;C
21241;21;Échevronne;C
21242;21;Échigey;C
21243;21;Écutigny;C
21244;21;Éguilly;C
21245;21;Épagny;C
21246;21;Épernay-sous-Gevrey;C
21247;21;Époisses;C
21248;21;Éringes;C
21249;21;Esbarres;C
21250;21;Essarois;C
21251;21;Essey;C
21252;21;Étais;C
21253;21;Étalante;C
21254;21;L'Étang-Vergy;C
21255;21;Étaules;C
21256;21;Étevaux;C
21257;21;Étormay;C
21258;21;Étrochey;C
21259;21;Fain-lès-Montbard;C
21260;21;Fain-lès-Moutiers;C
21261;21;Fauverney;C
21262;21;Faverolles-lès-Lucey;C
21263;21;Fénay;B1
21264;21;Le Fête;C
21265;21;Fixin;C
21266;21;Flacey;C
21267;21;Flagey-Echézeaux;C
21268;21;Flagey-lès-Auxonne;C
21269;21;Flammerans;C
21270;21;Flavignerot;B1
21271;21;Flavigny-sur-Ozerain;C
21272;21;Le Val-Larrey;C
21273;21;Fleurey-sur-Ouche;C
21274;21;Foissy;C
21275;21;Foncegrive;C
21276;21;Fontaines-en-Duesmois;C
21277;21;Fontaine-Française;C
21278;21;Fontaine-lès-Dijon;B1
21279;21;Fontaines-les-Sèches;C
21280;21;Fontangy;C
21281;21;Fontenelle;C
21282;21;Forléans;C
21283;21;Fraignot-et-Vesvrotte;C
21284;21;Francheville;C
21285;21;Franxault;C
21286;21;Frénois;C
21287;21;Fresnes;C
21288;21;Frôlois;C
21289;21;Fussey;C
21290;21;Gemeaux;C
21291;21;Genay;C
21292;21;Genlis;C
21293;21;Gergueil;C
21294;21;Gerland;C
21295;21;Gevrey-Chambertin;C
21296;21;Gevrolles;C
21297;21;Gilly-lès-Cîteaux;C
21298;21;Gissey-le-Vieil;C
21299;21;Gissey-sous-Flavigny;C
21300;21;Gissey-sur-Ouche;C
21301;21;Glanon;C
21302;21;Gomméville;C
21303;21;Les Goulles;C
21304;21;Grancey-le-Château-Neuvelle;C
21305;21;Grancey-sur-Ource;C
21306;21;Grenant-lès-Sombernon;C
21307;21;Grésigny-Sainte-Reine;C
21308;21;Grignon;C
21309;21;Griselles;C
21310;21;Grosbois-en-Montagne;C
21311;21;Grosbois-lès-Tichey;C
21312;21;Gurgy-la-Ville;C
21313;21;Gurgy-le-Château;C
21314;21;Hauteroche;C
21315;21;Hauteville-lès-Dijon;B1
21316;21;Heuilley-sur-Saône;C
21317;21;Is-sur-Tille;C
21319;21;Izeure;C
21320;21;Izier;C
21321;21;Jailly-les-Moulins;C
21322;21;Jallanges;C
21323;21;Jancigny;C
21324;21;Jeux-lès-Bard;C
21325;21;Jouey;C
21326;21;Jours-lès-Baigneux;C
21327;21;Val-Mont;C
21328;21;Juillenay;C
21329;21;Juilly;C
21330;21;Labergement-Foigney;C
21331;21;Labergement-lès-Auxonne;C
21332;21;Labergement-lès-Seurre;C
21333;21;Labruyère;C
21334;21;Lacanche;C
21335;21;Lacour-d'Arcenay;C
21336;21;Laignes;C
21337;21;Lamarche-sur-Saône;C
21338;21;Lamargelle;C
21339;21;Lantenay;C
21340;21;Lanthes;C
21341;21;Lantilly;C
21342;21;Laperrière-sur-Saône;C
21343;21;Larrey;C
21344;21;Lechâtelet;C
21345;21;Léry;C
21346;21;Leuglay;C
21347;21;Levernois;C
21348;21;Licey-sur-Vingeanne;C
21349;21;Liernais;C
21350;21;Lignerolles;C
21351;21;Longchamp;C
21352;21;Longeault-Pluvault;C
21353;21;Longecourt-en-Plaine;C
21354;21;Longecourt-lès-Culêtre;C
21355;21;Longvic;B1
21356;21;Losne;C
21357;21;Louesme;C
21358;21;Lucenay-le-Duc;C
21359;21;Lucey;C
21360;21;Lusigny-sur-Ouche;C
21361;21;Lux;C
21362;21;Maconge;C
21363;21;Magnien;C
21364;21;Magny-Lambert;C
21365;21;Magny-la-Ville;C
21366;21;Magny-lès-Aubigny;C
21367;21;Magny-Montarlot;C
21368;21;Magny-lès-Villers;C
21369;21;Magny-Saint-Médard;C
21370;21;Magny-sur-Tille;B1
21371;21;Les Maillys;C
21372;21;Maisey-le-Duc;C
21373;21;Mâlain;C
21374;21;Maligny;C
21375;21;Manlay;C
21376;21;Marandeuil;C
21377;21;Marcellois;C
21378;21;Marcenay;C
21379;21;Marcheseuil;C
21380;21;Marcigny-sous-Thil;C
21381;21;Marcilly-et-Dracy;C
21382;21;Marcilly-Ogny;C
21383;21;Marcilly-sur-Tille;C
21384;21;Marey-lès-Fussey;C
21385;21;Marey-sur-Tille;C
21386;21;Marigny-le-Cahouët;C
21387;21;Marigny-lès-Reullée;C
21388;21;Marliens;C
21389;21;Marmagne;C
21390;21;Marsannay-la-Côte;B1
21391;21;Marsannay-le-Bois;C
21392;21;Martrois;C
21393;21;Massingy;C
21394;21;Massingy-lès-Semur;C
21395;21;Massingy-lès-Vitteaux;C
21396;21;Mauvilly;C
21397;21;Mavilly-Mandelot;C
21398;21;Maxilly-sur-Saône;C
21399;21;Meilly-sur-Rouvres;C
21400;21;Le Meix;C
21401;21;Meloisey;C
21402;21;Menesble;C
21403;21;Ménessaire;C
21404;21;Ménétreux-le-Pitois;C
21405;21;Merceuil;C
21406;21;Mesmont;C
21407;21;Messanges;C
21408;21;Messigny-et-Vantoux;C
21409;21;Meuilley;C
21410;21;Meulson;C
21411;21;Meursanges;C
21412;21;Meursault;C
21413;21;Millery;C
21414;21;Mimeure;C
21415;21;Minot;C
21416;21;Mirebeau-sur-Bèze;C
21417;21;Missery;C
21418;21;Moitron;C
21419;21;Molesme;C
21420;21;Molinot;C
21421;21;Moloy;C
21422;21;Molphey;C
21423;21;Montagny-lès-Beaune;C
21424;21;Montagny-lès-Seurre;C
21425;21;Montbard;C
21426;21;Montberthault;C
21427;21;Montceau-et-Écharnant;C
21428;21;Monthelie;C
21429;21;Montigny-Montfort;C
21430;21;Montigny-Saint-Barthélemy;C
21431;21;Montigny-sur-Armançon;C
21432;21;Montigny-sur-Aube;C
21433;21;Montigny-Mornay-Villeneuve-sur-Vingeanne;C
21434;21;Montlay-en-Auxois;C
21435;21;Montliot-et-Courcelles;C
21436;21;Montmain;C
21437;21;Montmançon;C
21438;21;Montmoyen;C
21439;21;Montoillot;C
21440;21;Montot;C
21441;21;Mont-Saint-Jean;C
21442;21;Morey-Saint-Denis;C
21444;21;Mosson;C
21445;21;La Motte-Ternant;C
21446;21;Moutiers-Saint-Jean;C
21447;21;Musigny;C
21448;21;Mussy-la-Fosse;C
21449;21;Nan-sous-Thil;C
21450;21;Nantoux;C
21451;21;Nesle-et-Massoult;C
21452;21;Neuilly-Crimolois;B1
21454;21;Nicey;C
21455;21;Nod-sur-Seine;C
21456;21;Nogent-lès-Montbard;C
21457;21;Noidan;C
21458;21;Noiron-sous-Gevrey;C
21459;21;Noiron-sur-Bèze;C
21460;21;Noiron-sur-Seine;C
21461;21;Nolay;C
21462;21;Norges-la-Ville;C
21463;21;Normier;C
21464;21;Nuits-Saint-Georges;C
21465;21;Obtrée;C
21466;21;Oigny;C
21467;21;Oisilly;C
21468;21;Orain;C
21469;21;Orgeux;C
21470;21;Origny;C
21471;21;Orret;C
21472;21;Orville;C
21473;21;Ouges;B1
21474;21;Pagny-la-Ville;C
21475;21;Pagny-le-Château;C
21476;21;Painblanc;C
21477;21;Panges;C
21478;21;Pasques;C
21479;21;Pellerey;C
21480;21;Pernand-Vergelesses;C
21481;21;Perrigny-lès-Dijon;B1
21482;21;Perrigny-sur-l'Ognon;C
21483;21;Pichanges;C
21484;21;Planay;C
21485;21;Plombières-lès-Dijon;B1
21487;21;Pluvet;C
21488;21;Poinçon-lès-Larrey;C
21489;21;Poiseul-la-Grange;C
21490;21;Poiseul-la-Ville-et-Laperrière;C
21491;21;Poiseul-lès-Saulx;C
21492;21;Pommard;C
21493;21;Poncey-lès-Athée;C
21494;21;Poncey-sur-l'Ignon;C
21495;21;Pont;C
21496;21;Pontailler-sur-Saône;C
21497;21;Pont-et-Massène;C
21498;21;Posanges;C
21499;21;Pothières;C
21500;21;Pouillenay;C
21501;21;Pouilly-en-Auxois;C
21502;21;Pouilly-sur-Saône;C
21503;21;Pouilly-sur-Vingeanne;C
21504;21;Prâlon;C
21505;21;Précy-sous-Thil;C
21506;21;Premeaux-Prissey;C
21508;21;Prenois;C
21510;21;Prusly-sur-Ource;C
21511;21;Puits;C
21512;21;Puligny-Montrachet;C
21514;21;Quemigny-sur-Seine;C
21515;21;Quetigny;B1
21516;21;Quincerot;C
21517;21;Quincey;C
21518;21;Quincy-le-Vicomte;C
21519;21;Recey-sur-Ource;C
21520;21;Remilly-en-Montagne;C
21521;21;Remilly-sur-Tille;C
21522;21;Renève;C
21523;21;Reulle-Vergy;C
21524;21;Riel-les-Eaux;C
21525;21;La Roche-en-Brenil;C
21526;21;Rochefort-sur-Brévon;C
21527;21;La Rochepot;C
21528;21;La Roche-Vanneau;C
21529;21;Roilly;C
21530;21;Rougemont;C
21531;21;Rouvray;C
21532;21;Rouvres-en-Plaine;C
21533;21;Rouvres-sous-Meilly;C
21534;21;Ruffey-lès-Beaune;C
21535;21;Ruffey-lès-Echirey;C
21536;21;Sacquenay;C
21537;21;Saffres;C
21538;21;Saint-Andeux;C
21539;21;Saint-Anthot;C
21540;21;Saint-Apollinaire;B1
21541;21;Saint-Aubin;C
21542;21;Saint-Bernard;C
21543;21;Saint-Broing-les-Moines;C
21544;21;Sainte-Colombe-en-Auxois;C
21545;21;Sainte-Colombe-sur-Seine;C
21546;21;Saint-Didier;C
21547;21;Saint-Euphrône;C
21548;21;Saint-Germain-de-Modéon;C
21549;21;Saint-Germain-le-Rocheux;C
21550;21;Saint-Germain-lès-Senailly;C
21552;21;Saint-Hélier;C
21553;21;Saint-Jean-de-Bœuf;C
21554;21;Saint-Jean-de-Losne;C
21555;21;Saint-Julien;C
21556;21;Saint-Léger-Triey;C
21557;21;Saint-Marc-sur-Seine;C
21558;21;Sainte-Marie-la-Blanche;C
21559;21;Sainte-Marie-sur-Ouche;C
21560;21;Saint-Martin-de-la-Mer;C
21561;21;Saint-Martin-du-Mont;C
21562;21;Saint-Maurice-sur-Vingeanne;C
21563;21;Saint-Mesmin;C
21564;21;Saint-Nicolas-lès-Cîteaux;C
21565;21;Saint-Philibert;C
21566;21;Saint-Pierre-en-Vaux;C
21567;21;Saint-Prix-lès-Arnay;C
21568;21;Saint-Rémy;C
21569;21;Saint-Romain;C
21570;21;Sainte-Sabine;C
21571;21;Saint-Sauveur;C
21572;21;Saint-Seine-en-Bâche;C
21573;21;Saint-Seine-l'Abbaye;C
21574;21;Saint-Seine-sur-Vingeanne;C
21575;21;Saint-Symphorien-sur-Saône;C
21576;21;Saint-Thibault;C
21577;21;Saint-Usage;C
21578;21;Saint-Victor-sur-Ouche;C
21579;21;Salives;C
21580;21;Salmaise;C
21581;21;Samerey;C
21582;21;Santenay;C
21583;21;Santosse;C
21584;21;Saulieu;C
21585;21;Saulon-la-Chapelle;C
21586;21;Saulon-la-Rue;C
21587;21;Saulx-le-Duc;C
21588;21;Saussey;C
21589;21;Saussy;C
21590;21;Savigny-lès-Beaune;C
21591;21;Savigny-le-Sec;C
21592;21;Savigny-sous-Mâlain;C
21593;21;Savilly;C
21594;21;Savoisy;C
21595;21;Savolles;C
21596;21;Savouges;C
21597;21;Segrois;C
21598;21;Seigny;C
21599;21;Selongey;C
21600;21;Semarey;C
21601;21;Semezanges;C
21602;21;Semond;C
21603;21;Semur-en-Auxois;C
21604;21;Senailly;C
21605;21;Sennecey-lès-Dijon;B1
21606;21;Ladoix-Serrigny;C
21607;21;Seurre;C
21608;21;Sincey-lès-Rouvray;C
21609;21;Soirans;C
21610;21;Soissons-sur-Nacey;C
21611;21;Sombernon;C
21612;21;Souhey;C
21613;21;Soussey-sur-Brionne;C
21614;21;Spoy;C
21615;21;Sussey;C
21616;21;Tailly;C
21617;21;Talant;B1
21618;21;Talmay;C
21619;21;Tanay;C
21620;21;Tarsul;C
21622;21;Tart-le-Bas;C
21623;21;Tart;C
21624;21;Tellecey;C
21625;21;Ternant;C
21626;21;Terrefondrée;C
21627;21;Thenissey;C
21628;21;Thoires;C
21629;21;Thoisy-la-Berchère;C
21630;21;Thoisy-le-Désert;C
21631;21;Thomirey;C
21632;21;Thorey-en-Plaine;C
21633;21;Thorey-sous-Charny;C
21634;21;Thorey-sur-Ouche;C
21635;21;Thoste;C
21636;21;Thury;C
21637;21;Tichey;C
21638;21;Til-Châtel;C
21639;21;Tillenay;C
21640;21;Torcy-et-Pouligny;C
21641;21;Touillon;C
21642;21;Toutry;C
21643;21;Tréclun;C
21644;21;Trochères;C
21645;21;Trouhans;C
21646;21;Trouhaut;C
21647;21;Trugny;C
21648;21;Turcey;C
21649;21;Uncey-le-Franc;C
21650;21;Urcy;C
21651;21;Val-Suzon;C
21652;21;Vandenesse-en-Auxois;C
21653;21;Vannaire;C
21655;21;Vanvey;C
21656;21;Varanges;C
21657;21;Varois-et-Chaignot;C
21659;21;Vaux-Saules;C
21660;21;Veilly;C
21661;21;Velars-sur-Ouche;C
21662;21;Velogny;C
21663;21;Venarey-les-Laumes;C
21664;21;Verdonnet;C
21665;21;Vernois-lès-Vesvres;C
21666;21;Vernot;C
21667;21;Véronnes;C
21669;21;Verrey-sous-Drée;C
21670;21;Verrey-sous-Salmaise;C
21671;21;Vertault;C
21672;21;Vesvres;C
21673;21;Veuvey-sur-Ouche;C
21674;21;Veuxhaulles-sur-Aube;C
21675;21;Vianges;C
21676;21;Vic-de-Chassenay;C
21677;21;Vic-des-Prés;C
21678;21;Vic-sous-Thil;C
21679;21;Vieilmoulin;C
21680;21;Vielverge;C
21681;21;Vieux-Château;C
21682;21;Viévigne;C
21683;21;Viévy;C
21684;21;Vignoles;C
21685;21;Villaines-en-Duesmois;C
21686;21;Villaines-les-Prévôtes;C
21687;21;Villargoix;C
21688;21;Villars-Fontaine;C
21689;21;Villars-et-Villenotte;C
21690;21;Villeberny;C
21691;21;Villebichot;C
21692;21;Villecomte;C
21693;21;Villedieu;C
21694;21;Villeferry;C
21695;21;La Villeneuve-les-Convers;C
21696;21;Villeneuve-sous-Charigny;C
21698;21;Villers-la-Faye;C
21699;21;Villers-les-Pots;C
21700;21;Villers-Patras;C
21701;21;Villers-Rotin;C
21702;21;Villey-sur-Tille;C
21703;21;Villiers-en-Morvan;C
21704;21;Villiers-le-Duc;C
21705;21;Villotte-Saint-Seine;C
21706;21;Villotte-sur-Ource;C
21707;21;Villy-en-Auxois;C
21708;21;Villy-le-Moutier;C
21709;21;Viserny;C
21710;21;Vitteaux;C
21711;21;Vix;C
21712;21;Volnay;C
21713;21;Vonges;C
21714;21;Vosne-Romanée;C
21715;21;Voudenay;C
21716;21;Vougeot;C
21717;21;Voulaines-les-Templiers;C
22001;22;Allineuc;C
22002;22;Andel;C
22003;22;Aucaleuc;C
22004;22;Bégard;C
22005;22;Belle-Isle-en-Terre;C
22006;22;Berhet;C
22008;22;Bobital;C
22009;22;Le Bodéo;C
22011;22;Boqueho;C
22012;22;La Bouillie;C
22013;22;Bourbriac;C
22014;22;Bourseul;C
22015;22;Bréhand;C
22016;22;Île-de-Bréhat;B1
22018;22;Brélidy;C
22019;22;Bringolo;C
22020;22;Broons;C
22021;22;Brusvily;C
22023;22;Bulat-Pestivien;C
22024;22;Calanhel;C
22025;22;Callac;C
22026;22;Calorguen;C
22028;22;Camlez;C
22029;22;Canihuel;C
22030;22;Caouënnec-Lanvézéac;C
22031;22;Carnoët;C
22032;22;Caulnes;C
22033;22;Caurel;C
22034;22;Cavan;C
22035;22;Les Champs-Géraux;C
22036;22;La Chapelle-Blanche;C
22037;22;La Chapelle-Neuve;C
22039;22;La Chèze;C
22040;22;Coadout;C
22041;22;Coatascorn;C
22042;22;Coatréven;C
22044;22;Coëtmieux;C
22045;22;Cohiniac;C
22046;22;Le Mené;C
22047;22;Corlay;C
22048;22;Corseul;C
22049;22;Créhen;C
22050;22;Dinan;B1
22052;22;Duault;C
22053;22;Éréac;C
22054;22;Erquy;B2
22055;22;Binic-Étables-sur-Mer;B1
22056;22;Évran;C
22057;22;Le Faouët;C
22059;22;Le Fœil;C
22060;22;Gausson;C
22061;22;Glomel;C
22062;22;Gomené;C
22063;22;Gommenec'h;C
22064;22;Gouarec;C
22065;22;Goudelin;C
22067;22;Grâces;C
22068;22;Grâce-Uzel;C
22069;22;Guenroc;C
22070;22;Guingamp;C
22071;22;Guitté;C
22072;22;Gurunhuel;C
22073;22;La Harmoye;C
22074;22;Le Haut-Corlay;C
22075;22;Hémonstoir;C
22076;22;Hénanbihen;C
22077;22;Hénansal;C
22079;22;Hénon;C
22081;22;Hillion;B2
22082;22;Le Hinglé;C
22083;22;Illifaut;C
22084;22;Jugon-les-Lacs;C
22085;22;Kerbors;C
22086;22;Kerfot;C
22087;22;Kergrist-Moëlou;C
22088;22;Kerien;C
22090;22;Kermaria-Sulard;B2
22091;22;Kermoroc'h;C
22092;22;Kerpert;C
22093;22;Lamballe-Armor;B1
22094;22;Lancieux;B1
22095;22;Landebaëron;C
22096;22;Landébia;C
22097;22;La Landec;C
22098;22;Landéhen;C
22099;22;Lanfains;C
22101;22;Langoat;C
22103;22;Langrolay-sur-Rance;C
22104;22;Languédias;C
22105;22;Languenan;C
22106;22;Langueux;B1
22107;22;Bon Repos sur Blavet;C
22108;22;Lanleff;C
22109;22;Lanloup;C
22110;22;Lanmérin;C
22111;22;Lanmodez;C
22112;22;Lannebert;C
22113;22;Lannion;B2
22114;22;Lanrelas;C
22115;22;Lanrivain;C
22116;22;Lanrodec;C
22117;22;Lantic;C
22118;22;Lanvallay;B1
22119;22;Lanvellec;C
22121;22;Lanvollon;C
22122;22;Laurenan;C
22124;22;Lescouët-Gouarec;C
22126;22;Le Leslay;C
22127;22;Lézardrieux;C
22128;22;Locarn;C
22129;22;Loc-Envel;C
22131;22;Loguivy-Plougras;C
22132;22;Lohuec;C
22133;22;Loscouët-sur-Meu;C
22134;22;Louannec;B2
22135;22;Louargat;C
22136;22;Loudéac;C
22137;22;Maël-Carhaix;C
22138;22;Maël-Pestivien;C
22139;22;Magoar;C
22140;22;La Malhoure;C
22141;22;Mantallot;C
22143;22;Matignon;C
22144;22;La Méaugon;B2
22145;22;Mégrit;C
22146;22;Mellionnec;C
22147;22;Merdrignac;C
22148;22;Mérillac;C
22149;22;Merléac;C
22150;22;Le Merzer;C
22152;22;Minihy-Tréguier;C
22153;22;Moncontour;C
22155;22;La Motte;C
22156;22;Moustéru;C
22157;22;Le Moustoir;C
22158;22;Guerlédan;C
22160;22;Noyal;C
22161;22;Pabu;C
22162;22;Paimpol;B1
22163;22;Paule;C
22164;22;Pédernec;C
22165;22;Penguily;C
22166;22;Penvénan;B2
22168;22;Perros-Guirec;B1
22169;22;Peumerit-Quintin;C
22170;22;Plaine-Haute;C
22171;22;Plaintel;C
22172;22;Plancoët;C
22174;22;Pléboulle;C
22175;22;Plédéliac;C
22176;22;Plédran;B2
22177;22;Pléguien;C
22178;22;Pléhédel;C
22179;22;Fréhel;C
22180;22;Plélan-le-Petit;C
22181;22;Plélauff;C
22182;22;Plélo;C
22183;22;Plémet;C
22184;22;Plémy;C
22185;22;Plénée-Jugon;C
22186;22;Pléneuf-Val-André;B1
22187;22;Plérin;B1
22188;22;Plerneuf;C
22189;22;Plésidy;C
22190;22;Pleslin-Trigavou;C
22193;22;Plestan;C
22194;22;Plestin-les-Grèves;B2
22195;22;Pleubian;C
22196;22;Pleudaniel;C
22197;22;Pleudihen-sur-Rance;C
22198;22;Pleumeur-Bodou;B2
22199;22;Pleumeur-Gautier;C
22201;22;Plévenon;C
22202;22;Plévin;C
22203;22;Plœuc-L'Hermitage;C
22204;22;Ploëzal;C
22205;22;Plorec-sur-Arguenon;C
22206;22;Châtelaudren-Plouagat;C
22207;22;Plouaret;C
22208;22;Plouasne;C
22209;22;Beaussais-sur-Mer;B2
22210;22;Ploubazlanec;C
22211;22;Ploubezre;B2
22212;22;Plouëc-du-Trieux;C
22213;22;Plouër-sur-Rance;B2
22214;22;Plouézec;C
22215;22;Ploufragan;B2
22216;22;Plougonver;C
22217;22;Plougras;C
22218;22;Plougrescant;C
22219;22;Plouguenast-Langast;C
22220;22;Plouguernével;C
22221;22;Plouguiel;C
22222;22;Plouha;C
22223;22;Plouisy;C
22224;22;Ploulec'h;B2
22225;22;Ploumagoar;C
22226;22;Ploumilliau;B2
22227;22;Plounérin;C
22228;22;Plounévez-Moëdec;C
22229;22;Plounévez-Quintin;C
22231;22;Plourac'h;C
22232;22;Plourhan;C
22233;22;Plourivo;C
22234;22;Plouvara;C
22235;22;Plouzélambre;B2
22236;22;Pludual;C
22237;22;Val-d’Arguenon;C
22238;22;Plufur;B2
22239;22;Plumaudan;C
22240;22;Plumaugat;C
22241;22;Plumieux;C
22242;22;Plurien;C
22243;22;Plusquellec;C
22244;22;Plussulien;C
22245;22;Pluzunet;C
22246;22;Pommeret;C
22248;22;Pommerit-le-Vicomte;C
22249;22;Pont-Melvez;C
22250;22;Pontrieux;C
22251;22;Pordic;B2
22254;22;Prat;C
22255;22;La Prénessaye;C
22256;22;Quemper-Guézennec;C
22257;22;Quemperven;C
22258;22;Quessoy;C
22259;22;Quévert;C
22260;22;Le Quillio;C
22261;22;Quintenic;C
22262;22;Quintin;C
22263;22;Le Quiou;C
22264;22;La Roche-Jaudy;C
22265;22;Rospez;B2
22266;22;Rostrenen;C
22267;22;Rouillac;C
22268;22;Ruca;C
22269;22;Runan;C
22271;22;Saint-Adrien;C
22272;22;Saint-Agathon;C
22273;22;Saint-Alban;C
22274;22;Saint-André-des-Eaux;C
22275;22;Saint-Barnabé;C
22276;22;Saint-Bihy;C
22277;22;Saint-Brandan;C
22278;22;Saint-Brieuc;B1
22279;22;Saint-Caradec;C
22280;22;Saint-Carné;C
22281;22;Saint-Carreuc;C
22282;22;Saint-Cast-le-Guildo;C
22283;22;Saint-Clet;C
22284;22;Saint-Connan;C
22285;22;Saint-Connec;C
22286;22;Saint-Denoual;C
22287;22;Saint-Donan;B2
22288;22;Saint-Étienne-du-Gué-de-l'Isle;C
22289;22;Saint-Fiacre;C
22291;22;Saint-Gildas;C
22293;22;Saint-Gilles-les-Bois;C
22294;22;Saint-Gilles-Pligeaux;C
22295;22;Saint-Gilles-Vieux-Marché;C
22296;22;Saint-Glen;C
22299;22;Saint-Hélen;C
22300;22;Saint-Hervé;C
22302;22;Saint-Jacut-de-la-Mer;C
22304;22;Saint-Jean-Kerdaniel;C
22305;22;Saint-Jouan-de-l'Isle;C
22306;22;Saint-Judoce;C
22307;22;Saint-Julien;B2
22308;22;Saint-Juvat;C
22310;22;Saint-Laurent;C
22311;22;Saint-Lormel;C
22312;22;Saint-Maden;C
22313;22;Saint-Martin-des-Prés;C
22314;22;Saint-Maudan;C
22315;22;Saint-Maudez;C
22316;22;Saint-Mayeux;C
22317;22;Saint-Méloir-des-Bois;C
22318;22;Saint-Michel-de-Plélan;C
22319;22;Saint-Michel-en-Grève;B2
22320;22;Saint-Nicodème;C
22321;22;Saint-Nicolas-du-Pélem;C
22322;22;Saint-Péver;C
22323;22;Saint-Pôtan;C
22324;22;Saint-Quay-Perros;B2
22325;22;Saint-Quay-Portrieux;B1
22326;22;Saint-Rieul;C
22327;22;Saint-Samson-sur-Rance;C
22328;22;Saint-Servais;C
22330;22;Saint-Thélo;C
22331;22;Sainte-Tréphine;C
22332;22;Saint-Trimoël;C
22333;22;Saint-Vran;C
22334;22;Saint-Igeaux;C
22335;22;Senven-Léhart;C
22337;22;Sévignac;C
22338;22;Squiffiec;C
22339;22;Taden;B2
22340;22;Tonquédec;C
22341;22;Tramain;C
22342;22;Trébédan;C
22343;22;Trébeurden;B2
22344;22;Trébrivan;C
22345;22;Trébry;C
22346;22;Trédaniel;C
22347;22;Trédarzec;C
22348;22;Trédias;C
22349;22;Trédrez-Locquémeau;B2
22350;22;Tréduder;B2
22351;22;Treffrin;C
22352;22;Tréfumel;C
22353;22;Trégastel;B2
22354;22;Tréglamus;C
22356;22;Trégomeur;C
22358;22;Trégonneau;C
22359;22;Trégrom;C
22360;22;Trégueux;B1
22361;22;Tréguidel;C
22362;22;Tréguier;C
22363;22;Trélévern;B2
22364;22;Trélivan;C
22365;22;Trémargat;C
22366;22;Trémel;B2
22368;22;Tréméreuc;C
22369;22;Trémeur;C
22370;22;Tréméven;C
22371;22;Trémorel;C
22372;22;Trémuson;B2
22373;22;Tréogan;C
22375;22;Tressignaux;C
22376;22;Trévé;C
22377;22;Tréveneuc;C
22378;22;Trévérec;C
22379;22;Trévou-Tréguignec;B2
22380;22;Trévron;C
22381;22;Trézény;C
22383;22;Troguéry;C
22384;22;Uzel;C
22385;22;La Vicomté-sur-Rance;C
22386;22;Le Vieux-Bourg;C
22387;22;Le Vieux-Marché;C
22388;22;Vildé-Guingalan;C
22389;22;Yffiniac;B2
22390;22;Yvias;C
22391;22;Yvignac-la-Tour;C
23001;23;Ahun;C
23002;23;Ajain;C
23003;23;Alleyrat;C
23004;23;Anzême;C
23005;23;Arfeuille-Châtain;C
23006;23;Arrènes;C
23007;23;Ars;C
23008;23;Aubusson;C
23009;23;Auge;C
23010;23;Augères;C
23011;23;Aulon;C
23012;23;Auriat;C
23013;23;Auzances;C
23014;23;Azat-Châtenet;C
23015;23;Azerables;C
23016;23;Banize;C
23017;23;Basville;C
23018;23;Bazelat;C
23019;23;Beissat;C
23020;23;Bellegarde-en-Marche;C
23021;23;Bénévent-l'Abbaye;C
23022;23;Bétête;C
23024;23;Blessac;C
23025;23;Bonnat;C
23026;23;Bord-Saint-Georges;C
23027;23;Bosmoreau-les-Mines;C
23028;23;Bosroger;C
23029;23;Le Bourg-d'Hem;C
23030;23;Bourganeuf;C
23031;23;Boussac;C
23032;23;Boussac-Bourg;C
23033;23;La Brionne;C
23034;23;Brousse;C
23035;23;Budelière;C
23036;23;Bussière-Dunoise;C
23037;23;Bussière-Nouvelle;C
23038;23;Bussière-Saint-Georges;C
23039;23;La Celle-Dunoise;C
23040;23;La Celle-sous-Gouzon;C
23041;23;La Cellette;C
23042;23;Ceyroux;C
23043;23;Chamberaud;C
23044;23;Chambon-Sainte-Croix;C
23045;23;Chambon-sur-Voueize;C
23046;23;Chambonchard;C
23047;23;Chamborand;C
23048;23;Champagnat;C
23049;23;Champsanglard;C
23050;23;La Chapelle-Baloue;C
23051;23;La Chapelle-Saint-Martial;C
23052;23;La Chapelle-Taillefert;C
23053;23;Chard;C
23054;23;Charron;C
23055;23;Châtelard;C
23056;23;Châtelus-le-Marcheix;C
23057;23;Châtelus-Malvaleix;C
23058;23;Le Chauchet;C
23059;23;La Chaussade;C
23060;23;Chavanat;C
23061;23;Chénérailles;C
23062;23;Chéniers;C
23063;23;Clairavaux;C
23064;23;Clugnat;C
23065;23;Colondannes;C
23066;23;Le Compas;C
23067;23;La Courtine;C
23068;23;Cressat;C
23069;23;Crocq;C
23070;23;Crozant;C
23071;23;Croze;C
23072;23;Domeyrot;C
23073;23;Dontreix;C
23074;23;Le Donzeil;C
23075;23;Dun-le-Palestel;C
23076;23;Évaux-les-Bains;C
23077;23;Faux-la-Montagne;C
23078;23;Faux-Mazuras;C
23079;23;Felletin;C
23080;23;Féniers;C
23081;23;Flayat;C
23082;23;Fleurat;C
23083;23;Fontanières;C
23084;23;La Forêt-du-Temple;C
23086;23;Fransèches;C
23087;23;Fresselines;C
23088;23;Gartempe;C
23089;23;Genouillac;C
23090;23;Gentioux-Pigerolles;C
23091;23;Gioux;C
23092;23;Glénic;C
23093;23;Gouzon;C
23095;23;Le Grand-Bourg;C
23096;23;Guéret;C
23097;23;Issoudun-Létrieix;C
23098;23;Jalesches;C
23099;23;Janaillat;C
23100;23;Jarnages;C
23101;23;Jouillat;C
23102;23;Ladapeyre;C
23103;23;Lafat;C
23104;23;Lavaufranche;C
23105;23;Lavaveix-les-Mines;C
23106;23;Lépaud;C
23107;23;Lépinas;C
23108;23;Leyrat;C
23109;23;Linard-Malval;C
23110;23;Lioux-les-Monges;C
23111;23;Lizières;C
23112;23;Lourdoueix-Saint-Pierre;C
23113;23;Lupersat;C
23114;23;Lussat;C
23115;23;Magnat-l'Étrange;C
23116;23;Mainsat;C
23117;23;Maison-Feyne;C
23118;23;Maisonnisses;C
23119;23;Malleret;C
23120;23;Malleret-Boussac;C
23122;23;Mansat-la-Courrière;C
23123;23;Les Mars;C
23124;23;Marsac;C
23125;23;Le Mas-d'Artige;C
23127;23;Mautes;C
23128;23;Mazeirat;C
23129;23;La Mazière-aux-Bons-Hommes;C
23130;23;Méasnes;C
23131;23;Mérinchal;C
23132;23;Montaigut-le-Blanc;C
23133;23;Montboucher;C
23134;23;Le Monteil-au-Vicomte;C
23136;23;Mortroux;C
23137;23;Mourioux-Vieilleville;C
23138;23;Moutier-d'Ahun;C
23139;23;Moutier-Malcard;C
23140;23;Moutier-Rozeille;C
23141;23;Naillat;C
23142;23;Néoux;C
23143;23;Noth;C
23144;23;La Nouaille;C
23145;23;Nouhant;C
23146;23;Nouzerines;C
23147;23;Nouzerolles;C
23148;23;Nouziers;C
23149;23;Parsac;C
23150;23;Peyrabout;C
23151;23;Peyrat-la-Nonière;C
23152;23;Pierrefitte;C
23154;23;Pionnat;C
23155;23;Pontarion;C
23156;23;Pontcharraud;C
23157;23;La Pouge;C
23158;23;Poussanges;C
23159;23;Puy-Malsignat;C
23160;23;Reterre;C
23162;23;Roches;C
23164;23;Rougnat;C
23165;23;Royère-de-Vassivière;C
23166;23;Sagnat;C
23167;23;Sannat;C
23168;23;Sardent;C
23169;23;La Saunière;C
23170;23;Savennes;C
23171;23;Sermur;C
23172;23;La Serre-Bussière-Vieille;C
23173;23;Soubrebost;C
23174;23;Soumans;C
23175;23;Sous-Parsat;C
23176;23;La Souterraine;C
23177;23;Saint-Agnant-de-Versillat;C
23178;23;Saint-Agnant-près-Crocq;C
23179;23;Saint-Alpinien;C
23180;23;Saint-Amand;C
23181;23;Saint-Amand-Jartoudeix;C
23182;23;Saint-Avit-de-Tardes;C
23183;23;Saint-Avit-le-Pauvre;C
23184;23;Saint-Bard;C
23185;23;Saint-Chabrais;C
23186;23;Saint-Christophe;C
23187;23;Saint-Dizier-la-Tour;C
23188;23;Saint-Dizier-les-Domaines;C
23189;23;Saint-Dizier-Masbaraud;C
23190;23;Saint-Domet;C
23191;23;Saint-Éloi;C
23192;23;Fursac;C
23193;23;Sainte-Feyre;C
23194;23;Sainte-Feyre-la-Montagne;C
23195;23;Saint-Fiel;C
23196;23;Saint-Frion;C
23197;23;Saint-Georges-la-Pouge;C
23198;23;Saint-Georges-Nigremont;C
23199;23;Saint-Germain-Beaupré;C
23200;23;Saint-Goussaud;C
23201;23;Saint-Hilaire-la-Plaine;C
23202;23;Saint-Hilaire-le-Château;C
23203;23;Saint-Julien-la-Genête;C
23204;23;Saint-Julien-le-Châtel;C
23205;23;Saint-Junien-la-Bregère;C
23206;23;Saint-Laurent;C
23207;23;Saint-Léger-Bridereix;C
23208;23;Saint-Léger-le-Guérétois;C
23209;23;Saint-Loup;C
23210;23;Saint-Maixant;C
23211;23;Saint-Marc-à-Frongier;C
23212;23;Saint-Marc-à-Loubaud;C
23213;23;Saint-Marien;C
23214;23;Saint-Martial-le-Mont;C
23215;23;Saint-Martial-le-Vieux;C
23216;23;Saint-Martin-Château;C
23217;23;Saint-Martin-Sainte-Catherine;C
23218;23;Saint-Maurice-près-Crocq;C
23219;23;Saint-Maurice-la-Souterraine;C
23220;23;Saint-Médard-la-Rochette;C
23221;23;Saint-Merd-la-Breuille;C
23222;23;Saint-Michel-de-Veisse;C
23223;23;Saint-Moreil;C
23224;23;Saint-Oradoux-de-Chirouze;C
23225;23;Saint-Oradoux-près-Crocq;C
23226;23;Saint-Pardoux-d'Arnet;C
23227;23;Saint-Pardoux-Morterolles;C
23228;23;Saint-Pardoux-le-Neuf;C
23229;23;Saint-Pardoux-les-Cards;C
23230;23;Saint-Pierre-Chérignat;C
23232;23;Saint-Pierre-Bellevue;C
23233;23;Saint-Pierre-le-Bost;C
23234;23;Saint-Priest;C
23235;23;Saint-Priest-la-Feuille;C
23236;23;Saint-Priest-la-Plaine;C
23237;23;Saint-Priest-Palus;C
23238;23;Saint-Quentin-la-Chabanne;C
23239;23;Saint-Sébastien;C
23240;23;Saint-Silvain-Bas-le-Roc;C
23241;23;Saint-Silvain-Bellegarde;C
23242;23;Saint-Silvain-Montaigut;C
23243;23;Saint-Silvain-sous-Toulx;C
23244;23;Saint-Sulpice-le-Dunois;C
23245;23;Saint-Sulpice-le-Guérétois;C
23246;23;Saint-Sulpice-les-Champs;C
23247;23;Saint-Vaury;C
23248;23;Saint-Victor-en-Marche;C
23249;23;Saint-Yrieix-la-Montagne;C
23250;23;Saint-Yrieix-les-Bois;C
23251;23;Tardes;C
23252;23;Tercillat;C
23253;23;Thauron;C
23254;23;Toulx-Sainte-Croix;C
23255;23;Trois-Fonds;C
23257;23;Vallière;C
23258;23;Vareilles;C
23259;23;Verneiges;C
23260;23;Vidaillat;C
23261;23;Viersat;C
23262;23;Vigeville;C
23263;23;Villard;C
23264;23;La Villedieu;C
23265;23;La Villeneuve;C
23266;23;La Villetelle;C
24001;24;Abjat-sur-Bandiat;C
24002;24;Agonac;C
24004;24;Ajat;C
24005;24;Alles-sur-Dordogne;C
24006;24;Allas-les-Mines;C
24007;24;Allemans;C
24008;24;Angoisse;C
24009;24;Anlhiac;C
24010;24;Annesse-et-Beaulieu;C
24011;24;Antonne-et-Trigonant;C
24012;24;Archignac;C
24014;24;Aubas;C
24015;24;Audrix;C
24016;24;Augignac;C
24018;24;Auriac-du-Périgord;C
24019;24;Azerat;C
24020;24;La Bachellerie;C
24021;24;Badefols-d'Ans;C
24022;24;Badefols-sur-Dordogne;C
24023;24;Baneuil;C
24024;24;Bardou;C
24025;24;Bars;C
24026;24;Bassillac et Auberoche;B2
24027;24;Bayac;C
24028;24;Beaumontois en Périgord;C
24029;24;Beaupouyet;C
24030;24;Beauregard-de-Terrasson;C
24031;24;Beauregard-et-Bassac;C
24032;24;Beauronne;C
24034;24;Beleymas;C
24035;24;Pays de Belvès;C
24036;24;Berbiguières;C
24037;24;Bergerac;B2
24038;24;Bertric-Burée;C
24039;24;Besse;C
24040;24;Beynac-et-Cazenac;C
24042;24;Biras;C
24043;24;Biron;C
24045;24;Boisse;C
24046;24;Boisseuilh;C
24048;24;Bonneville-et-Saint-Avit-de-Fumadières;C
24050;24;Borrèze;C
24051;24;Bosset;C
24052;24;Bouillac;C
24053;24;Boulazac Isle Manoire;B2
24054;24;Bouniagues;C
24055;24;Bourdeilles;C
24056;24;Le Bourdeix;C
24057;24;Bourg-des-Maisons;C
24058;24;Bourg-du-Bost;C
24059;24;Bourgnac;C
24060;24;Bourniquel;C
24061;24;Bourrou;C
24062;24;Bouteilles-Saint-Sébastien;C
24063;24;Bouzic;C
24064;24;Brantôme en Périgord;C
24066;24;Brouchaud;C
24067;24;Le Bugue;C
24068;24;Le Buisson-de-Cadouin;C
24069;24;Bussac;C
24070;24;Busserolles;C
24071;24;Bussière-Badil;C
24073;24;Calès;C
24074;24;Calviac-en-Périgord;C
24075;24;Campagnac-lès-Quercy;C
24076;24;Campagne;C
24077;24;Campsegret;C
24080;24;Capdrot;C
24081;24;Carlux;C
24082;24;Carsac-Aillac;C
24083;24;Carsac-de-Gurson;C
24084;24;Carves;C
24085;24;La Cassagne;C
24086;24;Castelnaud-la-Chapelle;C
24087;24;Castels et Bézenac;C
24088;24;Cause-de-Clérans;C
24090;24;Celles;C
24091;24;Cénac-et-Saint-Julien;C
24094;24;Chalagnac;C
24095;24;Chalais;C
24096;24;Champagnac-de-Belair;C
24097;24;Champagne-et-Fontaine;C
24098;24;Champcevinel;B2
24100;24;Champniers-et-Reilhac;C
24101;24;Champs-Romain;C
24102;24;Chancelade;B2
24104;24;Chantérac;C
24105;24;Chapdeuil;C
24106;24;La Chapelle-Aubareil;C
24107;24;La Chapelle-Faucher;C
24108;24;La Chapelle-Gonaguet;C
24109;24;La Chapelle-Grésignac;C
24110;24;La Chapelle-Montabourlet;C
24111;24;La Chapelle-Montmoreau;C
24113;24;La Chapelle-Saint-Jean;C
24114;24;Chassaignes;C
24115;24;Château-l'Évêque;C
24116;24;Châtres;C
24117;24;Les Coteaux Périgourdins;C
24119;24;Cherval;C
24120;24;Cherveix-Cubas;C
24121;24;Chourgnac;C
24122;24;Cladech;C
24123;24;Clermont-de-Beauregard;C
24124;24;Clermont-d'Excideuil;C
24126;24;Colombier;C
24128;24;Comberanche-et-Épeluche;C
24129;24;Condat-sur-Trincou;C
24130;24;Condat-sur-Vézère;C
24131;24;Connezac;C
24132;24;Conne-de-Labarde;C
24133;24;La Coquille;C
24134;24;Corgnac-sur-l'Isle;C
24135;24;Cornille;C
24136;24;Coubjours;C
24137;24;Coulaures;C
24138;24;Coulounieix-Chamiers;B2
24139;24;Coursac;C
24140;24;Cours-de-Pile;B2
24141;24;Coutures;C
24142;24;Coux et Bigaroque-Mouzens;C
24143;24;Couze-et-Saint-Front;C
24144;24;Creyssac;C
24145;24;Creysse;B2
24146;24;Creyssensac-et-Pissot;C
24147;24;Cubjac-Auvézère-Val d'Ans;C
24148;24;Cunèges;C
24150;24;Daglan;C
24151;24;Doissat;C
24152;24;Domme;C
24153;24;La Dornac;C
24154;24;Douchapt;C
24155;24;Douville;C
24156;24;La Douze;C
24157;24;Douzillac;C
24158;24;Dussac;C
24159;24;Échourgnac;C
24160;24;Église-Neuve-de-Vergt;C
24161;24;Église-Neuve-d'Issac;C
24162;24;Escoire;C
24163;24;Étouars;C
24164;24;Excideuil;C
24165;24;Eygurande-et-Gardedeuil;C
24167;24;Eymet;C
24168;24;Plaisance;C
24171;24;Eyzerac;C
24172;24;Les Eyzies;C
24174;24;Fanlac;C
24175;24;Les Farges;C
24176;24;Faurilles;C
24177;24;Faux-en-Périgord;C
24179;24;La Feuillade;B2
24180;24;Firbeix;C
24182;24;Le Fleix;C
24183;24;Fleurac;C
24184;24;Florimont-Gaumier;C
24186;24;Fonroque;C
24188;24;Fossemagne;C
24189;24;Fougueyrolles;C
24190;24;Fouleix;C
24191;24;Fraisse;C
24192;24;Gabillou;C
24193;24;Gageac-et-Rouillac;C
24194;24;Gardonne;B2
24195;24;Gaugeac;C
24196;24;Génis;C
24197;24;Ginestet;B2
24199;24;Gout-Rossignol;C
24200;24;Grand-Brassac;C
24202;24;Granges-d'Ans;C
24205;24;Grignols;C
24206;24;Grives;C
24207;24;Groléjac;C
24208;24;Grun-Bordas;C
24209;24;Hautefaye;C
24210;24;Hautefort;C
24211;24;Issac;C
24212;24;Issigeac;C
24213;24;Jaure;C
24214;24;Javerlhac-et-la-Chapelle-Saint-Robert;C
24215;24;Jayac;C
24216;24;La Jemaye-Ponteyraud;C
24217;24;Journiac;C
24218;24;Jumilhac-le-Grand;C
24220;24;Lacropte;C
24221;24;Rudeau-Ladosse;C
24222;24;La Force;B2
24223;24;Lalinde;C
24224;24;Lamonzie-Montastruc;C
24225;24;Lamonzie-Saint-Martin;B2
24226;24;Lamothe-Montravel;C
24227;24;Lanouaille;C
24228;24;Lanquais;C
24229;24;Le Lardin-Saint-Lazare;C
24230;24;Larzac;C
24231;24;Lavalade;C
24232;24;Lavaur;C
24234;24;Les Lèches;C
24236;24;Léguillac-de-l'Auche;C
24237;24;Lembras;B2
24238;24;Lempzours;C
24240;24;Limeuil;C
24241;24;Limeyrat;C
24242;24;Liorac-sur-Louyre;C
24243;24;Lisle;C
24244;24;Lolme;C
24245;24;Loubejac;C
24246;24;Lunas;C
24247;24;Lusignac;C
24248;24;Lussas-et-Nontronneau;C
24251;24;Manzac-sur-Vern;C
24252;24;Marcillac-Saint-Quentin;C
24253;24;Mareuil en Périgord;C
24254;24;Marnac;C
24255;24;Marquay;C
24256;24;Marsac-sur-l'Isle;B2
24257;24;Marsalès;C
24259;24;Eyraud-Crempse-Maurens;C
24260;24;Mauzac-et-Grand-Castang;C
24261;24;Mauzens-et-Miremont;C
24262;24;Mayac;C
24263;24;Mazeyrolles;C
24264;24;Ménesplet;C
24266;24;Mensignac;C
24267;24;Mescoules;C
24268;24;Meyrals;C
24269;24;Mialet;C
24271;24;Milhac-de-Nontron;C
24272;24;Minzac;C
24273;24;Molières;C
24274;24;Monbazillac;C
24276;24;Monestier;C
24277;24;Monfaucon;C
24278;24;Monmadalès;C
24279;24;Monmarvès;C
24280;24;Monpazier;C
24281;24;Monsac;C
24282;24;Monsaguel;C
24284;24;Montagnac-d'Auberoche;C
24285;24;Montagnac-la-Crempse;C
24286;24;Montagrier;C
24287;24;Montaut;C
24288;24;Montazeau;C
24289;24;Montcaret;C
24290;24;Montferrand-du-Périgord;C
24291;24;Montignac-Lascaux;C
24292;24;Montpeyroux;C
24293;24;Monplaisant;C
24294;24;Montpon-Ménestérol;C
24295;24;Montrem;C
24296;24;Mouleydier;B2
24297;24;Moulin-Neuf;C
24299;24;Mussidan;C
24300;24;Nabirat;C
24301;24;Nadaillac;C
24302;24;Nailhac;C
24303;24;Nanteuil-Auriac-de-Bourzac;C
24304;24;Nantheuil;C
24305;24;Nanthiat;C
24306;24;Nastringues;C
24307;24;Naussannes;C
24308;24;Négrondes;C
24309;24;Neuvic;C
24311;24;Nontron;C
24312;24;Sanilhac;B2
24313;24;Orliac;C
24316;24;Parcoul-Chenaud;C
24317;24;Paulin;C
24318;24;Paunat;C
24319;24;Paussac-et-Saint-Vivien;C
24320;24;Payzac;C
24321;24;Pazayac;B2
24322;24;Périgueux;B2
24323;24;Petit-Bersac;C
24324;24;Peyrignac;C
24325;24;Pechs-de-l'Espérance;C
24326;24;Peyzac-le-Moustier;C
24327;24;Pezuls;C
24328;24;Piégut-Pluviers;C
24329;24;Le Pizou;C
24330;24;Plazac;C
24331;24;Pomport;C
24334;24;Pontours;C
24335;24;Port-Sainte-Foy-et-Ponchapt;B2
24336;24;Prats-de-Carlux;C
24337;24;Prats-du-Périgord;C
24338;24;Pressignac-Vicq;C
24339;24;Preyssac-d'Excideuil;C
24340;24;Prigonrieux;B2
24341;24;Proissans;C
24345;24;Queyssac;C
24346;24;Quinsac;C
24347;24;Rampieux;C
24348;24;Razac-d'Eymet;C
24349;24;Razac-de-Saussignac;C
24350;24;Razac-sur-l'Isle;C
24351;24;Ribagnac;C
24352;24;Ribérac;C
24353;24;La Rochebeaucourt-et-Argentine;C
24354;24;La Roche-Chalais;C
24355;24;La Roque-Gageac;C
24356;24;Rouffignac-Saint-Cernin-de-Reilhac;C
24357;24;Rouffignac-de-Sigoulès;C
24359;24;Sadillac;C
24360;24;Sagelat;C
24361;24;Saint-Agne;C
24362;24;Val de Louyre et Caudeau;C
24364;24;Coly-Saint-Amand;C
24365;24;Saint-Amand-de-Vergt;C
24366;24;Saint-André-d'Allas;C
24367;24;Saint-André-de-Double;C
24370;24;Saint-Antoine-de-Breuilh;B2
24371;24;Saint-Aquilin;C
24372;24;Saint-Astier;C
24373;24;Saint-Aubin-de-Cadelech;C
24374;24;Saint-Aubin-de-Lanquais;C
24375;24;Saint-Aubin-de-Nabirat;C
24376;24;Saint Aulaye-Puymangou;C
24377;24;Saint-Avit-de-Vialard;C
24378;24;Saint-Avit-Rivière;C
24379;24;Saint-Avit-Sénieur;C
24380;24;Saint-Barthélemy-de-Bellegarde;C
24381;24;Saint-Barthélemy-de-Bussière;C
24382;24;Saint-Capraise-de-Lalinde;C
24383;24;Saint-Capraise-d'Eymet;C
24384;24;Saint-Cassien;C
24385;24;Saint-Cernin-de-Labarde;C
24386;24;Saint-Cernin-de-l'Herm;C
24388;24;Saint-Chamassy;C
24390;24;Saint-Crépin-d'Auberoche;C
24392;24;Saint-Crépin-et-Carlucet;C
24393;24;Sainte-Croix;C
24394;24;Sainte-Croix-de-Mareuil;C
24395;24;Saint-Cybranet;C
24396;24;Saint-Cyprien;C
24397;24;Saint-Cyr-les-Champagnes;C
24398;24;Saint-Estèphe;C
24399;24;Saint-Étienne-de-Puycorbier;C
24401;24;Sainte-Eulalie-d'Ans;C
24403;24;Saint-Félix-de-Bourdeilles;C
24404;24;Saint-Félix-de-Reillac-et-Mortemart;C
24405;24;Saint-Félix-de-Villadeix;C
24406;24;Sainte-Foy-de-Belvès;C
24407;24;Sainte-Foy-de-Longas;C
24408;24;Saint-Front-d'Alemps;C
24409;24;Saint-Front-de-Pradoux;C
24410;24;Saint-Front-la-Rivière;C
24411;24;Saint-Front-sur-Nizonne;C
24412;24;Saint-Geniès;C
24413;24;Saint-Georges-Blancaneix;C
24414;24;Saint-Georges-de-Montclard;C
24415;24;Saint-Géraud-de-Corps;C
24416;24;Saint-Germain-de-Belvès;C
24417;24;Saint-Germain-des-Prés;C
24418;24;Saint-Germain-du-Salembre;C
24419;24;Saint-Germain-et-Mons;B2
24420;24;Saint-Géry;C
24421;24;Saint-Geyrac;C
24422;24;Saint-Hilaire-d'Estissac;C
24423;24;Saint-Julien-Innocence-Eulalie;C
24424;24;Saint-Jean-d'Ataux;C
24425;24;Saint-Jean-de-Côle;C
24426;24;Saint-Jean-d'Estissac;C
24428;24;Saint-Jory-de-Chalais;C
24429;24;Saint-Jory-las-Bloux;C
24432;24;Saint-Julien-de-Lampon;C
24434;24;Saint-Just;C
24436;24;Saint-Laurent-des-Hommes;C
24437;24;Saint-Laurent-des-Vignes;B2
24438;24;Saint-Laurent-la-Vallée;C
24441;24;Saint-Léon-d'Issigeac;C
24442;24;Saint-Léon-sur-l'Isle;C
24443;24;Saint-Léon-sur-Vézère;C
24444;24;Saint-Louis-en-l'Isle;C
24445;24;Saint-Marcel-du-Périgord;C
24446;24;Saint-Marcory;C
24448;24;Saint-Martial-d'Albarède;C
24449;24;Saint-Martial-d'Artenset;C
24450;24;Saint-Martial-de-Nabirat;C
24451;24;Saint-Martial-de-Valette;C
24452;24;Saint-Martial-Viveyrol;C
24453;24;Saint-Martin-de-Fressengeas;C
24454;24;Saint-Martin-de-Gurson;C
24455;24;Saint-Martin-de-Ribérac;C
24456;24;Saint-Martin-des-Combes;C
24457;24;Saint-Martin-l'Astier;C
24458;24;Saint-Martin-le-Pin;C
24459;24;Saint-Mayme-de-Péreyrol;C
24460;24;Saint-Méard-de-Drône;C
24461;24;Saint-Méard-de-Gurçon;C
24462;24;Saint-Médard-de-Mussidan;C
24463;24;Saint-Médard-d'Excideuil;C
24464;24;Saint-Mesmin;C
24465;24;Saint-Michel-de-Double;C
24466;24;Saint-Michel-de-Montaigne;C
24468;24;Saint-Michel-de-Villadeix;C
24470;24;Sainte-Mondane;C
24471;24;Sainte-Nathalène;C
24472;24;Saint-Nexans;B2
24473;24;Sainte-Orse;C
24474;24;Saint-Pancrace;C
24476;24;Saint-Pantaly-d'Excideuil;C
24477;24;Saint-Pardoux-de-Drône;C
24478;24;Saint-Pardoux-et-Vielvic;C
24479;24;Saint-Pardoux-la-Rivière;C
24480;24;Saint-Paul-de-Serre;C
24481;24;Saint-Paul-la-Roche;C
24482;24;Saint-Paul-Lizonne;C
24483;24;Saint-Perdoux;C
24484;24;Saint-Pierre-de-Chignac;C
24485;24;Saint-Pierre-de-Côle;C
24486;24;Saint-Pierre-de-Frugie;C
24487;24;Saint-Pierre-d'Eyraud;B2
24488;24;Saint-Pompon;C
24489;24;Saint-Priest-les-Fougères;C
24490;24;Saint Privat en Périgord;C
24491;24;Saint-Rabier;C
24492;24;Sainte-Radegonde;C
24493;24;Saint-Raphaël;C
24494;24;Saint-Rémy;C
24495;24;Saint-Romain-de-Monpazier;C
24496;24;Saint-Romain-et-Saint-Clément;C
24498;24;Saint-Saud-Lacoussière;C
24499;24;Saint-Sauveur;B2
24500;24;Saint-Sauveur-Lalande;C
24501;24;Saint-Seurin-de-Prats;C
24502;24;Saint-Séverin-d'Estissac;C
24504;24;Saint-Sulpice-de-Roumagnac;C
24505;24;Saint-Sulpice-d'Excideuil;C
24507;24;Sainte-Trie;C
24508;24;Saint-Victor;C
24509;24;Saint-Vincent-de-Connezac;C
24510;24;Saint-Vincent-de-Cosse;C
24511;24;Saint-Vincent-Jalmoutiers;C
24512;24;Saint-Vincent-le-Paluel;C
24513;24;Saint-Vincent-sur-l'Isle;C
24514;24;Saint-Vivien;C
24515;24;Salagnac;C
24516;24;Salignac-Eyvigues;C
24517;24;Salles-de-Belvès;C
24518;24;Salon;C
24519;24;Sarlande;C
24520;24;Sarlat-la-Canéda;C
24521;24;Sarliac-sur-l'Isle;C
24522;24;Sarrazac;C
24523;24;Saussignac;C
24524;24;Savignac-de-Miremont;C
24525;24;Savignac-de-Nontron;C
24526;24;Savignac-Lédrier;C
24527;24;Savignac-les-Églises;C
24528;24;Sceau-Saint-Angel;C
24529;24;Segonzac;C
24531;24;Sergeac;C
24532;24;Serres-et-Montguyard;C
24533;24;Servanches;C
24534;24;Sigoulès-et-Flaugeac;C
24535;24;Simeyrols;C
24536;24;Singleyrac;C
24537;24;Siorac-de-Ribérac;C
24538;24;Siorac-en-Périgord;C
24540;24;Sorges et Ligueux en Périgord;C
24541;24;Soudat;C
24542;24;Soulaures;C
24543;24;Sourzac;C
24544;24;Tamniès;C
24545;24;Teillots;C
24546;24;Temple-Laguyon;C
24547;24;Terrasson-Lavilledieu;C
24548;24;Teyjat;C
24549;24;Thénac;C
24550;24;Thenon;C
24551;24;Thiviers;C
24552;24;Thonac;C
24553;24;Tocane-Saint-Apre;C
24554;24;La Tour-Blanche-Cercles;C
24555;24;Tourtoirac;C
24557;24;Trélissac;B2
24558;24;Trémolat;C
24559;24;Tursac;C
24560;24;Urval;C
24562;24;Vallereuil;C
24563;24;Valojoulx;C
24564;24;Vanxains;C
24565;24;Varaignes;C
24566;24;Varennes;C
24567;24;Vaunac;C
24568;24;Vélines;C
24569;24;Vendoire;C
24570;24;Verdon;C
24571;24;Vergt;C
24572;24;Vergt-de-Biron;C
24573;24;Verteillac;C
24574;24;Veyrignac;C
24575;24;Veyrines-de-Domme;C
24576;24;Veyrines-de-Vergt;C
24577;24;Vézac;C
24580;24;Villac;C
24581;24;Villamblard;C
24582;24;Villars;C
24584;24;Villefranche-de-Lonchat;C
24585;24;Villefranche-du-Périgord;C
24586;24;Villetoureix;C
24587;24;Vitrac;C
25001;25;Abbans-Dessous;C
25002;25;Abbans-Dessus;C
25003;25;Abbenans;C
25004;25;Abbévillers;C
25005;25;Accolans;C
25006;25;Adam-lès-Passavant;C
25007;25;Adam-lès-Vercel;C
25008;25;Aibre;C
25009;25;Aïssey;C
25011;25;Allenjoie;B2
25012;25;Les Alliés;C
25013;25;Allondans;C
25014;25;Amagney;B2
25015;25;Amancey;C
25016;25;Amathay-Vésigneux;C
25017;25;Amondans;C
25018;25;Anteuil;C
25019;25;Appenans;C
25020;25;Arbouans;B2
25021;25;Arc-et-Senans;C
25022;25;Arcey;C
25024;25;Arçon;C
25025;25;Arc-sous-Cicon;C
25026;25;Arc-sous-Montenot;C
25029;25;Aubonne;C
25030;25;Audeux;B2
25031;25;Audincourt;B2
25032;25;Autechaux;C
25033;25;Autechaux-Roide;C
25035;25;Les Auxons;B2
25036;25;Avanne-Aveney;B2
25038;25;Avilley;C
25039;25;Avoudrey;C
25040;25;Badevel;B2
25041;25;Bannans;C
25042;25;Le Barboux;C
25043;25;Bart;B2
25044;25;Bartherans;C
25045;25;Battenans-les-Mines;C
25046;25;Battenans-Varin;C
25047;25;Baume-les-Dames;C
25048;25;Bavans;B2
25049;25;Belfays;C
25050;25;Le Bélieu;C
25051;25;Belleherbe;C
25052;25;Belmont;C
25053;25;Belvoir;C
25054;25;Berche;C
25055;25;Berthelange;C
25056;25;Besançon;B1
25057;25;Bethoncourt;B2
25058;25;Beure;B2
25059;25;Beutal;C
25060;25;Val-d'Usiers;C
25061;25;Bief;C
25062;25;Le Bizot;C
25063;25;Blamont;C
25065;25;Blarians;C
25066;25;Blussangeaux;C
25067;25;Blussans;C
25070;25;Bolandoz;C
25071;25;Bondeval;C
25072;25;Bonnal;C
25073;25;Bonnay;C
25074;25;Bonnétage;C
25075;25;Bonnevaux;C
25077;25;La Bosse;C
25078;25;Bouclans;C
25079;25;Boujailles;C
25082;25;Bourguignon;B2
25083;25;Bournois;C
25084;25;Boussières;B2
25085;25;Bouverans;C
25086;25;Braillans;B2
25087;25;Branne;C
25088;25;Breconchaux;C
25089;25;Bremondans;C
25090;25;Brères;C
25091;25;Les Bréseux;C
25092;25;La Bretenière;C
25093;25;Bretigney;C
25094;25;Bretigney-Notre-Dame;C
25095;25;Bretonvillers;C
25096;25;Brey-et-Maison-du-Bois;C
25097;25;Brognard;B2
25098;25;Buffard;C
25099;25;Bugny;C
25100;25;Bulle;C
25101;25;Burgille;C
25102;25;Burnevillers;C
25103;25;Busy;B2
25104;25;By;C
25105;25;Byans-sur-Doubs;C
25106;25;Cademène;C
25107;25;Cendrey;C
25108;25;Cernay-l'Église;C
25109;25;Cessey;C
25110;25;Chaffois;C
25111;25;Chalèze;B2
25112;25;Chalezeule;B2
25113;25;Chamesey;C
25114;25;Chamesol;C
25115;25;Champagney;B2
25116;25;Champlive;C
25117;25;Champoux;B2
25119;25;Champvans-les-Moulins;B2
25120;25;Chantrans;C
25121;25;Chapelle-des-Bois;C
25122;25;Chapelle-d'Huin;C
25124;25;Charmauvillers;C
25125;25;Charmoille;C
25126;25;Charnay;C
25127;25;Charquemont;C
25129;25;Chassagne-Saint-Denis;C
25130;25;Châteauvieux-les-Fossés;C
25131;25;Châtelblanc;C
25132;25;Châtillon-Guyotte;C
25133;25;Châtillon-le-Duc;B2
25136;25;Chaucenne;B2
25138;25;Les Terres-de-Chaux;C
25139;25;La Chaux;C
25141;25;Chaux-lès-Passavant;C
25142;25;Chaux-Neuve;C
25143;25;Chay;C
25145;25;Chazot;C
25147;25;Chemaudin et Vaux;B2
25148;25;La Chenalotte;C
25149;25;Chenecey-Buillon;C
25150;25;Chevigney-sur-l'Ognon;C
25151;25;Chevigney-lès-Vercel;C
25152;25;La Chevillotte;B2
25153;25;Chevroz;C
25154;25;Chouzelot;C
25155;25;Cléron;C
25156;25;Pays-de-Clerval;C
25157;25;La Cluse-et-Mijoux;B1
25159;25;Colombier-Fontaine;C
25160;25;Les Combes;C
25161;25;Consolation-Maisonnettes;C
25162;25;Corcelles-Ferrières;C
25163;25;Corcelle-Mieslot;C
25164;25;Corcondray;C
25166;25;Côtebrune;C
25170;25;Courcelles-lès-Montbéliard;B2
25171;25;Courcelles;C
25172;25;Courchapon;C
25173;25;Cour-Saint-Maurice;C
25174;25;Courtefontaine;C
25175;25;Courtetain-et-Salans;C
25176;25;Courvières;C
25177;25;Crosey-le-Grand;C
25178;25;Crosey-le-Petit;C
25179;25;Le Crouzet;C
25180;25;Crouzet-Migette;C
25181;25;Cubrial;C
25182;25;Cubry;C
25183;25;Cusance;C
25184;25;Cuse-et-Adrisans;C
25185;25;Cussey-sur-Lison;C
25186;25;Cussey-sur-l'Ognon;C
25187;25;Dambelin;C
25188;25;Dambenois;B2
25189;25;Dammartin-les-Templiers;C
25190;25;Dampierre-les-Bois;B2
25191;25;Dampierre-sur-le-Doubs;C
25192;25;Dampjoux;C
25193;25;Damprichard;C
25194;25;Dannemarie;C
25195;25;Dannemarie-sur-Crète;B2
25196;25;Dasle;B2
25197;25;Deluz;B2
25198;25;Désandans;C
25199;25;Déservillers;C
25200;25;Devecey;B2
25201;25;Dommartin;B1
25202;25;Dompierre-les-Tilleuls;C
25203;25;Domprel;C
25204;25;Doubs;B1
25207;25;Dung;C
25208;25;Durnes;C
25209;25;Échay;C
25210;25;Échenans;C
25211;25;Échevannes;C
25212;25;École-Valentin;B2
25213;25;Les Écorces;C
25214;25;Écot;C
25215;25;L'Écouvotte;C
25216;25;Écurcey;C
25217;25;Émagny;C
25218;25;Épenouse;C
25219;25;Épenoy;C
25220;25;Épeugney;C
25221;25;Esnans;C
25222;25;Étalans;C
25223;25;Eternoz-Vallée-du-Lison;C
25224;25;Étouvans;C
25225;25;Étrabonne;C
25226;25;Étrappe;C
25227;25;Étray;C
25228;25;Étupes;B2
25229;25;Évillers;C
25230;25;Exincourt;B2
25231;25;Eysson;C
25232;25;Faimbe;C
25233;25;Fallerans;C
25234;25;Ferrières-le-Lac;C
25235;25;Ferrières-les-Bois;C
25236;25;Fertans;C
25237;25;Fesches-le-Châtel;B2
25238;25;Fessevillers;C
25239;25;Feule;C
25240;25;Les Fins;B1
25241;25;Flagey;C
25242;25;Flagey-Rigney;C
25243;25;Flangebouche;C
25244;25;Fleurey;C
25245;25;Fontain;B2
25246;25;Fontaine-lès-Clerval;C
25247;25;Fontenelle-Montby;C
25248;25;Les Fontenelles;C
25249;25;Fontenotte;C
25251;25;Fourbanne;C
25252;25;Fourcatier-et-Maison-Neuve;C
25253;25;Fourg;C
25254;25;Les Fourgs;B1
25255;25;Fournet-Blancheroche;C
25256;25;Frambouhans;C
25257;25;Franey;C
25258;25;Franois;B2
25259;25;Frasne;C
25261;25;Froidevaux;C
25262;25;Fuans;C
25263;25;Gellin;C
25264;25;Gémonval;C
25265;25;Geneuille;C
25266;25;Geney;C
25267;25;Gennes;B2
25268;25;Germéfontaine;C
25269;25;Germondans;C
25270;25;Gevresin;C
25271;25;Gilley;B1
25273;25;Glamondans;C
25274;25;Glay;C
25275;25;Glère;C
25276;25;Gondenans-Montby;C
25277;25;Gondenans-les-Moulins;C
25278;25;Gonsans;C
25279;25;Gouhelans;C
25280;25;Goumois;C
25281;25;Goux-lès-Dambelin;C
25283;25;Goux-sous-Landet;C
25284;25;Grand-Charmont;B2
25285;25;Grand'Combe-Châteleu;B1
25286;25;Grand'Combe-des-Bois;C
25287;25;Grandfontaine;B2
25288;25;Fournets-Luisans;C
25289;25;Grandfontaine-sur-Creuse;C
25290;25;La Grange;C
25293;25;Granges-Narboz;C
25295;25;Les Grangettes;C
25296;25;Les Gras;C
25298;25;Grosbois;C
25299;25;Guillon-les-Bains;C
25300;25;Guyans-Durnes;C
25301;25;Guyans-Vennes;C
25304;25;Hérimoncourt;B2
25305;25;L'Hôpital-du-Grosbois;C
25306;25;L'Hôpital-Saint-Lieffroy;C
25307;25;Les Hôpitaux-Neufs;B1
25308;25;Les Hôpitaux-Vieux;B1
25309;25;Houtaud;B1
25310;25;Huanne-Montmartin;C
25311;25;Hyémondans;C
25312;25;Hyèvre-Magny;C
25313;25;Hyèvre-Paroisse;C
25314;25;Indevillers;C
25315;25;L'Isle-sur-le-Doubs;C
25316;25;Issans;C
25317;25;Jallerange;C
25318;25;Jougne;B1
25320;25;Labergement-Sainte-Marie;B1
25321;25;Villers-le-Lac;B1
25322;25;Laire;C
25323;25;Laissey;C
25324;25;Lanans;C
25325;25;Landresse;C
25326;25;Lantenne-Vertière;C
25327;25;Lanthenans;C
25328;25;Larnod;B2
25329;25;Laval-le-Prieuré;C
25330;25;Lavans-Quingey;C
25331;25;Lavans-Vuillafans;C
25332;25;Lavernay;C
25333;25;Laviron;C
25334;25;Levier;C
25335;25;Liebvillers;C
25336;25;Liesle;C
25338;25;Lizine;C
25339;25;Lods;C
25340;25;Lombard;C
25341;25;Lomont-sur-Crête;C
25342;25;Longechaux;C
25343;25;Longemaison;C
25344;25;Longevelle-lès-Russey;C
25345;25;Longevelle-sur-Doubs;C
25346;25;Longeville;C
25348;25;Longevilles-Mont-d'Or;C
25349;25;Loray;C
25350;25;Lougres;C
25351;25;Le Luhier;C
25354;25;Luxiol;C
25355;25;Magny-Châtelard;C
25356;25;Maîche;C
25357;25;Maisons-du-Bois-Lièvremont;C
25359;25;Malans;C
25360;25;Malbrans;C
25361;25;Malbuisson;B1
25362;25;Malpas;C
25364;25;Mamirolle;B2
25365;25;Mancenans;C
25366;25;Mancenans-Lizerne;C
25367;25;Mandeure;B2
25368;25;Marchaux-Chaudefontaine;B2
25369;25;Marvelise;C
25370;25;Mathay;B2
25371;25;Mazerolles-le-Salin;B2
25372;25;Médière;C
25373;25;Le Mémont;C
25374;25;Mercey-le-Grand;C
25375;25;Les Monts-Ronds;C
25376;25;Mérey-Vieilley;C
25377;25;Mésandans;C
25378;25;Meslières;C
25379;25;Mesmay;C
25380;25;Métabief;B1
25381;25;Miserey-Salines;B2
25382;25;Moncey;C
25383;25;Moncley;C
25384;25;Mondon;C
25385;25;Montagney-Servigney;C
25386;25;Montancy;C
25387;25;Montandon;C
25388;25;Montbéliard;B2
25389;25;Montbéliardot;C
25390;25;Pays-de-Montbenoît;C
25391;25;Mont-de-Laval;C
25392;25;Mont-de-Vougney;C
25393;25;Montécheroux;C
25394;25;Montenois;C
25395;25;Montfaucon;B2
25397;25;Montferrand-le-Château;B2
25400;25;Montgesoye;C
25401;25;Montivernage;C
25402;25;Montjoie-le-Château;C
25403;25;Montlebon;B1
25404;25;Montmahoux;C
25405;25;Montperreux;B1
25406;25;Montrond-le-Château;C
25408;25;Montussaint;C
25410;25;Morre;B2
25411;25;Morteau;B1
25413;25;Mouthe;B1
25414;25;Le Moutherot;C
25415;25;Mouthier-Haute-Pierre;C
25416;25;Myon;C
25417;25;Naisey-les-Granges;C
25418;25;Nancray;B2
25419;25;Nans;C
25420;25;Nans-sous-Sainte-Anne;C
25421;25;Narbief;C
25422;25;Neuchâtel-Urtière;C
25424;25;Les Premiers Sapins;C
25425;25;Noël-Cerneux;C
25426;25;Noirefontaine;C
25427;25;Noironte;B2
25428;25;Nommay;B2
25429;25;Novillars;B2
25430;25;Ollans;C
25431;25;Onans;C
25432;25;Orchamps-Vennes;C
25433;25;Orgeans-Blanchefontaine;C
25434;25;Ornans;C
25435;25;Orsans;C
25436;25;Orve;C
25437;25;Osse;C
25438;25;Osselle-Routelle;B2
25439;25;Ougney-Douvot;C
25440;25;Ouhans;C
25441;25;Ouvans;C
25442;25;Oye-et-Pallet;C
25443;25;Palantine;C
25444;25;Palise;C
25445;25;Paroy;C
25446;25;Passavant;C
25447;25;Passonfontaine;C
25448;25;Pelousey;B2
25449;25;Péseux;C
25450;25;Pessans;C
25451;25;Petite-Chaux;C
25452;25;Pierrefontaine-lès-Blamont;C
25453;25;Pierrefontaine-les-Varans;C
25454;25;Pirey;B2
25455;25;Placey;C
25456;25;Plaimbois-du-Miroir;C
25457;25;Plaimbois-Vennes;C
25458;25;Les Plains-et-Grands-Essarts;C
25459;25;La Planée;C
25460;25;Le Val;C
25461;25;Pompierre-sur-Doubs;C
25462;25;Pontarlier;B1
25463;25;Pont-de-Roide-Vermondans;C
25464;25;Les Pontets;C
25465;25;Pont-les-Moulins;C
25466;25;Pouilley-Français;C
25467;25;Pouilley-les-Vignes;B2
25468;25;Pouligney-Lusans;C
25469;25;Présentevillers;C
25470;25;La Prétière;C
25471;25;Provenchère;C
25472;25;Puessans;C
25473;25;Pugey;B2
25474;25;Le Puy;C
25475;25;Quingey;C
25476;25;Rahon;C
25477;25;Rancenay;B2
25478;25;Randevillers;C
25479;25;Rang;C
25481;25;Raynans;C
25482;25;Recologne;C
25483;25;Reculfoz;C
25485;25;Rémondans-Vaivre;C
25486;25;Remoray-Boujeons;C
25487;25;Renédale;C
25488;25;Rennes-sur-Loue;C
25489;25;Reugney;C
25490;25;Rigney;C
25491;25;Rignosot;C
25492;25;Rillans;C
25493;25;La Rivière-Drugeon;C
25494;25;Rochejean;C
25495;25;Roche-lez-Beaupré;B2
25496;25;Roche-lès-Clerval;C
25497;25;Roches-lès-Blamont;C
25498;25;Rognon;C
25499;25;Romain;C
25500;25;Ronchaux;C
25501;25;Rondefontaine;C
25502;25;Roset-Fluans;C
25503;25;Rosières-sur-Barbèche;C
25504;25;Rosureux;C
25505;25;Rougemont;C
25506;25;Rougemontot;C
25507;25;Rouhe;C
25508;25;Roulans;C
25510;25;Ruffey-le-Château;C
25511;25;Rurey;C
25512;25;Le Russey;C
25513;25;Sainte-Anne;C
25514;25;Saint-Antoine;B1
25515;25;Sainte-Colombe;C
25516;25;Saint-Georges-Armont;C
25517;25;Saint-Gorgon-Main;C
25518;25;Saint-Hilaire;C
25519;25;Saint-Hippolyte;C
25520;25;Saint-Juan;C
25521;25;Saint-Julien-lès-Montbéliard;C
25522;25;Saint-Julien-lès-Russey;C
25523;25;Sainte-Marie;C
25524;25;Saint-Maurice-Colombier;C
25525;25;Saint-Point-Lac;C
25526;25;Sainte-Suzanne;B2
25527;25;Saint-Vit;C
25528;25;Samson;C
25529;25;Sancey;C
25532;25;Saône;B2
25534;25;Sarrageois;C
25535;25;Saules;C
25536;25;Sauvagney;C
25537;25;Scey-Maisières;C
25538;25;Séchin;C
25539;25;Seloncourt;B2
25540;25;Semondans;C
25541;25;Septfontaines;C
25542;25;Serre-les-Sapins;B2
25544;25;Servin;C
25545;25;Silley-Amancey;C
25546;25;Silley-Bléfond;C
25547;25;Sochaux;B2
25548;25;Solemont;C
25550;25;La Sommette;C
25551;25;Soulce-Cernay;C
25552;25;Sourans;C
25553;25;Soye;C
25554;25;Surmont;C
25555;25;Taillecourt;B2
25556;25;Tallans;C
25557;25;Tallenay;B2
25558;25;Tarcenay-Foucherans;C
25559;25;Thiébouhans;C
25560;25;Thise;B2
25561;25;Thoraise;B2
25562;25;Thulay;C
25563;25;Thurey-le-Mont;C
25564;25;Torpes;B2
25565;25;Touillon-et-Loutelet;B1
25566;25;La Tour-de-Sçay;C
25567;25;Tournans;C
25569;25;Trépot;C
25570;25;Tressandans;C
25571;25;Trévillers;C
25572;25;Trouvans;C
25573;25;Urtière;C
25574;25;Uzelle;C
25575;25;Vaire;B2
25578;25;Valdahon;B1
25579;25;Val-de-Roulans;C
25580;25;Valentigney;B2
25582;25;Valleroy;C
25583;25;Valonne;C
25584;25;Valoreille;C
25586;25;Vandoncourt;B2
25588;25;Vaucluse;C
25589;25;Vauclusotte;C
25590;25;Vaudrivillers;C
25591;25;Vaufrey;C
25592;25;Vaux-et-Chantegrue;C
25594;25;Velesmes-Essarts;C
25595;25;Vellerot-lès-Belvoir;C
25596;25;Vellerot-lès-Vercel;C
25597;25;Vellevans;C
25598;25;Venise;C
25599;25;Vennans;C
25600;25;Vennes;C
25601;25;Vercel-Villedieu-le-Camp;C
25602;25;Vergranne;C
25604;25;Verne;C
25605;25;Vernierfontaine;C
25607;25;Vernois-lès-Belvoir;C
25608;25;Le Vernoy;C
25609;25;Verrières-de-Joux;C
25611;25;La Vèze;B2
25612;25;Vieilley;C
25613;25;Viéthorey;C
25614;25;Vieux-Charmont;B2
25615;25;Villars-lès-Blamont;C
25616;25;Villars-Saint-Georges;C
25617;25;Villars-sous-Dampjoux;C
25618;25;Villars-sous-Écot;C
25619;25;Les Villedieu;C
25621;25;Villeneuve-d'Amont;C
25622;25;Villers-Buzon;C
25623;25;Villers-Chief;C
25624;25;Villers-Grélot;C
25625;25;Villers-la-Combe;C
25626;25;Villers-Saint-Martin;C
25627;25;Villers-sous-Chalamont;C
25629;25;Voillans;C
25630;25;Voires;C
25631;25;Vorges-les-Pins;B2
25632;25;Voujeaucourt;B2
25633;25;Vuillafans;C
25634;25;Vuillecin;C
25635;25;Vyt-lès-Belvoir;C
26001;26;Solaure en Diois;C
26002;26;Albon;C
26003;26;Aleyrac;C
26004;26;Alixan;C
26005;26;Allan;C
26006;26;Allex;C
26007;26;Ambonil;C
26008;26;Ancône;B2
26009;26;Andancette;C
26010;26;Anneyron;C
26011;26;Aouste-sur-Sye;C
26012;26;Arnayon;C
26013;26;Arpavon;C
26014;26;Arthémonay;C
26015;26;Aubenasson;C
26016;26;Aubres;C
26017;26;Aucelon;C
26018;26;Aulan;C
26019;26;Aurel;C
26020;26;La Répara-Auriples;C
26021;26;Autichamp;C
26022;26;Ballons;C
26023;26;Barbières;C
26024;26;Barcelonne;C
26025;26;Barnave;C
26026;26;Barret-de-Lioure;C
26027;26;Barsac;C
26028;26;Bathernay;C
26030;26;La Bâtie-des-Fonds;C
26031;26;La Bâtie-Rolland;C
26032;26;La Baume-Cornillane;C
26033;26;La Baume-de-Transit;C
26034;26;La Baume-d'Hostun;C
26035;26;Beaufort-sur-Gervanne;C
26036;26;Beaumont-en-Diois;C
26037;26;Beaumont-lès-Valence;B2
26038;26;Beaumont-Monteux;C
26039;26;Beauregard-Baret;C
26040;26;Beaurières;C
26041;26;Beausemblant;C
26042;26;Beauvallon;B2
26043;26;Beauvoisin;C
26045;26;La Bégude-de-Mazenc;C
26046;26;Bellecombe-Tarendol;C
26047;26;Bellegarde-en-Diois;C
26048;26;Bénivay-Ollon;C
26049;26;Bésayes;C
26050;26;Bésignan;C
26051;26;Bézaudun-sur-Bîne;C
26052;26;Bonlieu-sur-Roubion;C
26054;26;Bouchet;C
26055;26;Boulc;C
26056;26;Bourdeaux;C
26057;26;Bourg-de-Péage;B2
26058;26;Bourg-lès-Valence;B1
26059;26;Bouvante;C
26060;26;Bouvières;C
26061;26;Bren;C
26062;26;Brette;C
26063;26;Buis-les-Baronnies;C
26064;26;Chabeuil;B2
26065;26;Chabrillan;C
26066;26;Le Chaffal;C
26067;26;Chalancon;C
26068;26;Le Chalon;C
26069;26;Chamaloc;C
26070;26;Chamaret;C
26071;26;Chanos-Curson;C
26072;26;Chantemerle-les-Blés;C
26073;26;Chantemerle-lès-Grignan;C
26074;26;La Chapelle-en-Vercors;C
26075;26;La Charce;C
26076;26;Charens;C
26077;26;Charmes-sur-l'Herbasse;C
26078;26;Charols;C
26079;26;Charpey;C
26080;26;Chastel-Arnaud;C
26081;26;Châteaudouble;C
26082;26;Châteauneuf-de-Bordette;C
26083;26;Châteauneuf-de-Galaure;C
26084;26;Châteauneuf-sur-Isère;C
26085;26;Châteauneuf-du-Rhône;C
26086;26;Châtillon-en-Diois;C
26087;26;Châtillon-Saint-Jean;C
26088;26;Chatuzange-le-Goubet;B1
26089;26;Chaudebonne;C
26090;26;La Chaudière;C
26091;26;Chauvac-Laux-Montaux;C
26092;26;Chavannes;C
26093;26;Clansayes;C
26094;26;Claveyson;C
26095;26;Cléon-d'Andran;C
26096;26;Clérieux;C
26097;26;Cliousclat;C
26098;26;Cobonne;C
26099;26;Colonzelle;C
26100;26;Combovin;C
26101;26;Comps;C
26102;26;Condillac;C
26103;26;Condorcet;C
26104;26;Cornillac;C
26105;26;Cornillon-sur-l'Oule;C
26106;26;La Coucourde;C
26107;26;Crépol;C
26108;26;Crest;C
26110;26;Crozes-Hermitage;C
26111;26;Crupies;C
26112;26;Curnier;C
26113;26;Die;C
26114;26;Dieulefit;C
26115;26;Divajeu;C
26116;26;Donzère;C
26117;26;Échevis;C
26118;26;Épinouze;C
26119;26;Érôme;C
26121;26;Espeluche;C
26122;26;Espenel;C
26123;26;Establet;C
26124;26;Étoile-sur-Rhône;B2
26125;26;Eurre;C
26126;26;Eygalayes;C
26127;26;Eygaliers;C
26128;26;Eygluy-Escoulin;C
26129;26;Eymeux;C
26130;26;Eyroles;C
26131;26;Eyzahut;C
26133;26;Fay-le-Clos;C
26134;26;Félines-sur-Rimandoule;C
26135;26;Ferrassières;C
26136;26;Val-Maravel;C
26137;26;Francillon-sur-Roubion;C
26138;26;La Garde-Adhémar;C
26139;26;Génissieux;B2
26140;26;Geyssans;C
26141;26;Gigors-et-Lozeron;C
26142;26;Glandage;C
26143;26;Le Grand-Serre;C
26144;26;Grane;C
26145;26;Les Granges-Gontardes;C
26146;26;Grignan;C
26147;26;Gumiane;C
26148;26;Hauterives;C
26149;26;Hostun;C
26150;26;Izon-la-Bruisse;C
26152;26;Jonchères;C
26153;26;Laborel;C
26154;26;Lachau;C
26155;26;Lapeyrouse-Mornay;C
26156;26;Larnage;C
26157;26;La Laupie;C
26159;26;Laval-d'Aix;C
26160;26;Laveyron;C
26161;26;Lemps;C
26162;26;Lens-Lestang;C
26163;26;Léoncel;C
26164;26;Lesches-en-Diois;C
26165;26;Livron-sur-Drôme;C
26166;26;Loriol-sur-Drôme;C
26167;26;Luc-en-Diois;C
26168;26;Lus-la-Croix-Haute;C
26169;26;Malataverne;C
26170;26;Malissard;B2
26171;26;Manas;C
26172;26;Manthes;C
26173;26;Marches;C
26174;26;Margès;C
26175;26;Marignac-en-Diois;C
26176;26;Marsanne;C
26177;26;Marsaz;C
26178;26;Menglon;C
26179;26;Mercurol-Veaunes;C
26180;26;Mérindol-les-Oliviers;C
26181;26;Mévouillon;C
26182;26;Mirabel-aux-Baronnies;C
26183;26;Mirabel-et-Blacons;C
26185;26;Mirmande;C
26186;26;Miscon;C
26188;26;Mollans-sur-Ouvèze;C
26189;26;Montauban-sur-l'Ouvèze;C
26190;26;Montaulieu;C
26191;26;Montboucher-sur-Jabron;B2
26192;26;Montbrison-sur-Lez;C
26193;26;Montbrun-les-Bains;C
26194;26;Montchenu;C
26195;26;Montclar-sur-Gervanne;C
26196;26;Montéléger;B2
26197;26;Montélier;B2
26198;26;Montélimar;B1
26199;26;Montferrand-la-Fare;C
26200;26;Montfroc;C
26201;26;Montguers;C
26202;26;Montjoux;C
26203;26;Montjoyer;C
26204;26;Montlaur-en-Diois;C
26205;26;Montmaur-en-Diois;C
26206;26;Montmeyran;B2
26207;26;Montmiral;C
26208;26;Montoison;C
26209;26;Montréal-les-Sources;C
26210;26;Valherbasse;C
26211;26;Montségur-sur-Lauzon;C
26212;26;Montvendre;C
26213;26;Moras-en-Valloire;C
26214;26;Mornans;C
26215;26;La Motte-Chalancon;C
26216;26;Saint-Jean-de-Galaure;C
26217;26;La Motte-Fanjas;C
26218;26;Mours-Saint-Eusèbe;B2
26220;26;Nyons;C
26221;26;Omblèze;C
26222;26;Orcinas;C
26223;26;Oriol-en-Royans;C
26224;26;Ourches;C
26225;26;Parnans;C
26226;26;Le Pègue;C
26227;26;Pelonne;C
26228;26;Pennes-le-Sec;C
26229;26;La Penne-sur-l'Ouvèze;C
26231;26;Peyrins;B2
26232;26;Peyrus;C
26233;26;Piégon;C
26234;26;Piégros-la-Clastre;C
26235;26;Pierrelatte;C
26236;26;Pierrelongue;C
26238;26;Les Pilles;C
26239;26;Plaisians;C
26240;26;Plan-de-Baix;C
26241;26;Le Poët-Célard;C
26242;26;Le Poët-en-Percip;C
26243;26;Le Poët-Laval;C
26244;26;Le Poët-Sigillat;C
26245;26;Pommerol;C
26246;26;Ponet-et-Saint-Auban;C
26247;26;Ponsas;C
26248;26;Pontaix;C
26249;26;Pont-de-Barret;C
26250;26;Pont-de-l'Isère;C
26251;26;Portes-en-Valdaine;C
26252;26;Portes-lès-Valence;B1
26253;26;Poyols;C
26254;26;Pradelle;C
26255;26;Les Prés;C
26256;26;Propiac;C
26257;26;Puygiron;C
26258;26;Puy-Saint-Martin;C
26259;26;Ratières;C
26261;26;Réauville;C
26262;26;Recoubeau-Jansac;C
26263;26;Reilhanette;C
26264;26;Rémuzat;C
26266;26;Rimon-et-Savel;C
26267;26;Rioms;C
26268;26;Rochebaudin;C
26269;26;Rochebrune;C
26270;26;Rochechinard;C
26271;26;La Roche-de-Glun;C
26272;26;Rochefort-en-Valdaine;C
26273;26;Rochefort-Samson;C
26274;26;Rochefourchat;C
26275;26;Rochegude;C
26276;26;Roche-Saint-Secret-Béconne;C
26277;26;La Roche-sur-Grane;C
26278;26;La Roche-sur-le-Buis;C
26279;26;La Rochette-du-Buis;C
26281;26;Romans-sur-Isère;B2
26282;26;Romeyer;C
26283;26;Rottier;C
26284;26;Roussas;C
26285;26;Rousset-les-Vignes;C
26286;26;Roussieux;C
26287;26;Roynac;C
26288;26;Sahune;C
26289;26;Saillans;C
26290;26;Saint-Agnan-en-Vercors;C
26291;26;Saint-Andéol;C
26292;26;Saint-Auban-sur-l'Ouvèze;C
26293;26;Saint-Avit;C
26294;26;Saint-Bardoux;C
26295;26;Saint-Barthélemy-de-Vals;C
26296;26;Saint-Benoit-en-Diois;C
26298;26;Saint-Christophe-et-le-Laris;C
26299;26;Sainte-Croix;C
26300;26;Saint-Dizier-en-Diois;C
26301;26;Saint-Donat-sur-l'Herbasse;C
26302;26;Sainte-Eulalie-en-Royans;C
26303;26;Sainte-Euphémie-sur-Ouvèze;C
26304;26;Saint-Ferréol-Trente-Pas;C
26305;26;Saint-Gervais-sur-Roubion;C
26306;26;Sainte-Jalle;C
26307;26;Saint-Jean-en-Royans;C
26308;26;Saint-Julien-en-Quint;C
26309;26;Saint-Julien-en-Vercors;C
26310;26;Saint-Laurent-d'Onay;C
26311;26;Saint-Laurent-en-Royans;C
26312;26;Saint-Marcel-lès-Sauzet;C
26313;26;Saint-Marcel-lès-Valence;B1
26314;26;Saint-Martin-d'Août;C
26315;26;Saint-Martin-en-Vercors;C
26316;26;Saint-Martin-le-Colonel;C
26317;26;Saint-Maurice-sur-Eygues;C
26318;26;Saint-May;C
26319;26;Saint-Michel-sur-Savasse;C
26320;26;Saint-Nazaire-en-Royans;C
26321;26;Saint-Nazaire-le-Désert;C
26322;26;Saint-Pantaléon-les-Vignes;C
26323;26;Saint-Paul-lès-Romans;C
26324;26;Saint-Paul-Trois-Châteaux;C
26325;26;Saint-Rambert-d'Albon;C
26326;26;Saint-Restitut;C
26327;26;Saint-Roman;C
26328;26;Saint-Sauveur-en-Diois;C
26329;26;Saint-Sauveur-Gouvernet;C
26330;26;Saint-Sorlin-en-Valloire;C
26331;26;Saint-Thomas-en-Royans;C
26332;26;Saint-Uze;C
26333;26;Saint-Vallier;C
26334;26;Salettes;C
26335;26;Salles-sous-Bois;C
26336;26;Saou;C
26337;26;Saulce-sur-Rhône;C
26338;26;Sauzet;C
26339;26;Savasse;C
26340;26;Séderon;C
26341;26;Serves-sur-Rhône;C
26342;26;Solérieux;C
26343;26;Souspierre;C
26344;26;Soyans;C
26345;26;Suze-la-Rousse;C
26346;26;Suze;C
26347;26;Tain-l'Hermitage;B2
26348;26;Taulignan;C
26349;26;Tersanne;C
26350;26;Teyssières;C
26351;26;Les Tonils;C
26352;26;La Touche;C
26353;26;Les Tourrettes;C
26355;26;Triors;C
26356;26;Truinas;C
26357;26;Tulette;C
26358;26;Upie;C
26359;26;Vachères-en-Quint;C
26360;26;Valaurie;C
26361;26;Valdrôme;C
26362;26;Valence;B1
26363;26;Valouse;C
26364;26;Vassieux-en-Vercors;C
26365;26;Vaunaveys-la-Rochette;C
26367;26;Venterol;C
26368;26;Vercheny;C
26369;26;Verclause;C
26370;26;Vercoiran;C
26372;26;Vers-sur-Méouge;C
26373;26;Vesc;C
26374;26;Villebois-les-Pins;C
26375;26;Villefranche-le-Château;C
26376;26;Villeperdrix;C
26377;26;Vinsobres;C
26378;26;Volvent;C
26379;26;Granges-les-Beaumont;C
26380;26;Gervans;C
26381;26;Jaillans;C
26382;26;Saint-Vincent-la-Commanderie;C
27001;27;Aclou;C
27002;27;Acon;C
27003;27;Acquigny;B2
27004;27;Aigleville;B2
27005;27;Ailly;C
27006;27;Aizier;C
27008;27;Alizay;B1
27009;27;Ambenay;C
27010;27;Amécourt;B2
27011;27;Amfreville-Saint-Amand;C
27012;27;Amfreville-les-Champs;C
27013;27;Amfreville-sous-les-Monts;C
27014;27;Amfreville-sur-Iton;B2
27015;27;Andé;C
27016;27;Les Andelys;C
27017;27;Angerville-la-Campagne;B2
27018;27;Appeville-Annebault;C
27019;27;Armentières-sur-Avre;C
27020;27;Arnières-sur-Iton;B2
27021;27;Asnières;C
27022;27;Le Val d'Hazey;B1
27023;27;Aulnay-sur-Iton;C
27025;27;Autheuil-Authouillet;C
27026;27;Authevernes;B2
27027;27;Les Authieux;C
27028;27;Authou;C
27031;27;Aviron;B2
27032;27;Chambois;C
27033;27;Bacquepuis;C
27034;27;Bacqueville;C
27035;27;Bailleul-la-Vallée;C
27036;27;Bâlines;C
27037;27;Barc;C
27038;27;Les Barils;C
27039;27;Barneville-sur-Seine;C
27040;27;Barquet;C
27042;27;Barville;C
27043;27;Les Baux-de-Breteuil;C
27044;27;Les Baux-Sainte-Croix;B2
27045;27;Bazincourt-sur-Epte;B2
27046;27;Bazoques;C
27047;27;Beaubray;C
27048;27;Beauficel-en-Lyons;C
27049;27;Mesnil-en-Ouche;C
27050;27;Beaumontel;C
27051;27;Beaumont-le-Roger;C
27052;27;Le Bec-Hellouin;C
27053;27;Le Bec-Thomas;C
27054;27;Bémécourt;C
27055;27;Bérengeville-la-Campagne;C
27056;27;Bernay;C
27057;27;Bernienville;C
27059;27;Bernouville;B2
27061;27;Berthouville;C
27062;27;Les Monts du Roumois;C
27063;27;Berville-la-Campagne;C
27064;27;Berville-sur-Mer;C
27065;27;Beuzeville;B2
27066;27;Bézu-la-Forêt;B2
27067;27;Bézu-Saint-Éloi;B2
27068;27;Bois-Anzeray;C
27069;27;Bois-Arnault;C
27070;27;Frenelles-en-Vexin;C
27071;27;Le Bois-Hellain;C
27072;27;Bois-Jérôme-Saint-Ouen;C
27073;27;Bois-le-Roi;B2
27074;27;Boisney;C
27075;27;Bois-Normand-près-Lyre;C
27076;27;Boisset-les-Prévanches;C
27077;27;Boissey-le-Châtel;C
27078;27;La Boissière;B2
27079;27;Boissy-Lamberville;C
27081;27;Boncourt;B2
27082;27;La Bonneville-sur-Iton;C
27083;27;Bonneville-Aptot;C
27085;27;Flancourt-Crescy-en-Roumois;C
27089;27;Thénouville;C
27090;27;Bosroumois;B1
27091;27;Bosgouet;C
27094;27;Bosquentin;C
27095;27;Bosrobert;C
27096;27;Les Bottereaux;C
27097;27;Bouafles;C
27098;27;Bouchevilliers;C
27099;27;Le Boulay-Morin;B2
27100;27;Boulleville;B2
27101;27;Bouquelon;C
27102;27;Bouquetot;C
27103;27;Bourg-Achard;C
27104;27;Bourg-Beaudouin;C
27105;27;Grand Bourgtheroulde;B1
27106;27;Bournainville-Faverolles;C
27107;27;Bourneville-Sainte-Croix;C
27108;27;Bourth;C
27109;27;Bray;C
27110;27;Brestot;C
27111;27;Bretagnolles;B2
27112;27;Breteuil;C
27113;27;Brétigny;C
27114;27;Breuilpont;B2
27115;27;Breux-sur-Avre;C
27116;27;Brionne;C
27117;27;Broglie;C
27118;27;Brosville;C
27119;27;Bueil;B2
27120;27;Burey;C
27123;27;Caillouet-Orgeville;C
27124;27;Cailly-sur-Eure;C
27125;27;Calleville;C
27126;27;Campigny;C
27127;27;Canappeville;C
27129;27;Caorches-Saint-Nicolas;C
27130;27;Capelle-les-Grands;C
27132;27;Caugé;B2
27133;27;Caumont;C
27134;27;Cauverville-en-Roumois;C
27135;27;Cesseville;C
27136;27;Chaignes;B2
27137;27;Chaise-Dieu-du-Theil;C
27138;27;Chamblac;C
27139;27;Chambord;C
27140;27;Chambray;C
27141;27;Champ-Dolent;C
27142;27;Champenard;C
27144;27;Champigny-la-Futelaye;C
27146;27;La Chapelle-Bayvel;C
27147;27;La Chapelle-du-Bois-des-Faulx;B2
27148;27;La Chapelle-Gauthier;C
27149;27;La Chapelle-Hareng;C
27151;27;Charleval;C
27152;27;Château-sur-Epte;B2
27153;27;Chauvincourt-Provemont;B2
27154;27;Chavigny-Bailleul;C
27155;27;Chennebrun;C
27156;27;Chéronvilliers;C
27157;27;Marbois;C
27158;27;Cierrey;B2
27161;27;Claville;C
27162;27;Collandres-Quincarnon;C
27163;27;Colletot;C
27164;27;Combon;C
27165;27;Conches-en-Ouche;C
27167;27;Condé-sur-Risle;C
27168;27;Connelles;C
27169;27;Conteville;C
27170;27;Cormeilles;C
27171;27;Le Cormier;C
27173;27;Corneville-la-Fouquetière;C
27174;27;Corneville-sur-Risle;B2
27176;27;Coudray;B2
27177;27;Coudres;C
27179;27;Courbépine;C
27180;27;Courcelles-sur-Seine;B2
27181;27;Courdemanche;C
27182;27;Courteilles;C
27183;27;La Couture-Boussey;B2
27184;27;Crasville;C
27185;27;Crestot;C
27187;27;Criquebeuf-la-Campagne;C
27188;27;Criquebeuf-sur-Seine;B2
27189;27;La Croisille;C
27190;27;Croisy-sur-Eure;C
27191;27;Clef Vallée d'Eure;C
27192;27;Crosville-la-Vieille;C
27193;27;Croth;B2
27194;27;Cuverville;C
27196;27;Les Damps;B2
27198;27;Mesnils-sur-Iton;C
27199;27;Dangu;B2
27200;27;Dardez;B2
27201;27;Daubeuf-la-Campagne;C
27202;27;Daubeuf-près-Vatteville;C
27203;27;Douains;C
27204;27;Doudeauville-en-Vexin;B2
27205;27;Douville-sur-Andelle;C
27206;27;Droisy;C
27207;27;Drucourt;C
27208;27;Duranville;C
27209;27;Écaquelon;C
27210;27;Écardenville-la-Campagne;C
27212;27;Écauville;C
27213;27;Vexin-sur-Epte;B2
27214;27;Écouis;C
27215;27;Ecquetot;C
27216;27;Émalleville;B2
27217;27;Émanville;C
27218;27;Épaignes;C
27219;27;Épégard;C
27220;27;Épieds;B2
27222;27;Épreville-en-Lieuvin;C
27224;27;Épreville-près-le-Neubourg;C
27226;27;Étrépagny;B2
27227;27;Étréville;C
27228;27;Éturqueraye;C
27229;27;Évreux;B1
27230;27;Ézy-sur-Eure;B2
27231;27;Fains;C
27232;27;Farceaux;B2
27233;27;Fatouville-Grestain;B2
27234;27;Fauville;B2
27235;27;Faverolles-la-Campagne;C
27237;27;Le Favril;C
27238;27;Ferrières-Haut-Clocher;C
27239;27;Ferrières-Saint-Hilaire;C
27240;27;La Ferrière-sur-Risle;C
27241;27;Feuguerolles;C
27242;27;Le Fidelaire;C
27243;27;Fiquefleur-Équainville;B2
27245;27;Fleury-la-Forêt;C
27246;27;Fleury-sur-Andelle;C
27247;27;Flipou;C
27248;27;Folleville;C
27249;27;Fontaine-Bellenger;C
27251;27;Fontaine-l'Abbé;C
27252;27;Fontaine-la-Louvet;C
27254;27;Fontaine-sous-Jouy;C
27256;27;La Forêt-du-Parc;C
27258;27;Fort-Moville;C
27259;27;Foucrainville;C
27260;27;Foulbec;C
27261;27;Fouqueville;C
27263;27;Le Perrey;C
27266;27;Franqueville;C
27267;27;Freneuse-sur-Risle;C
27269;27;Fresne-Cauverville;C
27271;27;Fresney;C
27273;27;Gadencourt;B2
27275;27;Gaillon;B1
27276;27;Gamaches-en-Vexin;B2
27277;27;La Baronnie;C
27278;27;Garennes-sur-Eure;B2
27279;27;Gasny;C
27280;27;Gauciel;B2
27281;27;Gaudreville-la-Rivière;C
27282;27;Gauville-la-Campagne;B2
27284;27;Gisors;B1
27285;27;Giverny;C
27286;27;Giverville;C
27287;27;Glisolles;C
27288;27;Glos-sur-Risle;C
27289;27;La Goulafrière;C
27290;27;Goupil-Othon;C
27291;27;Gournay-le-Guérin;C
27294;27;Val d'Orger;C
27295;27;Grand-Camp;C
27298;27;Graveron-Sémerville;C
27299;27;Gravigny;B2
27300;27;Grosley-sur-Risle;C
27301;27;Grossœuvre;C
27302;27;Le Bosc du Theil;C
27304;27;Guerny;B2
27306;27;Guichainville;B2
27307;27;Guiseniers;C
27309;27;L'Habit;B2
27310;27;Hacqueville;B2
27311;27;Harcourt;C
27312;27;Hardencourt-Cocherel;C
27313;27;La Harengère;C
27315;27;Harquency;C
27316;27;Hauville;C
27317;27;La Haye-Aubrée;C
27318;27;La Haye-de-Calleville;C
27319;27;La Haye-de-Routot;C
27320;27;La Haye-du-Theil;C
27321;27;La Haye-le-Comte;B2
27322;27;La Haye-Malherbe;C
27323;27;La Haye-Saint-Sylvestre;C
27324;27;Hébécourt;B2
27325;27;Hecmanville;C
27326;27;Hécourt;B2
27327;27;Hectomare;C
27329;27;Hennezis;C
27330;27;Herqueville;C
27331;27;Heubécourt-Haricourt;C
27332;27;Heudebouville;C
27333;27;Heudicourt;B2
27334;27;Heudreville-en-Lieuvin;C
27335;27;Heudreville-sur-Eure;C
27336;27;La Heunière;C
27337;27;Heuqueville;C
27338;27;Les Hogues;C
27339;27;Hondouville;C
27340;27;Honguemare-Guenouville;C
27341;27;L'Hosmes;C
27342;27;Houetteville;C
27343;27;Houlbec-Cocherel;C
27345;27;La Houssaye;C
27346;27;Houville-en-Vexin;C
27347;27;Huest;B2
27348;27;Igoville;B1
27349;27;Illeville-sur-Montfort;C
27350;27;Illiers-l'Évêque;C
27351;27;Incarville;B2
27353;27;Irreville;B2
27354;27;Iville;C
27355;27;Ivry-la-Bataille;B2
27358;27;Jouy-sur-Eure;C
27359;27;Juignettes;C
27360;27;Jumelles;C
27361;27;La Lande-Saint-Léger;C
27363;27;Le Landin;C
27364;27;Launay;C
27365;27;Léry;B2
27366;27;Letteguives;C
27367;27;Lieurey;C
27368;27;Lignerolles;B2
27369;27;Lilly;C
27370;27;Lisors;C
27371;27;Livet-sur-Authou;C
27372;27;Longchamps;B2
27373;27;Lorleau;C
27374;27;Louversey;C
27375;27;Louviers;B1
27376;27;Louye;C
27377;27;Lyons-la-Forêt;C
27378;27;La Madeleine-de-Nonancourt;C
27379;27;Mainneville;B2
27380;27;Malleville-sur-le-Bec;C
27381;27;Malouy;C
27382;27;Mandeville;C
27383;27;Mandres;C
27384;27;Manneville-la-Raoult;B2
27385;27;Manneville-sur-Risle;B2
27386;27;Le Manoir;B2
27388;27;Marais-Vernier;C
27389;27;Marbeuf;C
27390;27;Marcilly-la-Campagne;C
27391;27;Marcilly-sur-Eure;B2
27392;27;Martagny;B2
27393;27;Martainville;C
27394;27;Martot;B1
27395;27;Mélicourt;C
27396;27;Ménesqueville;C
27397;27;Ménilles;C
27398;27;Menneval;C
27399;27;Mercey;C
27400;27;Merey;B2
27401;27;Le Mesnil-Fuguet;B2
27403;27;Le Mesnil-Jourdain;C
27404;27;Mesnil-Rousset;C
27405;27;Mesnil-sous-Vienne;B2
27406;27;Mesnil-sur-l'Estrée;C
27407;27;Mesnil-Verclives;C
27408;27;Mézières-en-Vexin;C
27410;27;Miserey;B2
27411;27;Moisville;C
27412;27;Terres de Bord;C
27413;27;Montfort-sur-Risle;C
27414;27;Montreuil-l'Argillé;C
27415;27;Morainville-Jouveaux;C
27417;27;Morgny;C
27418;27;Morsan;C
27419;27;Mouettes;B2
27420;27;Mouflaines;B2
27421;27;Mousseaux-Neuville;B2
27422;27;Muids;C
27423;27;Muzy;C
27424;27;Nagel-Séez-Mesnil;C
27425;27;Nassandres sur Risle;C
27426;27;Neaufles-Saint-Martin;B2
27427;27;Neaufles-Auvergny;C
27428;27;Le Neubourg;C
27429;27;Neuilly;B2
27430;27;La Neuve-Grange;B2
27431;27;La Neuve-Lyre;C
27432;27;La Neuville-du-Bosc;C
27433;27;Neuville-sur-Authou;C
27434;27;Noards;C
27435;27;La Noë-Poulain;C
27436;27;Nogent-le-Sec;C
27437;27;Nojeon-en-Vexin;B2
27438;27;Nonancourt;C
27439;27;Normanville;B2
27440;27;Notre-Dame-de-l'Isle;C
27441;27;Notre-Dame-d'Épine;C
27442;27;Notre-Dame-du-Hamel;C
27444;27;Le Noyer-en-Ouche;C
27445;27;Noyers;B2
27446;27;Ormes;C
27447;27;Le Val-Doré;C
27448;27;Pacy-sur-Eure;C
27451;27;Parville;B2
27453;27;Perriers-sur-Andelle;C
27454;27;Perruel;C
27455;27;Piencourt;C
27456;27;Pinterville;B2
27457;27;Piseux;C
27458;27;Pîtres;B2
27459;27;Les Places;C
27460;27;Plainville;C
27462;27;Le Planquay;C
27463;27;Plasnes;C
27464;27;Le Plessis-Grohan;B2
27465;27;Le Plessis-Hébert;C
27466;27;Le Plessis-Sainte-Opportune;C
27467;27;Pont-Audemer;B2
27468;27;Pont-Authou;C
27469;27;Pont-de-l'Arche;B2
27470;27;Pont-Saint-Pierre;C
27471;27;Porte-de-Seine;C
27472;27;Portes;C
27473;27;Port-Mort;C
27474;27;Poses;C
27475;27;La Poterie-Mathieu;C
27476;27;Les Préaux;C
27477;27;Pressagny-l'Orgueilleux;C
27478;27;Prey;C
27480;27;Puchay;B2
27481;27;Pullay;C
27482;27;La Pyle;C
27483;27;Quatremare;C
27485;27;Quillebeuf-sur-Seine;C
27486;27;Quittebeuf;C
27487;27;Radepont;C
27488;27;Renneville;C
27489;27;Reuilly;B2
27490;27;Richeville;B2
27492;27;Romilly-la-Puthenaye;C
27493;27;Romilly-sur-Andelle;C
27495;27;La Roquette;C
27496;27;Rosay-sur-Lieure;C
27497;27;Rougemontiers;C
27498;27;Rouge-Perriers;C
27500;27;Routot;C
27501;27;Rouvray;C
27502;27;Rugles;C
27504;27;Sacquenville;B2
27505;27;Saint-Agnan-de-Cernières;C
27507;27;Saint-André-de-l'Eure;C
27508;27;Saint-Antonin-de-Sommaire;C
27511;27;Saint-Aubin-d'Écrosville;C
27512;27;Saint-Aubin-de-Scellon;C
27514;27;Saint-Aubin-du-Thenney;C
27516;27;Treis-Sants-en-Ouche;C
27517;27;Saint-Aubin-sur-Gaillon;B2
27518;27;Saint-Aubin-sur-Quillebeuf;C
27520;27;Saint-Benoît-des-Ombres;C
27521;27;Saint-Christophe-sur-Avre;C
27522;27;Saint-Christophe-sur-Condé;C
27524;27;Sainte-Colombe-la-Commanderie;C
27525;27;Sainte-Colombe-près-Vernon;C
27527;27;Saint-Cyr-de-Salerne;C
27528;27;Le Vaudreuil;B2
27529;27;Saint-Cyr-la-Campagne;C
27530;27;Saint-Denis-d'Augerons;C
27531;27;Saint-Denis-des-Monts;C
27533;27;Saint-Denis-le-Ferment;B2
27534;27;Saint-Didier-des-Bois;C
27535;27;Saint-Élier;C
27536;27;Saint-Éloi-de-Fourques;C
27537;27;Saint-Étienne-du-Vauvray;B2
27538;27;Saint-Étienne-l'Allier;C
27539;27;Saint-Étienne-sous-Bailleul;C
27540;27;Sainte-Geneviève-lès-Gasny;C
27541;27;Le Mesnil-Saint-Jean;C
27542;27;Saint-Georges-du-Vièvre;C
27543;27;Saint-Georges-Motel;C
27544;27;Saint-Germain-de-Fresney;C
27545;27;Saint-Germain-de-Pasquier;C
27546;27;Saint-Germain-des-Angles;B2
27547;27;Saint-Germain-la-Campagne;C
27548;27;Saint-Germain-sur-Avre;C
27550;27;Saint-Grégoire-du-Vièvre;C
27552;27;Saint-Jean-du-Thenney;C
27553;27;Saint-Julien-de-la-Liègue;C
27554;27;La Chapelle-Longueville;B1
27555;27;Saint-Laurent-des-Bois;B2
27556;27;Saint-Laurent-du-Tencement;C
27557;27;Saint-Léger-de-Rôtes;C
27558;27;Saint-Léger-du-Gennetey;C
27560;27;Saint-Luc;B2
27561;27;Saint-Maclou;B2
27562;27;Saint-Marcel;B1
27563;27;Saint-Mards-de-Blacarville;B2
27564;27;Saint-Mards-de-Fresne;C
27565;27;Le Lesme;C
27567;27;Sainte-Marie-de-Vatimesnil;B2
27568;27;Sainte-Marthe;C
27569;27;Saint-Martin-du-Tilleul;C
27570;27;Saint-Martin-la-Campagne;B2
27571;27;Saint-Martin-Saint-Firmin;C
27572;27;Saint-Meslin-du-Bosc;C
27576;27;Sainte-Opportune-du-Bosc;C
27577;27;Sainte-Opportune-la-Mare;C
27578;27;Sainte-Marie-d'Attez;C
27579;27;Saint-Ouen-de-Pontcheuil;C
27580;27;Saint-Ouen-de-Thouberville;C
27582;27;Saint-Ouen-du-Tilleul;B1
27584;27;Saint-Paul-de-Fourques;C
27586;27;Saint-Philbert-sur-Boissey;C
27587;27;Saint-Philbert-sur-Risle;C
27589;27;Saint-Pierre-de-Bailleul;C
27590;27;Saint-Pierre-de-Cernières;C
27591;27;Saint-Pierre-de-Cormeilles;C
27592;27;Saint-Pierre-de-Salerne;C
27593;27;Saint-Pierre-des-Fleurs;C
27594;27;Saint-Pierre-des-Ifs;C
27595;27;Saint-Pierre-du-Bosguérard;C
27597;27;Saint-Pierre-du-Val;B2
27598;27;Saint-Pierre-du-Vauvray;B2
27599;27;Saint-Pierre-la-Garenne;C
27601;27;Saint-Samson-de-la-Roque;C
27602;27;Saint-Sébastien-de-Morsent;B2
27603;27;Saint-Siméon;C
27604;27;Saint-Sulpice-de-Grimbouville;C
27605;27;Saint-Sylvestre-de-Cormeilles;C
27606;27;Saint-Symphorien;C
27608;27;Saint-Victor-de-Chrétienville;C
27609;27;Saint-Victor-d'Épine;C
27610;27;Saint-Victor-sur-Avre;C
27611;27;Saint-Vigor;B2
27612;27;Saint-Vincent-des-Bois;C
27613;27;Saint-Vincent-du-Boulay;C
27614;27;Sancourt;B2
27615;27;Sassey;B2
27616;27;La Saussaye;C
27617;27;Saussay-la-Campagne;C
27618;27;Sébécourt;C
27620;27;Selles;C
27621;27;Serez;B2
27622;27;Serquigny;C
27623;27;Surtauville;C
27624;27;Surville;C
27625;27;Suzay;B2
27627;27;Le Theil-Nolent;C
27629;27;Thiberville;C
27630;27;Thibouville;C
27631;27;Thierville;C
27632;27;Le Thil;B2
27633;27;Les Thilliers-en-Vexin;B2
27635;27;Le Thuit;C
27638;27;Le Thuit de l'Oison;C
27640;27;Tilleul-Dame-Agnès;C
27641;27;Le Tilleul-Lambert;C
27643;27;Tillières-sur-Avre;C
27644;27;Tilly;C
27645;27;Tocqueville;C
27646;27;Le Torpt;B2
27649;27;Touffreville;C
27650;27;Tournedos-Bois-Hubert;C
27652;27;Tourneville;B2
27654;27;Tourville-la-Campagne;C
27655;27;Tourville-sur-Pont-Audemer;C
27656;27;Toutainville;B2
27658;27;Le Tremblay-Omonville;C
27659;27;La Trinité;B2
27660;27;La Trinité-de-Réville;C
27661;27;La Trinité-de-Thouberville;C
27662;27;Triqueville;C
27663;27;Le Troncq;C
27664;27;Le Tronquay;C
27665;27;Trouville-la-Haule;C
27666;27;La Vacherie;C
27667;27;Valailles;C
27668;27;Le Val-David;B2
27669;27;Valletot;C
27670;27;Vandrimare;C
27671;27;Vannecrocq;C
27672;27;Vascœuil;C
27673;27;Vatteville;C
27674;27;Vaux-sur-Eure;C
27676;27;Les Trois Lacs;C
27677;27;Venon;C
27678;27;Les Ventes;B2
27679;27;Verneuil d'Avre et d'Iton;C
27680;27;Verneusses;C
27681;27;Vernon;B1
27682;27;Vesly;B2
27683;27;Vézillon;C
27684;27;Le Vieil-Évreux;B2
27685;27;La Vieille-Lyre;C
27686;27;Vieux-Port;C
27689;27;Villegats;B2
27690;27;Villers-en-Vexin;B2
27691;27;Villers-sur-le-Roule;B2
27692;27;Villettes;C
27693;27;Sylvains-Lès-Moulins;C
27694;27;Villez-sous-Bailleul;C
27695;27;Villez-sur-le-Neubourg;C
27696;27;Villiers-en-Désœuvre;B2
27697;27;Vironvay;C
27698;27;Vitot;C
27699;27;Voiscreville;C
27700;27;Vraiville;C
27701;27;Val-de-Reuil;B1
28001;28;Abondant;B2
28003;28;Allainville;C
28004;28;Allonnes;C
28005;28;Alluyes;C
28006;28;Amilly;C
28007;28;Anet;B1
28008;28;Ardelles;C
28009;28;Ardelu;B2
28010;28;Argenvilliers;C
28012;28;Vald'Yerre;C
28013;28;Aunay-sous-Auneau;B2
28014;28;Aunay-sous-Crécy;C
28015;28;Auneau-Bleury-Saint-Symphorien;B1
28016;28;Les Autels-Villevillon;C
28018;28;Authon-du-Perche;C
28019;28;Baigneaux;C
28021;28;Bailleau-le-Pin;C
28022;28;Bailleau-l'Évêque;C
28023;28;Bailleau-Armenonville;B2
28024;28;Barjouville;B1
28026;28;Baudreville;B2
28027;28;La Bazoche-Gouet;C
28028;28;Bazoches-en-Dunois;C
28029;28;Bazoches-les-Hautes;C
28030;28;Beauche;C
28031;28;Beaumont-les-Autels;C
28032;28;Beauvilliers;C
28033;28;Belhomert-Guéhouville;C
28034;28;Berchères-Saint-Germain;C
28035;28;Berchères-les-Pierres;C
28036;28;Berchères-sur-Vesgre;B2
28037;28;Bérou-la-Mulotière;C
28038;28;Béthonvilliers;C
28039;28;Béville-le-Comte;B2
28040;28;Billancelles;C
28041;28;Blandainville;C
28045;28;Boissy-en-Drouais;C
28046;28;Boissy-lès-Perche;C
28047;28;Boisville-la-Saint-Père;C
28048;28;La Bourdinière-Saint-Loup;C
28049;28;Boncé;C
28050;28;Boncourt;B2
28051;28;Bonneval;C
28052;28;Bouglainval;B2
28053;28;Le Boullay-les-Deux-Églises;C
28054;28;Le Boullay-Mivoye;C
28055;28;Le Boullay-Thierry;B2
28056;28;Boutigny-Prouais;B2
28057;28;Bouville;C
28058;28;Bréchamps;B2
28059;28;Brezolles;C
28060;28;Briconville;C
28061;28;Brou;C
28062;28;Broué;B2
28064;28;Bû;B2
28065;28;Bullainville;C
28067;28;Cernay;C
28068;28;Challet;C
28070;28;Champhol;B1
28071;28;Champrond-en-Gâtine;C
28072;28;Champrond-en-Perchet;C
28073;28;Champseru;B2
28074;28;La Chapelle-d'Aunainville;B2
28075;28;La Chapelle-du-Noyer;C
28076;28;La Chapelle-Forainvilliers;B2
28077;28;La Chapelle-Fortin;C
28078;28;Chapelle-Guillaume;C
28079;28;Chapelle-Royale;C
28080;28;Charbonnières;C
28081;28;Charonville;C
28082;28;Charpont;B2
28084;28;Chartainvilliers;B2
28085;28;Chartres;B1
28086;28;Chassant;C
28087;28;Châtaincourt;C
28088;28;Châteaudun;C
28089;28;Châteauneuf-en-Thymerais;C
28090;28;Les Châtelets;C
28091;28;Les Châtelliers-Notre-Dame;C
28092;28;Châtenay;B2
28094;28;Chaudon;B2
28095;28;Chauffours;C
28096;28;La Chaussée-d'Ivry;B2
28098;28;Cherisy;B2
28099;28;Chuisnes;C
28100;28;Cintray;C
28102;28;Clévilliers;C
28103;28;Cloyes-les-Trois-Rivières;C
28104;28;Coltainville;C
28105;28;Combres;C
28106;28;Conie-Molitard;C
28107;28;Corancez;C
28108;28;Cormainville;C
28109;28;Les Corvées-les-Yys;C
28110;28;Le Coudray;B1
28111;28;Coudray-au-Perche;C
28113;28;Coulombs;B2
28114;28;Courbehaye;C
28116;28;Courville-sur-Eure;C
28117;28;Crécy-Couvé;C
28118;28;Croisilles;B2
28119;28;La Croix-du-Perche;C
28120;28;Crucey-Villages;C
28121;28;Dambron;C
28122;28;Dammarie;C
28123;28;Dampierre-sous-Brou;C
28124;28;Dampierre-sur-Avre;C
28126;28;Dancy;C
28127;28;Dangeau;C
28128;28;Dangers;C
28129;28;Denonville;B2
28130;28;Digny;C
28132;28;Donnemain-Saint-Mamès;C
28134;28;Dreux;B1
28135;28;Droue-sur-Drouette;B2
28136;28;Écluzelles;B2
28137;28;Écrosnes;B2
28139;28;Épeautrolles;C
28140;28;Épernon;B1
28141;28;Ermenonville-la-Grande;C
28142;28;Ermenonville-la-Petite;C
28143;28;Escorpain;C
28144;28;Les Étilleux;C
28146;28;Faverolles;B2
28147;28;Favières;C
28148;28;Le Favril;C
28149;28;La Ferté-Vidame;C
28151;28;Fessanvilliers-Mattanvilliers;C
28153;28;Flacey;C
28154;28;Fontaine-la-Guyon;C
28155;28;Fontaine-les-Ribouts;C
28156;28;Fontaine-Simon;C
28157;28;Fontenay-sur-Conie;C
28158;28;Fontenay-sur-Eure;C
28159;28;La Framboisière;C
28160;28;Francourville;C
28161;28;Frazé;C
28162;28;Fresnay-le-Comte;C
28163;28;Fresnay-le-Gilmert;C
28164;28;Fresnay-l'Évêque;C
28166;28;Friaize;C
28167;28;Fruncé;C
28168;28;Gallardon;B2
28169;28;Garancières-en-Beauce;B2
28170;28;Garancières-en-Drouais;C
28171;28;Garnay;C
28172;28;Gas;B2
28173;28;Gasville-Oisème;C
28175;28;La Gaudaine;C
28176;28;Le Gault-Saint-Denis;C
28177;28;Gellainville;C
28178;28;Germainville;B2
28180;28;Gilles;B2
28182;28;Gohory;C
28183;28;Gommerville;B2
28184;28;Gouillons;B2
28185;28;Goussainville;B1
28187;28;Guainville;B2
28188;28;Le Gué-de-Longroi;B2
28189;28;Guilleville;C
28190;28;Guillonville;C
28191;28;Hanches;B1
28192;28;Happonvilliers;C
28193;28;Havelu;B2
28194;28;Houville-la-Branche;C
28195;28;Houx;B2
28196;28;Illiers-Combray;C
28197;28;Intréville;B2
28198;28;Jallans;C
28199;28;Janville-en-Beauce;C
28200;28;Jaudrais;C
28201;28;Jouy;C
28202;28;Lamblore;C
28203;28;Landelles;C
28206;28;Laons;C
28207;28;Léthuin;B2
28208;28;Levainville;B2
28209;28;Lèves;B1
28210;28;Levesville-la-Chenard;B2
28211;28;Logron;C
28212;28;Loigny-la-Bataille;C
28213;28;Lormaye;B2
28214;28;La Loupe;C
28215;28;Louville-la-Chenard;B2
28216;28;Louvilliers-en-Drouais;C
28217;28;Louvilliers-lès-Perche;C
28218;28;Lucé;B1
28219;28;Luigny;C
28220;28;Luisant;B1
28221;28;Lumeau;C
28222;28;Luplanté;C
28223;28;Luray;B2
28225;28;Magny;C
28226;28;Maillebois;C
28227;28;Maintenon;B1
28229;28;Mainvilliers;B1
28230;28;Maisons;B2
28231;28;La Mancelière;C
28232;28;Manou;C
28233;28;Marboué;C
28234;28;Marchéville;C
28235;28;Marchezais;B1
28236;28;Arcisses;C
28237;28;Marolles-les-Buis;C
28239;28;Marville-Moutiers-Brûlé;C
28240;28;Meaucé;C
28242;28;Méréglise;C
28243;28;Mérouville;B2
28245;28;Meslay-le-Grenet;C
28246;28;Meslay-le-Vidame;C
28247;28;Le Mesnil-Simon;B2
28248;28;Le Mesnil-Thomas;C
28249;28;Mévoisins;B2
28251;28;Mézières-en-Drouais;B2
28252;28;Miermaigne;C
28253;28;Mignières;C
28254;28;Mittainvilliers-Vérigny;C
28255;28;Moinville-la-Jeulin;B2
28256;28;Moléans;C
28257;28;Mondonville-Saint-Jean;B2
28259;28;Montboissier;C
28260;28;Montharville;C
28261;28;Montigny-le-Chartif;C
28263;28;Montigny-sur-Avre;C
28264;28;Montireau;C
28265;28;Montlandon;C
28267;28;Montreuil;C
28268;28;Morainville;B2
28269;28;Morancez;B1
28270;28;Moriers;C
28271;28;Morvilliers;C
28272;28;Mottereau;C
28273;28;Moulhard;C
28274;28;Moutiers;C
28275;28;Néron;B2
28277;28;Neuvy-en-Dunois;C
28278;28;Nogent-le-Phaye;B2
28279;28;Nogent-le-Roi;B2
28280;28;Nogent-le-Rotrou;C
28281;28;Nogent-sur-Eure;C
28282;28;Nonvilliers-Grandhoux;C
28283;28;Nottonville;C
28284;28;Oinville-Saint-Liphard;C
28285;28;Oinville-sous-Auneau;B2
28286;28;Ollé;C
28287;28;Orgères-en-Beauce;C
28289;28;Ormoy;B2
28290;28;Orrouer;C
28291;28;Ouarville;B2
28292;28;Ouerre;B2
28293;28;Oulins;B2
28294;28;Oysonville;B2
28296;28;Péronville;C
28298;28;Pierres;B2
28299;28;Les Pinthières;B2
28300;28;Poinville;C
28301;28;Poisvilliers;C
28302;28;Pontgouin;C
28303;28;Poupry;C
28304;28;Prasville;C
28305;28;Pré-Saint-Évroult;C
28306;28;Pré-Saint-Martin;C
28308;28;Prudemanche;C
28309;28;Prunay-le-Gillon;C
28310;28;La Puisaye;C
28312;28;Puiseux;C
28313;28;Réclainville;C
28314;28;Les Ressuintes;C
28315;28;Revercourt;C
28316;28;Rohaire;C
28317;28;Roinville;B2
28319;28;Neuville Saint Denis;B2
28321;28;Rouvres;B2
28322;28;Rueil-la-Gadelière;C
28323;28;Saint-Ange-et-Torçay;C
28324;28;Saint-Arnoult-des-Bois;C
28325;28;Saint-Aubin-des-Bois;C
28326;28;Saint-Avit-les-Guespières;C
28327;28;Saint-Bomer;C
28329;28;Saint-Christophe;C
28330;28;Villemaury;C
28331;28;Saintigny;C
28332;28;Sainte-Gemme-Moronval;B2
28333;28;Saint-Denis-des-Puits;C
28334;28;Saint-Denis-Lanneray;C
28335;28;Saint-Éliph;C
28336;28;Saint-Éman;C
28337;28;Saint-Georges-sur-Eure;C
28339;28;Saint-Germain-le-Gaillard;C
28341;28;Saint-Jean-de-Rebervilliers;C
28342;28;Saint-Jean-Pierre-Fixte;C
28343;28;Saint-Laurent-la-Gâtine;B2
28344;28;Saint-Léger-des-Aubées;B2
28346;28;Saint-Lubin-de-Cravant;C
28347;28;Saint-Lubin-de-la-Haye;B2
28348;28;Saint-Lubin-des-Joncherets;C
28349;28;Saint-Lucien;B2
28350;28;Saint-Luperce;C
28351;28;Saint-Maixme-Hauterive;C
28352;28;Saint-Martin-de-Nigelles;B2
28353;28;Saint-Maur-sur-le-Loir;C
28354;28;Saint-Maurice-Saint-Germain;C
28355;28;Saint-Ouen-Marchefroy;B2
28357;28;Saint-Piat;B2
28358;28;Saint-Prest;C
28359;28;Saint-Rémy-sur-Avre;C
28360;28;Saint-Sauveur-Marville;C
28362;28;Saint-Victor-de-Buthon;C
28363;28;Sainville;B2
28364;28;Sancheville;C
28365;28;Sandarville;C
28366;28;Santeuil;B2
28367;28;Santilly;C
28368;28;La Saucelle;C
28369;28;Saulnières;C
28370;28;Saumeray;C
28371;28;Saussay;B2
28372;28;Senantes;B2
28373;28;Senonches;C
28374;28;Serazereux;B2
28375;28;Serville;B2
28377;28;Sorel-Moussel;B2
28378;28;Souancé-au-Perche;C
28379;28;Soulaires;B2
28380;28;Sours;C
28382;28;Terminiers;C
28383;28;Theuville;C
28385;28;Le Thieulin;C
28386;28;Thimert-Gâtelles;C
28387;28;Thiron-Gardais;C
28388;28;Thivars;C
28389;28;Thiville;C
28390;28;Tillay-le-Péneux;C
28391;28;Toury;C
28392;28;Trancrainville;C
28393;28;Tremblay-les-Villages;C
28394;28;Tréon;C
28395;28;Trizay-Coutretot-Saint-Serge;C
28396;28;Trizay-lès-Bonneval;C
28397;28;Umpeau;B2
28398;28;Unverre;C
28400;28;Varize;C
28401;28;Vaupillon;C
28403;28;Ver-lès-Chartres;C
28404;28;Vernouillet;B1
28405;28;Vert-en-Drouais;C
28406;28;Éole-en-Beauce;C
28407;28;Vichères;C
28408;28;Vierville;B2
28409;28;Vieuvicq;C
28410;28;Villampuy;C
28411;28;Villars;C
28414;28;Villebon;C
28415;28;Villemeux-sur-Eure;B2
28417;28;Villiers-le-Morhier;B2
28418;28;Villiers-Saint-Orien;C
28419;28;Vitray-en-Beauce;C
28421;28;Voise;B2
28422;28;Les Villages Vovéens;C
28423;28;Yermenonville;B2
28424;28;Yèvres;C
28425;28;Ymeray;B2
28426;28;Ymonville;C
29001;29;Argol;C
29002;29;Arzano;C
29003;29;Audierne;C
29004;29;Bannalec;C
29005;29;Baye;C
29006;29;Bénodet;B1
29007;29;Berrien;C
29008;29;Beuzec-Cap-Sizun;C
29010;29;Bodilis;C
29011;29;Bohars;B1
29012;29;Bolazec;C
29013;29;Botmeur;C
29014;29;Botsorhel;C
29015;29;Bourg-Blanc;C
29016;29;Brasparts;C
29017;29;Brélès;C
29018;29;Brennilis;C
29019;29;Brest;B1
29020;29;Briec;B2
29021;29;Plounéour-Brignogan-plages;C
29022;29;Camaret-sur-Mer;C
29023;29;Carantec;C
29024;29;Carhaix-Plouguer;C
29025;29;Cast;C
29026;29;Châteaulin;C
29027;29;Châteauneuf-du-Faou;C
29028;29;Cléden-Cap-Sizun;C
29029;29;Cléden-Poher;C
29030;29;Cléder;C
29031;29;Clohars-Carnoët;B1
29032;29;Clohars-Fouesnant;B2
29033;29;Le Cloître-Pleyben;C
29034;29;Le Cloître-Saint-Thégonnec;C
29035;29;Coat-Méal;C
29036;29;Collorec;C
29037;29;Combrit;B2
29038;29;Commana;C
29039;29;Concarneau;B1
29040;29;Le Conquet;C
29041;29;Coray;C
29042;29;Crozon;B1
29043;29;Daoulas;C
29044;29;Dinéault;C
29045;29;Dirinon;C
29046;29;Douarnenez;C
29047;29;Le Drennec;C
29048;29;Edern;C
29049;29;Elliant;C
29051;29;Ergué-Gabéric;B2
29053;29;Le Faou;C
29054;29;La Feuillée;C
29055;29;Le Folgoët;C
29056;29;La Forest-Landerneau;C
29057;29;La Forêt-Fouesnant;B1
29058;29;Fouesnant;B1
29059;29;Garlan;C
29060;29;Gouesnach;B2
29061;29;Gouesnou;B1
29062;29;Gouézec;C
29063;29;Goulien;C
29064;29;Goulven;C
29065;29;Gourlizon;C
29066;29;Guengat;B2
29067;29;Guerlesquin;C
29068;29;Guiclan;C
29069;29;Guilers;B1
29070;29;Guiler-sur-Goyen;C
29071;29;Guilligomarc'h;C
29072;29;Guilvinec;B2
29073;29;Guimaëc;C
29074;29;Guimiliau;C
29075;29;Guipavas;B1
29076;29;Milizac-Guipronvel;C
29077;29;Guissény;C
29078;29;Hanvec;C
29079;29;Henvic;C
29080;29;Hôpital-Camfrout;C
29081;29;Huelgoat;C
29082;29;Île-de-Batz;B1
29083;29;Île-de-Sein;B1
29084;29;Île-Molène;B1
29085;29;Île-Tudy;B2
29086;29;Irvillac;C
29087;29;Le Juch;C
29089;29;Kergloff;C
29090;29;Kerlaz;C
29091;29;Kerlouan;C
29093;29;Kernilis;C
29094;29;Kernouës;C
29095;29;Kersaint-Plabennec;C
29097;29;Lampaul-Guimiliau;C
29098;29;Lampaul-Plouarzel;C
29099;29;Lampaul-Ploudalmézeau;C
29100;29;Lanarvily;C
29101;29;Landéda;C
29102;29;Landeleau;C
29103;29;Landerneau;B1
29104;29;Landévennec;C
29105;29;Landivisiau;C
29106;29;Landrévarzec;C
29107;29;Landudal;C
29108;29;Landudec;C
29109;29;Landunvez;C
29110;29;Langolen;C
29111;29;Lanhouarneau;C
29112;29;Lanildut;C
29113;29;Lanmeur;C
29114;29;Lannéanou;C
29115;29;Lannédern;C
29116;29;Lanneuffret;C
29117;29;Lannilis;C
29119;29;Lanrivoaré;C
29120;29;Lanvéoc;C
29122;29;Laz;C
29123;29;Lennon;C
29124;29;Lesneven;C
29125;29;Leuhan;C
29126;29;Loc-Brévalaire;C
29128;29;Loc-Eguiner;C
29130;29;Locmaria-Plouzané;C
29131;29;Locmélar;C
29132;29;Locquénolé;C
29133;29;Locquirec;C
29134;29;Locronan;C
29135;29;Loctudy;B2
29136;29;Locunolé;C
29137;29;Logonna-Daoulas;C
29139;29;Lopérec;C
29140;29;Loperhet;B2
29141;29;Loqueffret;C
29142;29;Lothey;C
29143;29;Mahalon;C
29144;29;La Martyre;C
29145;29;Confort-Meilars;C
29146;29;Melgven;C
29147;29;Mellac;C
29148;29;Mespaul;C
29150;29;Moëlan-sur-Mer;C
29151;29;Morlaix;C
29152;29;Motreff;C
29153;29;Névez;C
29155;29;Ouessant;B1
29156;29;Pencran;C
29158;29;Penmarch;B2
29159;29;Peumerit;C
29160;29;Plabennec;C
29161;29;Pleuven;B2
29162;29;Pleyben;C
29163;29;Pleyber-Christ;C
29165;29;Plobannalec-Lesconil;B2
29166;29;Ploéven;C
29167;29;Plogastel-Saint-Germain;C
29168;29;Plogoff;C
29169;29;Plogonnec;B2
29170;29;Plomelin;B2
29171;29;Plomeur;B2
29172;29;Plomodiern;C
29173;29;Plonéis;B2
29174;29;Plonéour-Lanvern;B2
29175;29;Plonévez-du-Faou;C
29176;29;Plonévez-Porzay;C
29177;29;Plouarzel;C
29178;29;Ploudalmézeau;C
29179;29;Ploudaniel;C
29180;29;Ploudiry;C
29181;29;Plouédern;C
29182;29;Plouégat-Guérand;C
29183;29;Plouégat-Moysan;C
29184;29;Plouénan;C
29185;29;Plouescat;C
29186;29;Plouezoc'h;C
29187;29;Plougar;C
29188;29;Plougasnou;C
29189;29;Plougastel-Daoulas;B1
29190;29;Plougonvelin;B1
29191;29;Plougonven;C
29192;29;Plougoulm;C
29193;29;Plougourvest;C
29195;29;Plouguerneau;C
29196;29;Plouguin;C
29197;29;Plouhinec;C
29198;29;Plouider;C
29199;29;Plouigneau;C
29201;29;Ploumoguer;C
29202;29;Plounéour-Ménez;C
29204;29;Plounéventer;C
29205;29;Plounévézel;C
29206;29;Plounévez-Lochrist;C
29207;29;Plourin-lès-Morlaix;C
29208;29;Plourin;C
29209;29;Plouvien;C
29210;29;Plouvorn;C
29211;29;Plouyé;C
29212;29;Plouzané;B1
29213;29;Plouzévédé;C
29214;29;Plovan;C
29215;29;Plozévet;C
29216;29;Pluguffan;B2
29217;29;Pont-Aven;C
29218;29;Pont-Croix;C
29220;29;Pont-l'Abbé;B1
29221;29;Porspoder;C
29222;29;Port-Launay;C
29224;29;Pouldergat;C
29225;29;Pouldreuzic;C
29226;29;Poullan-sur-Mer;C
29227;29;Poullaouen;C
29228;29;Primelin;C
29229;29;Quéménéven;C
29230;29;Querrien;C
29232;29;Quimper;B1
29233;29;Quimperlé;B2
29234;29;Rédené;C
29235;29;Le Relecq-Kerhuon;B1
29236;29;Riec-sur-Bélon;C
29237;29;La Roche-Maurice;C
29238;29;Roscanvel;C
29239;29;Roscoff;C
29240;29;Rosnoën;C
29241;29;Rosporden;C
29243;29;Saint-Coulitz;C
29244;29;Saint-Derrien;C
29245;29;Saint-Divy;C
29246;29;Saint-Eloy;C
29247;29;Saint-Évarzec;C
29248;29;Saint-Frégant;C
29249;29;Saint-Goazec;C
29250;29;Saint-Hernin;C
29251;29;Saint-Jean-du-Doigt;C
29252;29;Saint-Jean-Trolimon;B2
29254;29;Saint-Martin-des-Champs;C
29255;29;Saint-Méen;C
29256;29;Saint-Nic;C
29257;29;Saint-Pabu;C
29259;29;Saint-Pol-de-Léon;C
29260;29;Saint-Renan;B1
29261;29;Saint-Rivoal;C
29262;29;Saint-Sauveur;C
29263;29;Saint-Ségal;C
29264;29;Saint-Servais;C
29265;29;Sainte-Sève;C
29266;29;Saint-Thégonnec Loc-Eguiner;C
29267;29;Saint-Thois;C
29268;29;Saint-Thonan;C
29269;29;Saint-Thurien;C
29270;29;Saint-Urbain;C
29271;29;Saint-Vougay;C
29272;29;Saint-Yvi;C
29273;29;Santec;C
29274;29;Scaër;C
29275;29;Scrignac;C
29276;29;Sibiril;C
29277;29;Sizun;C
29278;29;Spézet;C
29279;29;Taulé;C
29280;29;Telgruc-sur-Mer;C
29281;29;Tourch;C
29282;29;Trébabu;C
29284;29;Treffiagat;B2
29285;29;Tréflaouénan;C
29286;29;Tréflévénez;C
29287;29;Tréflez;C
29288;29;Trégarantec;C
29289;29;Trégarvan;C
29290;29;Tréglonou;C
29291;29;Trégourez;C
29292;29;Tréguennec;C
29293;29;Trégunc;B1
29294;29;Le Tréhou;C
29295;29;Trémaouézan;C
29296;29;Tréméoc;C
29297;29;Tréméven;C
29298;29;Tréogat;C
29299;29;Tréouergat;C
29300;29;Le Trévoux;C
29301;29;Trézilidé;C
29302;29;Pont-de-Buis-lès-Quimerch;C
2A001;2A;Afa;B1
2A004;2A;Ajaccio;A
2A006;2A;Alata;B1
2A008;2A;Albitreccia;A
2A011;2A;Altagène;B2
2A014;2A;Ambiegna;B2
2A017;2A;Appietto;B1
2A018;2A;Arbellara;B2
2A019;2A;Arbori;B2
2A021;2A;Argiusta-Moriccio;B2
2A022;2A;Arro;B2
2A024;2A;Aullène;B2
2A026;2A;Azilone-Ampaza;B2
2A027;2A;Azzana;B2
2A028;2A;Balogna;B2
2A031;2A;Bastelica;B2
2A032;2A;Bastelicaccia;A
2A035;2A;Belvédère-Campomoro;B2
2A038;2A;Bilia;B2
2A040;2A;Bocognano;B2
2A041;2A;Bonifacio;A
2A048;2A;Calcatoggio;B1
2A056;2A;Campo;B2
2A060;2A;Cannelle;B1
2A061;2A;Carbini;B2
2A062;2A;Carbuccia;B1
2A064;2A;Cardo-Torgia;B2
2A065;2A;Cargèse;B1
2A066;2A;Cargiaca;B2
2A070;2A;Casaglione;B1
2A071;2A;Casalabriva;B2
2A085;2A;Cauro;B2
2A089;2A;Ciamannacce;B2
2A090;2A;Coggia;B1
2A091;2A;Cognocoli-Monticchi;B2
2A092;2A;Conca;B2
2A094;2A;Corrano;B2
2A098;2A;Coti-Chiavari;B1
2A099;2A;Cozzano;B2
2A100;2A;Cristinacce;B2
2A103;2A;Cuttoli-Corticchiato;B1
2A104;2A;Eccica-Suarella;B1
2A108;2A;Évisa;B2
2A114;2A;Figari;B2
2A115;2A;Foce;B2
2A117;2A;Forciolo;B2
2A118;2A;Fozzano;B2
2A119;2A;Frasseto;B2
2A127;2A;Giuncheto;B1
2A128;2A;Granace;B2
2A129;2A;Grossa;B2
2A130;2A;Grosseto-Prugna;A
2A131;2A;Guagno;B2
2A132;2A;Guargualé;B2
2A133;2A;Guitera-les-Bains;B2
2A139;2A;Lecci;B1
2A141;2A;Letia;B2
2A142;2A;Levie;B2
2A144;2A;Lopigna;B1
2A146;2A;Loreto-di-Tallano;B2
2A154;2A;Marignana;B2
2A158;2A;Mela;B2
2A160;2A;Moca-Croce;B2
2A163;2A;Monacia-d'Aullène;B2
2A174;2A;Murzo;B2
2A181;2A;Ocana;B2
2A186;2A;Olivese;B2
2A189;2A;Olmeto;B2
2A191;2A;Olmiccia;B2
2A196;2A;Orto;B2
2A197;2A;Osani;B2
2A198;2A;Ota;B2
2A200;2A;Palneca;B2
2A203;2A;Partinello;B2
2A204;2A;Pastricciola;B2
2A209;2A;Peri;B1
2A211;2A;Petreto-Bicchisano;B2
2A212;2A;Piana;B1
2A215;2A;Pianottoli-Caldarello;B2
2A228;2A;Pietrosella;A
2A232;2A;Pila-Canale;B2
2A240;2A;Poggiolo;B2
2A247;2A;Porto-Vecchio;A
2A249;2A;Propriano;A
2A253;2A;Quasquara;B2
2A254;2A;Quenza;B2
2A258;2A;Renno;B2
2A259;2A;Rezza;B2
2A262;2A;Rosazia;B2
2A266;2A;Salice;B2
2A268;2A;Sampolo;B2
2A269;2A;Sari-Solenzara;B2
2A270;2A;Sari-d'Orcino;B2
2A271;2A;Sarrola-Carcopino;A
2A272;2A;Sartène;B1
2A276;2A;Serra-di-Ferro;B1
2A278;2A;Serra-di-Scopamène;B2
2A279;2A;Serriera;B2
2A282;2A;Soccia;B2
2A284;2A;Sollacaro;B2
2A285;2A;Sorbollano;B2
2A288;2A;Sotta;B2
2A295;2A;Sant'Andréa-d'Orcino;B1
2A300;2A;San-Gavino-di-Carbini;B2
2A308;2A;Sainte-Lucie-de-Tallano;B2
2A310;2A;Santa-Maria-Figaniella;B2
2A312;2A;Santa-Maria-Siché;B2
2A322;2A;Tasso;B2
2A323;2A;Tavaco;B1
2A324;2A;Tavera;B2
2A326;2A;Tolla;B2
2A330;2A;Ucciani;B2
2A331;2A;Urbalacone;B2
2A336;2A;Valle-di-Mezzana;B1
2A345;2A;Vero;B1
2A348;2A;Vico;B1
2A349;2A;Viggianello;B2
2A351;2A;Villanova;B1
2A357;2A;Zérubia;B2
2A358;2A;Zévaco;B2
2A359;2A;Zicavo;B2
2A360;2A;Zigliara;B2
2A362;2A;Zonza;B1
2A363;2A;Zoza;B2
2B002;2B;Aghione;B2
2B003;2B;Aiti;B2
2B005;2B;Alando;B2
2B007;2B;Albertacce;B2
2B009;2B;Aléria;B2
2B010;2B;Algajola;B1
2B012;2B;Altiani;B2
2B013;2B;Alzi;B2
2B015;2B;Ampriani;B2
2B016;2B;Antisanti;B2
2B020;2B;Aregno;B1
2B023;2B;Asco;B2
2B025;2B;Avapessa;B2
2B029;2B;Barbaggio;B2
2B030;2B;Barrettali;B2
2B033;2B;Bastia;B1
2B034;2B;Belgodère;B2
2B036;2B;Bigorno;B2
2B037;2B;Biguglia;B1
2B039;2B;Bisinchi;B2
2B042;2B;Borgo;B1
2B043;2B;Brando;B1
2B045;2B;Bustanico;B2
2B046;2B;Cagnano;B2
2B047;2B;Calacuccia;B2
2B049;2B;Calenzana;B1
2B050;2B;Calvi;A
2B051;2B;Cambia;B2
2B052;2B;Campana;B2
2B053;2B;Campi;B2
2B054;2B;Campile;B2
2B055;2B;Campitello;B2
2B057;2B;Canale-di-Verde;B2
2B058;2B;Canari;B2
2B059;2B;Canavaggia;B2
2B063;2B;Carcheto-Brustico;B2
2B067;2B;Carpineto;B2
2B068;2B;Carticasi;B2
2B069;2B;Casabianca;B2
2B072;2B;Casalta;B2
2B073;2B;Casamaccioli;B2
2B074;2B;Casanova;B2
2B075;2B;Casevecchie;B2
2B077;2B;Castellare-di-Casinca;B1
2B078;2B;Castellare-di-Mercurio;B2
2B079;2B;Castello-di-Rostino;B2
2B080;2B;Castifao;B2
2B081;2B;Castiglione;B2
2B082;2B;Castineta;B2
2B083;2B;Castirla;B2
2B084;2B;Cateri;B2
2B086;2B;Centuri;B2
2B087;2B;Cervione;B2
2B088;2B;Chiatra;B2
2B093;2B;Corbara;B1
2B095;2B;Corscia;B2
2B096;2B;Corte;B1
2B097;2B;Costa;B2
2B101;2B;Croce;B2
2B102;2B;Crocicchia;B2
2B105;2B;Erbajolo;B2
2B106;2B;Érone;B2
2B107;2B;Ersa;B2
2B109;2B;Farinole;B1
2B110;2B;Favalello;B2
2B111;2B;Felce;B2
2B112;2B;Feliceto;B2
2B113;2B;Ficaja;B2
2B116;2B;Focicchia;B2
2B120;2B;Furiani;B1
2B121;2B;Galéria;B2
2B122;2B;Gavignano;B2
2B123;2B;Ghisonaccia;B1
2B124;2B;Ghisoni;B2
2B125;2B;Giocatojo;B2
2B126;2B;Giuncaggio;B2
2B134;2B;L'Île-Rousse;A
2B135;2B;Isolaccio-di-Fiumorbo;B2
2B136;2B;Lama;B1
2B137;2B;Lano;B2
2B138;2B;Lavatoggio;B2
2B140;2B;Lento;B2
2B143;2B;Linguizzetta;B2
2B145;2B;Loreto-di-Casinca;B2
2B147;2B;Lozzi;B2
2B148;2B;Lucciana;B1
2B149;2B;Lugo-di-Nazza;B2
2B150;2B;Lumio;B1
2B152;2B;Luri;B2
2B153;2B;Manso;B2
2B155;2B;Matra;B2
2B156;2B;Mausoléo;B2
2B157;2B;Mazzola;B2
2B159;2B;Meria;B2
2B161;2B;Moïta;B2
2B162;2B;Moltifao;B2
2B164;2B;Monacia-d'Orezza;B2
2B165;2B;Moncale;B1
2B166;2B;Monte;B2
2B167;2B;Montegrosso;B2
2B168;2B;Monticello;B1
2B169;2B;Morosaglia;B2
2B170;2B;Morsiglia;B2
2B171;2B;Muracciole;B2
2B172;2B;Murato;B2
2B173;2B;Muro;B2
2B175;2B;Nessa;B2
2B176;2B;Nocario;B2
2B177;2B;Noceta;B2
2B178;2B;Nonza;B2
2B179;2B;Novale;B2
2B180;2B;Novella;B2
2B182;2B;Occhiatana;B2
2B183;2B;Ogliastro;B2
2B184;2B;Olcani;B2
2B185;2B;Oletta;B1
2B187;2B;Olmeta-di-Capocorso;B2
2B188;2B;Olmeta-di-Tuda;B2
2B190;2B;Olmi-Cappella;B2
2B192;2B;Olmo;B2
2B193;2B;Omessa;B2
2B194;2B;Ortale;B2
2B195;2B;Ortiporio;B2
2B199;2B;Palasca;B2
2B201;2B;Pancheraccia;B2
2B202;2B;Parata;B2
2B205;2B;Patrimonio;B2
2B206;2B;Penta-Acquatella;B2
2B207;2B;Penta-di-Casinca;B1
2B208;2B;Perelli;B2
2B210;2B;Pero-Casevecchie;B2
2B213;2B;Pianello;B2
2B214;2B;Piano;B2
2B216;2B;Piazzali;B2
2B217;2B;Piazzole;B2
2B218;2B;Piedicorte-di-Gaggio;B2
2B219;2B;Piedicroce;B2
2B220;2B;Piedigriggio;B2
2B221;2B;Piedipartino;B2
2B222;2B;Pie-d'Orezza;B2
2B223;2B;Pietralba;B2
2B224;2B;Pietracorbara;B2
2B225;2B;Pietra-di-Verde;B2
2B226;2B;Pietraserena;B2
2B227;2B;Pietricaggio;B2
2B229;2B;Pietroso;B2
2B230;2B;Piève;B2
2B231;2B;Pigna;B1
2B233;2B;Pino;B2
2B234;2B;Piobetta;B2
2B235;2B;Pioggiola;B2
2B236;2B;Poggio-di-Nazza;B2
2B238;2B;Poggio-di-Venaco;B2
2B239;2B;Poggio-d'Oletta;B2
2B241;2B;Poggio-Marinaccio;B2
2B242;2B;Poggio-Mezzana;B1
2B243;2B;Polveroso;B2
2B244;2B;Popolasca;B2
2B245;2B;Porri;B2
2B246;2B;La Porta;B2
2B248;2B;Prato-di-Giovellina;B2
2B250;2B;Prunelli-di-Casacconi;B2
2B251;2B;Prunelli-di-Fiumorbo;B1
2B252;2B;Pruno;B2
2B255;2B;Quercitello;B2
2B256;2B;Rapaggio;B2
2B257;2B;Rapale;B2
2B260;2B;Riventosa;B2
2B261;2B;Rogliano;B2
2B263;2B;Rospigliani;B2
2B264;2B;Rusio;B2
2B265;2B;Rutali;B2
2B267;2B;Saliceto;B2
2B273;2B;Scata;B2
2B274;2B;Scolca;B2
2B275;2B;Sermano;B2
2B277;2B;Serra-di-Fiumorbo;B2
2B280;2B;Silvareccio;B2
2B281;2B;Sisco;B2
2B283;2B;Solaro;B2
2B286;2B;Sorbo-Ocagnano;B1
2B287;2B;Sorio;B2
2B289;2B;Soveria;B2
2B290;2B;Speloncato;B2
2B291;2B;Stazzona;B2
2B292;2B;Sant'Andréa-di-Bozio;B2
2B293;2B;Sant'Andréa-di-Cotone;B2
2B296;2B;Sant'Antonino;B2
2B297;2B;San-Damiano;B2
2B298;2B;Saint-Florent;B1
2B299;2B;San-Gavino-d'Ampugnani;B2
2B301;2B;San-Gavino-di-Tenda;B2
2B302;2B;San-Giovanni-di-Moriani;B2
2B303;2B;San-Giuliano;B2
2B304;2B;San-Lorenzo;B2
2B305;2B;San-Martino-di-Lota;B1
2B306;2B;Santa-Lucia-di-Mercurio;B2
2B307;2B;Santa-Lucia-di-Moriani;B1
2B309;2B;Santa-Maria-di-Lota;B1
2B311;2B;Santa-Maria-Poggio;B2
2B313;2B;San-Nicolao;B2
2B314;2B;Santo-Pietro-di-Tenda;B2
2B315;2B;Santo-Pietro-di-Venaco;B2
2B316;2B;Santa-Reparata-di-Balagna;B1
2B317;2B;Santa-Reparata-di-Moriani;B2
2B318;2B;Taglio-Isolaccio;B1
2B319;2B;Talasani;B1
2B320;2B;Tallone;B2
2B321;2B;Tarrano;B2
2B327;2B;Tomino;B2
2B328;2B;Tox;B2
2B329;2B;Tralonca;B2
2B332;2B;Urtaca;B2
2B333;2B;Vallecalle;B2
2B334;2B;Valle-d'Alesani;B2
2B335;2B;Valle-di-Campoloro;B2
2B337;2B;Valle-di-Rostino;B2
2B338;2B;Valle-d'Orezza;B2
2B339;2B;Vallica;B2
2B340;2B;Velone-Orneto;B2
2B341;2B;Venaco;B2
2B342;2B;Ventiseri;B2
2B343;2B;Venzolasca;B1
2B344;2B;Verdèse;B2
2B346;2B;Vescovato;B1
2B347;2B;Vezzani;B2
2B350;2B;Vignale;B2
2B352;2B;Ville-di-Paraso;B2
2B353;2B;Ville-di-Pietrabugno;B1
2B354;2B;Vivario;B2
2B355;2B;Volpajola;B2
2B356;2B;Zalana;B2
2B361;2B;Zilia;B2
2B364;2B;Zuani;B2
2B365;2B;San-Gavino-di-Fiumorbo;B2
2B366;2B;Chisa;B2
30001;30;Aigaliers;C
30002;30;Aigremont;C
30003;30;Aigues-Mortes;B1
30004;30;Aigues-Vives;B1
30005;30;Aiguèze;C
30006;30;Aimargues;B1
30007;30;Alès;B2
30008;30;Allègre-les-Fumades;C
30009;30;Alzon;C
30010;30;Anduze;B2
30011;30;Les Angles;B1
30012;30;Aramon;B2
30013;30;Argilliers;C
30014;30;Arpaillargues-et-Aureillac;C
30015;30;Arphy;C
30016;30;Arre;C
30017;30;Arrigas;C
30018;30;Aspères;C
30019;30;Aubais;B1
30020;30;Aubord;B1
30021;30;Aubussargues;C
30022;30;Aujac;C
30023;30;Aujargues;C
30024;30;Aulas;C
30025;30;Aumessas;C
30026;30;Avèze;C
30027;30;Bagard;B2
30028;30;Bagnols-sur-Cèze;B2
30029;30;Barjac;C
30030;30;Baron;C
30031;30;La Bastide-d'Engras;C
30032;30;Beaucaire;B2
30033;30;Beauvoisin;B1
30034;30;Bellegarde;B1
30035;30;Belvézet;C
30036;30;Bernis;B1
30037;30;Bessèges;C
30038;30;Bez-et-Esparon;C
30039;30;Bezouce;B1
30040;30;Blandas;C
30041;30;Blauzac;C
30042;30;Boisset-et-Gaujac;B2
30043;30;Boissières;B1
30044;30;Bonnevaux;C
30045;30;Bordezac;C
30046;30;Boucoiran-et-Nozières;C
30047;30;Bouillargues;B1
30048;30;Bouquet;C
30049;30;Bourdic;C
30050;30;Bragassargues;C
30051;30;Branoux-les-Taillades;C
30052;30;Bréau-Mars;C
30053;30;Brignon;C
30054;30;Brouzet-lès-Quissac;C
30055;30;Brouzet-lès-Alès;C
30056;30;La Bruguière;C
30057;30;Cabrières;B1
30058;30;La Cadière-et-Cambo;C
30059;30;Le Cailar;B2
30060;30;Caissargues;B1
30061;30;La Calmette;B2
30062;30;Calvisson;B1
30064;30;Campestre-et-Luc;C
30065;30;Canaules-et-Argentières;C
30066;30;Cannes-et-Clairan;C
30067;30;La Capelle-et-Masmolène;C
30068;30;Cardet;C
30069;30;Carnas;C
30070;30;Carsan;C
30071;30;Cassagnoles;C
30072;30;Castelnau-Valence;C
30073;30;Castillon-du-Gard;C
30074;30;Causse-Bégon;C
30075;30;Caveirac;B1
30076;30;Cavillargues;C
30077;30;Cendras;B2
30079;30;Chambon;C
30080;30;Chamborigaud;C
30081;30;Chusclan;C
30082;30;Clarensac;B2
30083;30;Codognan;B1
30084;30;Codolet;C
30085;30;Collias;C
30086;30;Collorgues;C
30087;30;Colognac;C
30088;30;Combas;C
30089;30;Comps;C
30090;30;Concoules;C
30091;30;Congénies;B1
30092;30;Connaux;C
30093;30;Conqueyrac;C
30095;30;Corconne;C
30096;30;Cornillon;C
30097;30;Courry;C
30098;30;Crespian;C
30099;30;Cros;C
30100;30;Cruviers-Lascours;C
30101;30;Deaux;C
30102;30;Dions;C
30103;30;Domazan;B2
30104;30;Domessargues;C
30105;30;Dourbies;C
30106;30;Durfort-et-Saint-Martin-de-Sossenac;C
30107;30;Estézargues;B2
30108;30;L'Estréchure;C
30109;30;Euzet;C
30110;30;Flaux;C
30111;30;Foissac;C
30112;30;Fons;C
30113;30;Fons-sur-Lussan;C
30114;30;Fontanès;C
30115;30;Fontarèches;C
30116;30;Fournès;C
30117;30;Fourques;B1
30119;30;Fressac;C
30120;30;Gagnières;C
30121;30;Gailhan;C
30122;30;Gajan;C
30123;30;Gallargues-le-Montueux;B1
30124;30;Le Garn;C
30125;30;Garons;B1
30126;30;Garrigues-Sainte-Eulalie;C
30127;30;Gaujac;C
30128;30;Générac;B1
30129;30;Générargues;C
30130;30;Génolhac;C
30131;30;Goudargues;C
30132;30;La Grand-Combe;C
30133;30;Le Grau-du-Roi;A
30134;30;Issirac;C
30135;30;Jonquières-Saint-Vincent;B2
30136;30;Junas;B1
30137;30;Lamelouze;C
30138;30;Langlade;B1
30139;30;Lanuéjols;C
30140;30;Lasalle;C
30141;30;Laudun-l'Ardoise;B1
30142;30;Laval-Pradel;C
30143;30;Laval-Saint-Roman;C
30144;30;Lecques;C
30145;30;Lédenon;C
30146;30;Lédignan;C
30147;30;Lézan;C
30148;30;Liouc;C
30149;30;Lirac;C
30150;30;Logrian-Florian;C
30151;30;Lussan;C
30152;30;Les Mages;C
30153;30;Malons-et-Elze;C
30154;30;Mandagout;C
30155;30;Manduel;B1
30156;30;Marguerittes;B1
30158;30;Martignargues;C
30159;30;Le Martinet;C
30160;30;Maruéjols-lès-Gardon;C
30161;30;Massanes;C
30162;30;Massillargues-Attuech;C
30163;30;Mauressargues;C
30164;30;Méjannes-le-Clap;C
30165;30;Méjannes-lès-Alès;B2
30166;30;Meynes;C
30167;30;Meyrannes;C
30168;30;Mialet;C
30169;30;Milhaud;B1
30170;30;Molières-Cavaillac;C
30171;30;Molières-sur-Cèze;C
30172;30;Monoblet;C
30173;30;Mons;C
30174;30;Montaren-et-Saint-Médiers;C
30175;30;Montclus;C
30176;30;Montdardier;C
30177;30;Monteils;C
30178;30;Montfaucon;C
30179;30;Montfrin;C
30180;30;Montignargues;C
30181;30;Montmirat;C
30182;30;Montpezat;C
30183;30;Moulézan;C
30184;30;Moussac;C
30185;30;Mus;B1
30186;30;Nages-et-Solorgues;B1
30187;30;Navacelles;C
30188;30;Ners;C
30189;30;Nîmes;B1
30191;30;Orsan;B2
30192;30;Orthoux-Sérignac-Quilhan;C
30193;30;Parignargues;C
30194;30;Peyremale;C
30195;30;Peyrolles;C
30196;30;Le Pin;C
30197;30;Les Plans;C
30198;30;Les Plantiers;C
30199;30;Pommiers;C
30200;30;Pompignan;C
30201;30;Ponteils-et-Brésis;C
30202;30;Pont-Saint-Esprit;C
30203;30;Portes;C
30204;30;Potelières;C
30205;30;Pougnadoresse;C
30206;30;Poulx;B1
30207;30;Pouzilhac;C
30208;30;Puechredon;C
30209;30;Pujaut;B1
30210;30;Quissac;C
30211;30;Redessan;B1
30212;30;Remoulins;C
30213;30;Revens;C
30214;30;Ribaute-les-Tavernes;C
30215;30;Rivières;C
30216;30;Robiac-Rochessadoule;C
30217;30;Rochefort-du-Gard;B1
30218;30;Rochegude;C
30219;30;Rogues;C
30220;30;Roquedur;C
30221;30;Roquemaure;B1
30222;30;La Roque-sur-Cèze;C
30223;30;Rousson;B2
30224;30;La Rouvière;C
30225;30;Sabran;C
30226;30;Saint-Alexandre;C
30227;30;Saint-Ambroix;C
30228;30;Sainte-Anastasie;C
30229;30;Saint-André-de-Majencoules;C
30230;30;Saint-André-de-Roquepertuis;C
30231;30;Saint-André-de-Valborgne;C
30232;30;Saint-André-d'Olérargues;C
30233;30;Saint-Bauzély;C
30234;30;Saint-Bénézet;C
30235;30;Saint-Bonnet-du-Gard;C
30236;30;Saint-Bonnet-de-Salendrinque;C
30237;30;Saint-Brès;C
30238;30;Saint-Bresson;C
30239;30;Sainte-Cécile-d'Andorge;C
30240;30;Saint-Césaire-de-Gauzignan;C
30241;30;Saint-Chaptes;B2
30242;30;Saint-Christol-de-Rodières;C
30243;30;Saint-Christol-lez-Alès;B2
30244;30;Saint-Clément;C
30245;30;Saint-Côme-et-Maruéjols;B2
30246;30;Sainte-Croix-de-Caderle;C
30247;30;Saint-Denis;C
30248;30;Saint-Dézéry;C
30249;30;Saint-Dionisy;B1
30250;30;Saint-Étienne-de-l'Olm;C
30251;30;Saint-Étienne-des-Sorts;C
30252;30;Saint-Félix-de-Pallières;C
30253;30;Saint-Florent-sur-Auzonnet;C
30254;30;Saint-Geniès-de-Comolas;C
30255;30;Saint-Geniès-de-Malgoirès;C
30256;30;Saint-Gervais;C
30257;30;Saint-Gervasy;B1
30258;30;Saint-Gilles;B2
30259;30;Saint-Hilaire-de-Brethmas;B2
30260;30;Saint-Hilaire-d'Ozilhan;B2
30261;30;Saint-Hippolyte-de-Caton;C
30262;30;Saint-Hippolyte-de-Montaigu;C
30263;30;Saint-Hippolyte-du-Fort;C
30264;30;Saint-Jean-de-Ceyrargues;C
30265;30;Saint-Jean-de-Crieulon;C
30266;30;Saint-Jean-de-Maruéjols-et-Avéjan;C
30267;30;Saint-Jean-de-Serres;C
30268;30;Saint-Jean-de-Valériscle;C
30269;30;Saint-Jean-du-Gard;C
30270;30;Saint-Jean-du-Pin;B2
30271;30;Saint-Julien-de-Cassagnas;C
30272;30;Saint-Julien-de-la-Nef;C
30273;30;Saint-Julien-de-Peyrolas;C
30274;30;Saint-Julien-les-Rosiers;B2
30275;30;Saint-Just-et-Vacquières;C
30276;30;Saint-Laurent-d'Aigouze;B1
30277;30;Saint-Laurent-de-Carnols;C
30278;30;Saint-Laurent-des-Arbres;B2
30279;30;Saint-Laurent-la-Vernède;C
30280;30;Saint-Laurent-le-Minier;C
30281;30;Saint-Mamert-du-Gard;C
30282;30;Saint-Marcel-de-Careiret;C
30283;30;Saint-Martial;C
30284;30;Saint-Martin-de-Valgalgues;B2
30285;30;Saint-Maurice-de-Cazevieille;C
30286;30;Saint-Maximin;C
30287;30;Saint-Michel-d'Euzet;C
30288;30;Saint-Nazaire;B2
30289;30;Saint-Nazaire-des-Gardies;C
30290;30;Saint-Paulet-de-Caisson;C
30291;30;Saint-Paul-la-Coste;C
30292;30;Saint-Pons-la-Calm;C
30293;30;Saint-Privat-de-Champclos;C
30294;30;Saint-Privat-des-Vieux;B2
30295;30;Saint-Quentin-la-Poterie;C
30296;30;Saint-Roman-de-Codières;C
30297;30;Saint-Sauveur-Camprieu;C
30298;30;Saint-Sébastien-d'Aigrefeuille;C
30299;30;Saint-Siffret;C
30300;30;Saint-Théodorit;C
30301;30;Saint-Victor-des-Oules;C
30302;30;Saint-Victor-la-Coste;B2
30303;30;Saint-Victor-de-Malcap;C
30304;30;Salazac;C
30305;30;Salindres;B2
30306;30;Salinelles;C
30307;30;Les Salles-du-Gardon;C
30308;30;Sanilhac-Sagriès;C
30309;30;Sardan;C
30310;30;Saumane;C
30311;30;Sauve;C
30312;30;Sauveterre;B1
30313;30;Sauzet;C
30314;30;Savignargues;C
30315;30;Saze;B2
30316;30;Sénéchas;C
30317;30;Sernhac;B2
30318;30;Servas;C
30319;30;Serviers-et-Labaume;C
30320;30;Seynes;C
30321;30;Sommières;B1
30322;30;Soudorgues;C
30323;30;Soustelle;C
30324;30;Souvignargues;C
30325;30;Sumène;C
30326;30;Tavel;B2
30327;30;Tharaux;C
30328;30;Théziers;C
30329;30;Thoiras-Corbès;C
30330;30;Tornac;C
30331;30;Tresques;B2
30332;30;Trèves;C
30333;30;Uchaud;B1
30334;30;Uzès;B1
30335;30;Vabres;C
30336;30;Vallabrègues;B2
30337;30;Vallabrix;C
30338;30;Vallérargues;C
30339;30;Val-d'Aigoual;C
30340;30;Valliguières;C
30341;30;Vauvert;B1
30342;30;Vénéjan;C
30343;30;Verfeuil;C
30344;30;Vergèze;B1
30345;30;La Vernarède;C
30346;30;Vers-Pont-du-Gard;C
30347;30;Vestric-et-Candiac;B1
30348;30;Vézénobres;C
30349;30;Vic-le-Fesq;C
30350;30;Le Vigan;C
30351;30;Villeneuve-lès-Avignon;B1
30352;30;Villevieille;C
30353;30;Vissec;C
30354;30;Montagnac;C
30355;30;Saint-Paul-les-Fonts;C
30356;30;Rodilhan;B1
31001;31;Agassac;C
31002;31;Aignes;C
31003;31;Aigrefeuille;B2
31004;31;Ayguesvives;C
31005;31;Alan;C
31006;31;Albiac;C
31007;31;Ambax;C
31008;31;Anan;C
31009;31;Antichan-de-Frontignes;C
31010;31;Antignac;C
31011;31;Arbas;C
31012;31;Arbon;C
31013;31;Ardiège;C
31014;31;Arguenos;C
31015;31;Argut-Dessous;C
31017;31;Arlos;C
31018;31;Arnaud-Guilhem;C
31019;31;Artigue;C
31020;31;Aspet;C
31021;31;Aspret-Sarrat;C
31022;31;Aucamville;B1
31023;31;Aulon;C
31024;31;Auragne;C
31025;31;Aureville;C
31026;31;Auriac-sur-Vendinelle;C
31027;31;Auribail;C
31028;31;Aurignac;C
31029;31;Aurin;C
31030;31;Ausseing;C
31031;31;Ausson;C
31032;31;Aussonne;B1
31033;31;Auterive;B1
31034;31;Auzas;C
31035;31;Auzeville-Tolosane;B1
31036;31;Auzielle;B1
31037;31;Avignonet-Lauragais;C
31038;31;Azas;C
31039;31;Bachas;C
31040;31;Bachos;C
31041;31;Bagiry;C
31042;31;Bagnères-de-Luchon;C
31043;31;Balesta;C
31044;31;Balma;B1
31045;31;Barbazan;C
31046;31;Baren;C
31047;31;Bax;C
31048;31;Baziège;C
31049;31;Bazus;B1
31050;31;Beauchalot;C
31051;31;Beaufort;C
31052;31;Beaumont-sur-Lèze;C
31053;31;Beaupuy;B1
31054;31;Beauteville;C
31055;31;Beauville;C
31056;31;Beauzelle;B1
31057;31;Belberaud;B1
31058;31;Belbèze-de-Lauragais;C
31059;31;Belbèze-en-Comminges;C
31060;31;Bélesta-en-Lauragais;C
31061;31;Bellegarde-Sainte-Marie;C
31062;31;Bellesserre;C
31063;31;Benque;C
31064;31;Benque-Dessous-et-Dessus;C
31065;31;Bérat;C
31066;31;Bessières;C
31067;31;Bezins-Garraux;C
31068;31;Billière;C
31069;31;Blagnac;A
31070;31;Blajan;C
31071;31;Bois-de-la-Pierre;C
31072;31;Boissède;C
31073;31;Bondigoux;C
31074;31;Bonrepos-Riquet;C
31075;31;Bonrepos-sur-Aussonnelle;C
31076;31;Bordes-de-Rivière;C
31077;31;Le Born;C
31078;31;Boudrac;C
31079;31;Bouloc;B1
31080;31;Boulogne-sur-Gesse;C
31081;31;Bourg-d'Oueil;C
31082;31;Bourg-Saint-Bernard;C
31083;31;Boussan;C
31084;31;Boussens;C
31085;31;Boutx;C
31086;31;Bouzin;C
31087;31;Bragayrac;C
31088;31;Brax;B1
31089;31;Bretx;C
31090;31;Brignemont;C
31091;31;Bruguières;B1
31092;31;Burgalays;C
31093;31;Le Burgaud;C
31094;31;Buzet-sur-Tarn;C
31095;31;Cabanac-Cazaux;C
31096;31;Cabanac-Séguenville;C
31097;31;Le Cabanial;C
31098;31;Cadours;C
31099;31;Caignac;C
31100;31;Calmont;C
31101;31;Cambernard;C
31102;31;Cambiac;C
31103;31;Canens;C
31104;31;Capens;C
31105;31;Caragoudes;C
31106;31;Caraman;C
31107;31;Carbonne;B1
31108;31;Cardeilhac;C
31109;31;Cassagnabère-Tournas;C
31110;31;Cassagne;C
31111;31;Castagnac;C
31112;31;Castagnède;C
31113;31;Castanet-Tolosan;B1
31114;31;Castelbiague;C
31115;31;Castelgaillard;C
31116;31;Castelginest;B1
31117;31;Castelmaurou;B1
31118;31;Castelnau-d'Estrétefonds;B1
31119;31;Castelnau-Picampeau;C
31120;31;Le Castéra;C
31121;31;Castéra-Vignoles;C
31122;31;Casties-Labrande;C
31123;31;Castillon-de-Larboust;C
31124;31;Castillon-de-Saint-Martory;C
31125;31;Cathervielle;C
31126;31;Caubiac;C
31127;31;Caubous;C
31128;31;Caujac;C
31129;31;Cazarilh-Laspènes;C
31130;31;Cazaril-Tambourès;C
31131;31;Cazaunous;C
31132;31;Cazaux-Layrisse;C
31133;31;Cazeaux-de-Larboust;C
31134;31;Cazeneuve-Montaut;C
31135;31;Cazères;C
31136;31;Cépet;B1
31137;31;Cessales;C
31138;31;Charlas;C
31139;31;Chaum;C
31140;31;Chein-Dessus;C
31141;31;Ciadoux;C
31142;31;Cier-de-Luchon;C
31143;31;Cier-de-Rivière;C
31144;31;Cierp-Gaud;C
31145;31;Cintegabelle;C
31146;31;Cirès;C
31147;31;Clarac;C
31148;31;Clermont-le-Fort;B1
31149;31;Colomiers;A
31150;31;Cornebarrieu;B1
31151;31;Corronsac;B1
31152;31;Coueilles;C
31153;31;Couladère;C
31155;31;Couret;C
31156;31;Cox;C
31157;31;Cugnaux;B1
31158;31;Cuguron;C
31159;31;Le Cuing;C
31160;31;Daux;B1
31161;31;Deyme;B1
31162;31;Donneville;B1
31163;31;Drémil-Lafage;B1
31164;31;Drudas;C
31165;31;Eaunes;B1
31166;31;Empeaux;C
31167;31;Encausse-les-Thermes;C
31168;31;Eoux;C
31169;31;Escalquens;B1
31170;31;Escanecrabe;C
31171;31;Espanès;C
31172;31;Esparron;C
31173;31;Esperce;C
31174;31;Estadens;C
31175;31;Estancarbon;C
31176;31;Esténos;C
31177;31;Eup;C
31178;31;Fabas;C
31179;31;Le Faget;C
31180;31;Falga;C
31181;31;Le Fauga;C
31182;31;Fenouillet;B1
31183;31;Figarol;C
31184;31;Flourens;B1
31185;31;Folcarde;C
31186;31;Fonbeauzard;B1
31187;31;Fonsorbes;B1
31188;31;Fontenilles;B1
31189;31;Forgues;C
31190;31;Fos;C
31191;31;Fougaron;C
31192;31;Fourquevaux;B1
31193;31;Le Fousseret;C
31194;31;Francarville;C
31195;31;Francazal;C
31196;31;Francon;C
31197;31;Franquevielle;C
31198;31;Le Fréchet;C
31199;31;Fronsac;C
31200;31;Frontignan-de-Comminges;C
31201;31;Frontignan-Savès;C
31202;31;Fronton;B1
31203;31;Frouzins;B1
31204;31;Fustignac;C
31205;31;Gagnac-sur-Garonne;B1
31206;31;Gaillac-Toulza;C
31207;31;Galié;C
31208;31;Ganties;C
31209;31;Garac;C
31210;31;Gardouch;C
31211;31;Gargas;C
31212;31;Garidech;B1
31213;31;Garin;C
31215;31;Gauré;B1
31216;31;Gémil;B1
31217;31;Génos;C
31218;31;Gensac-de-Boulogne;C
31219;31;Gensac-sur-Garonne;C
31220;31;Gibel;C
31221;31;Gouaux-de-Larboust;C
31222;31;Gouaux-de-Luchon;C
31223;31;Goudex;C
31224;31;Gourdan-Polignan;C
31225;31;Goutevernisse;C
31226;31;Gouzens;C
31227;31;Goyrans;B1
31228;31;Gragnague;C
31229;31;Gratens;C
31230;31;Gratentour;B1
31231;31;Grazac;C
31232;31;Grenade;B1
31233;31;Grépiac;C
31234;31;Le Grès;C
31235;31;Guran;C
31236;31;Herran;C
31237;31;His;C
31238;31;Huos;C
31239;31;L'Isle-en-Dodon;C
31240;31;Issus;C
31241;31;Izaut-de-l'Hôtel;C
31242;31;Jurvielle;C
31243;31;Juzes;C
31244;31;Juzet-de-Luchon;C
31245;31;Juzet-d'Izaut;C
31246;31;Labarthe-Inard;C
31247;31;Labarthe-Rivière;C
31248;31;Labarthe-sur-Lèze;B1
31249;31;Labastide-Beauvoir;C
31250;31;Labastide-Clermont;C
31251;31;Labastide-Paumès;C
31252;31;Labastide-Saint-Sernin;B1
31253;31;Labastidette;C
31254;31;Labège;A
31255;31;Labroquère;C
31256;31;Labruyère-Dorsa;C
31258;31;Lacaugne;C
31259;31;Lacroix-Falgarde;B1
31260;31;Laffite-Toupière;C
31261;31;Lafitte-Vigordane;C
31262;31;Lagarde;C
31263;31;Lagardelle-sur-Lèze;C
31264;31;Lagrâce-Dieu;C
31265;31;Lagraulet-Saint-Nicolas;C
31266;31;Lahage;C
31267;31;Lahitère;C
31268;31;Lalouret-Laffiteau;C
31269;31;Lamasquère;C
31270;31;Landorthe;C
31271;31;Lanta;C
31272;31;Lapeyrère;C
31273;31;Lapeyrouse-Fossat;B1
31274;31;Larcan;C
31275;31;Laréole;C
31276;31;Larroque;C
31277;31;Lasserre-Pradère;C
31278;31;Latoue;C
31279;31;Latour;C
31280;31;Latrape;C
31281;31;Launac;C
31282;31;Launaguet;B1
31283;31;Lautignac;C
31284;31;Lauzerville;B1
31285;31;Lavalette;C
31286;31;Lavelanet-de-Comminges;C
31287;31;Lavernose-Lacasse;C
31288;31;Layrac-sur-Tarn;C
31289;31;Lécussan;C
31290;31;Lège;C
31291;31;Léguevin;B1
31292;31;Lescuns;C
31293;31;Lespinasse;B1
31294;31;Lespiteau;C
31295;31;Lespugue;C
31296;31;Lestelle-de-Saint-Martory;C
31297;31;Lévignac;C
31299;31;Lherm;C
31300;31;Lieoux;C
31301;31;Lilhac;C
31302;31;Lodes;C
31303;31;Longages;C
31304;31;Loubens-Lauragais;C
31305;31;Loudet;C
31306;31;Lourde;C
31308;31;Luscan;C
31309;31;Lussan-Adeilhac;C
31310;31;Lux;C
31311;31;La Magdelaine-sur-Tarn;C
31312;31;Mailholas;C
31313;31;Malvezie;C
31314;31;Mancioux;C
31315;31;Mane;C
31316;31;Marignac;C
31317;31;Marignac-Lasclares;C
31318;31;Marignac-Laspeyres;C
31319;31;Marliac;C
31320;31;Marquefave;C
31321;31;Marsoulas;C
31322;31;Martisserre;C
31323;31;Martres-de-Rivière;C
31324;31;Martres-Tolosane;C
31325;31;Mascarville;C
31326;31;Massabrac;C
31327;31;Mauran;C
31328;31;Mauremont;C
31329;31;Maurens;C
31330;31;Mauressac;C
31331;31;Maureville;C
31332;31;Mauvaisin;C
31333;31;Mauvezin;C
31334;31;Mauzac;C
31335;31;Mayrègne;C
31336;31;Mazères-sur-Salat;C
31337;31;Melles;C
31338;31;Menville;C
31339;31;Mérenvielle;C
31340;31;Mervilla;B1
31341;31;Merville;B1
31342;31;Milhas;C
31343;31;Mirambeau;C
31344;31;Miramont-de-Comminges;C
31345;31;Miremont;C
31346;31;Mirepoix-sur-Tarn;C
31347;31;Molas;C
31348;31;Moncaup;C
31349;31;Mondavezan;C
31350;31;Mondilhan;C
31351;31;Mondonville;B1
31352;31;Mondouzil;B1
31353;31;Monès;C
31354;31;Monestrol;C
31355;31;Mons;B1
31356;31;Montaigut-sur-Save;C
31357;31;Montastruc-de-Salies;C
31358;31;Montastruc-la-Conseillère;C
31359;31;Montastruc-Savès;C
31360;31;Montauban-de-Luchon;C
31361;31;Montaut;C
31362;31;Montberaud;C
31363;31;Montbernard;C
31364;31;Montberon;B1
31365;31;Montbrun-Bocage;C
31366;31;Montbrun-Lauragais;C
31367;31;Montclar-de-Comminges;C
31368;31;Montclar-Lauragais;C
31369;31;Mont-de-Galié;C
31370;31;Montégut-Bourjac;C
31371;31;Montégut-Lauragais;C
31372;31;Montespan;C
31373;31;Montesquieu-Guittaut;C
31374;31;Montesquieu-Lauragais;C
31375;31;Montesquieu-Volvestre;C
31376;31;Montgaillard-de-Salies;C
31377;31;Montgaillard-Lauragais;C
31378;31;Montgaillard-sur-Save;C
31379;31;Montgazin;C
31380;31;Montgeard;C
31381;31;Montgiscard;B1
31382;31;Montgras;C
31383;31;Montjoire;C
31384;31;Montlaur;B1
31385;31;Montmaurin;C
31386;31;Montoulieu-Saint-Bernard;C
31387;31;Montoussin;C
31388;31;Montpitol;C
31389;31;Montrabé;B1
31390;31;Montréjeau;C
31391;31;Montsaunès;C
31392;31;Mourvilles-Basses;C
31393;31;Mourvilles-Hautes;C
31394;31;Moustajon;C
31395;31;Muret;B1
31396;31;Nailloux;C
31397;31;Nénigan;C
31398;31;Nizan-Gesse;C
31399;31;Noé;C
31400;31;Nogaret;C
31401;31;Noueilles;C
31402;31;Odars;C
31403;31;Ondes;C
31404;31;Oô;C
31405;31;Ore;C
31406;31;Palaminy;C
31407;31;Paulhac;C
31408;31;Payssous;C
31409;31;Péchabou;B1
31410;31;Pechbonnieu;B1
31411;31;Pechbusque;B1
31412;31;Péguilhan;C
31413;31;Pelleport;C
31414;31;Peyrissas;C
31415;31;Peyrouzet;C
31416;31;Peyssies;C
31417;31;Pibrac;B1
31418;31;Pin-Balma;B1
31419;31;Le Pin-Murelet;C
31420;31;Pinsaguel;B1
31421;31;Pins-Justaret;B1
31422;31;Plagne;C
31423;31;Plagnole;C
31424;31;Plaisance-du-Touch;B1
31425;31;Le Plan;C
31426;31;Pointis-de-Rivière;C
31427;31;Pointis-Inard;C
31428;31;Polastron;C
31429;31;Pompertuzat;B1
31430;31;Ponlat-Taillebourg;C
31431;31;Portet-d'Aspet;C
31432;31;Portet-de-Luchon;C
31433;31;Portet-sur-Garonne;B1
31434;31;Poubeau;C
31435;31;Poucharramet;C
31436;31;Pouy-de-Touges;C
31437;31;Pouze;C
31439;31;Préserville;C
31440;31;Proupiary;C
31441;31;Prunet;C
31442;31;Puydaniel;C
31443;31;Puymaurin;C
31444;31;Puysségur;C
31445;31;Quint-Fonsegrives;B1
31446;31;Ramonville-Saint-Agne;B1
31447;31;Razecueillé;C
31448;31;Rebigue;B1
31449;31;Régades;C
31450;31;Renneville;C
31451;31;Revel;C
31452;31;Rieucazé;C
31453;31;Rieumajou;C
31454;31;Rieumes;C
31455;31;Rieux-Volvestre;C
31456;31;Riolas;C
31457;31;Roquefort-sur-Garonne;C
31458;31;Roques;B1
31459;31;Roquesérière;C
31460;31;Roquettes;B1
31461;31;Rouède;C
31462;31;Rouffiac-Tolosan;B1
31463;31;Roumens;C
31464;31;Sabonnères;C
31465;31;Saccourvielle;C
31466;31;Saiguède;C
31467;31;Saint-Alban;B1
31468;31;Saint-André;C
31469;31;Saint-Araille;C
31470;31;Saint-Aventin;C
31471;31;Saint-Béat-Lez;C
31472;31;Saint-Bertrand-de-Comminges;C
31473;31;Saint-Cézert;C
31474;31;Saint-Christaud;C
31475;31;Saint-Clar-de-Rivière;C
31476;31;Saint-Élix-le-Château;C
31477;31;Saint-Élix-Séglan;C
31478;31;Saint-Félix-Lauragais;C
31479;31;Saint-Ferréol-de-Comminges;C
31480;31;Sainte-Foy-d'Aigrefeuille;B1
31481;31;Sainte-Foy-de-Peyrolières;C
31482;31;Saint-Frajou;C
31483;31;Saint-Gaudens;C
31484;31;Saint-Geniès-Bellevue;B1
31485;31;Saint-Germier;C
31486;31;Saint-Hilaire;C
31487;31;Saint-Ignan;C
31488;31;Saint-Jean;B1
31489;31;Saint-Jean-Lherm;C
31490;31;Saint-Jory;B1
31491;31;Saint-Julia;C
31492;31;Saint-Julien-sur-Garonne;C
31493;31;Saint-Lary-Boujean;C
31494;31;Saint-Laurent;C
31495;31;Saint-Léon;C
31496;31;Sainte-Livrade;C
31497;31;Saint-Loup-Cammas;B1
31498;31;Saint-Loup-en-Comminges;C
31499;31;Saint-Lys;B2
31500;31;Saint-Mamet;C
31501;31;Saint-Marcel-Paulel;C
31502;31;Saint-Marcet;C
31503;31;Saint-Martory;C
31504;31;Saint-Médard;C
31505;31;Saint-Michel;C
31506;31;Saint-Orens-de-Gameville;B1
31507;31;Saint-Paul-sur-Save;C
31508;31;Saint-Paul-d'Oueil;C
31509;31;Saint-Pé-d'Ardet;C
31510;31;Saint-Pé-Delbosc;C
31511;31;Saint-Pierre;C
31512;31;Saint-Pierre-de-Lages;C
31513;31;Saint-Plancard;C
31514;31;Saint-Rome;C
31515;31;Saint-Rustice;C
31516;31;Saint-Sauveur;B1
31517;31;Saint-Sulpice-sur-Lèze;C
31518;31;Saint-Thomas;C
31519;31;Saint-Vincent;C
31520;31;Sajas;C
31521;31;Saleich;C
31522;31;Salerm;C
31523;31;Salies-du-Salat;C
31524;31;Salles-et-Pratviel;C
31525;31;Salles-sur-Garonne;C
31526;31;La Salvetat-Saint-Gilles;B1
31527;31;La Salvetat-Lauragais;C
31528;31;Saman;C
31529;31;Samouillan;C
31530;31;Sana;C
31531;31;Sarrecave;C
31532;31;Sarremezan;C
31533;31;Saubens;B1
31534;31;Saussens;C
31535;31;Sauveterre-de-Comminges;C
31536;31;Saux-et-Pomarède;C
31537;31;Savarthès;C
31538;31;Savères;C
31539;31;Sédeilhac;C
31540;31;Ségreville;C
31541;31;Seilh;B1
31542;31;Seilhan;C
31543;31;Sénarens;C
31544;31;Sengouagnet;C
31545;31;Sepx;C
31546;31;Seyre;C
31547;31;Seysses;B1
31548;31;Signac;C
31549;31;Sode;C
31550;31;Soueich;C
31551;31;Tarabel;C
31552;31;Terrebasse;C
31553;31;Thil;C
31554;31;Touille;C
31555;31;Toulouse;A
31556;31;Les Tourreilles;C
31557;31;Tournefeuille;B1
31558;31;Toutens;C
31559;31;Trébons-de-Luchon;C
31560;31;Trébons-sur-la-Grasse;C
31561;31;L'Union;A
31562;31;Urau;C
31563;31;Vacquiers;C
31564;31;Valcabrère;C
31565;31;Valentine;C
31566;31;Vallègue;C
31567;31;Vallesvilles;C
31568;31;Varennes;C
31569;31;Vaudreuille;C
31570;31;Vaux;C
31571;31;Vendine;C
31572;31;Venerque;C
31573;31;Verfeil;C
31574;31;Vernet;C
31575;31;Vieille-Toulouse;B1
31576;31;Vieillevigne;C
31577;31;Vignaux;C
31578;31;Vigoulet-Auzil;B1
31579;31;Villariès;C
31580;31;Villate;B1
31581;31;Villaudric;C
31582;31;Villefranche-de-Lauragais;C
31583;31;Villematier;C
31584;31;Villemur-sur-Tarn;B1
31585;31;Villeneuve-de-Rivière;C
31586;31;Villeneuve-Lécussan;C
31587;31;Villeneuve-lès-Bouloc;C
31588;31;Villeneuve-Tolosane;B1
31589;31;Villenouvelle;C
31590;31;Binos;C
31591;31;Escoulis;C
31592;31;Larra;C
31593;31;Cazac;C
32001;32;Aignan;C
32002;32;Ansan;C
32003;32;Antras;C
32004;32;Arblade-le-Bas;C
32005;32;Arblade-le-Haut;C
32007;32;Ardizas;C
32008;32;Armentieux;C
32009;32;Armous-et-Cau;C
32010;32;Arrouède;C
32012;32;Aubiet;C
32013;32;Auch;C
32014;32;Augnax;C
32015;32;Aujan-Mournède;C
32016;32;Auradé;C
32017;32;Aurensan;C
32018;32;Aurimont;C
32019;32;Auterive;C
32020;32;Aux-Aussat;C
32021;32;Avensac;C
32022;32;Avéron-Bergelle;C
32023;32;Avezan;C
32024;32;Ayguetinte;C
32025;32;Ayzieu;C
32026;32;Bajonnette;C
32027;32;Barcelonne-du-Gers;C
32028;32;Barcugnan;C
32029;32;Barran;C
32030;32;Bars;C
32031;32;Bascous;C
32032;32;Bassoues;C
32033;32;Bazian;C
32034;32;Bazugues;C
32035;32;Beaucaire;C
32036;32;Beaumarchés;C
32037;32;Beaumont;C
32038;32;Beaupuy;C
32039;32;Beccas;C
32040;32;Bédéchan;C
32041;32;Bellegarde;C
32042;32;Belloc-Saint-Clamens;C
32043;32;Belmont;C
32044;32;Béraut;C
32045;32;Berdoues;C
32046;32;Bernède;C
32047;32;Berrac;C
32048;32;Betcave-Aguin;C
32049;32;Bétous;C
32050;32;Betplan;C
32051;32;Bézéril;C
32052;32;Bezolles;C
32053;32;Bézues-Bajon;C
32054;32;Biran;C
32055;32;Bivès;C
32056;32;Blanquefort;C
32057;32;Blaziert;C
32058;32;Blousson-Sérian;C
32059;32;Bonas;C
32060;32;Boucagnères;C
32061;32;Boulaur;C
32062;32;Bourrouillan;C
32063;32;Bouzon-Gellenave;C
32064;32;Bretagne-d'Armagnac;C
32065;32;Le Brouilh-Monbert;C
32066;32;Brugnens;C
32068;32;Cadeilhan;C
32069;32;Cadeillan;C
32070;32;Cahuzac-sur-Adour;C
32071;32;Caillavet;C
32072;32;Callian;C
32073;32;Campagne-d'Armagnac;C
32075;32;Cassaigne;C
32076;32;Castelnau-Barbarens;C
32077;32;Castelnau-d'Anglès;C
32078;32;Castelnau-d'Arbieu;C
32079;32;Castelnau d'Auzan Labarrère;C
32080;32;Castelnau-sur-l'Auvignon;C
32081;32;Castelnavet;C
32082;32;Castéra-Lectourois;C
32083;32;Castéra-Verduzan;C
32084;32;Castéron;C
32085;32;Castet-Arrouy;C
32086;32;Castex;C
32087;32;Castex-d'Armagnac;C
32088;32;Castillon-Debats;C
32089;32;Castillon-Massas;C
32090;32;Castillon-Savès;C
32091;32;Castin;C
32092;32;Catonvielle;C
32093;32;Caumont;C
32094;32;Caupenne-d'Armagnac;C
32095;32;Caussens;C
32096;32;Cazaubon;C
32097;32;Cazaux-d'Anglès;C
32098;32;Cazaux-Savès;C
32099;32;Cazaux-Villecomtal;C
32100;32;Cazeneuve;C
32101;32;Céran;C
32102;32;Cézan;C
32103;32;Chélan;C
32104;32;Clermont-Pouyguillès;C
32105;32;Clermont-Savès;C
32106;32;Cologne;C
32107;32;Condom;C
32108;32;Corneillan;C
32109;32;Couloumé-Mondebat;C
32110;32;Courrensan;C
32111;32;Courties;C
32112;32;Crastes;C
32113;32;Cravencères;C
32114;32;Cuélas;C
32115;32;Dému;C
32116;32;Duffort;C
32117;32;Duran;C
32118;32;Durban;C
32119;32;Eauze;C
32120;32;Encausse;C
32121;32;Endoufielle;C
32122;32;Esclassan-Labastide;C
32123;32;Escornebœuf;C
32124;32;Espaon;C
32125;32;Espas;C
32126;32;Estampes;C
32127;32;Estang;C
32128;32;Estipouy;C
32129;32;Estramiac;C
32130;32;Faget-Abbatial;C
32131;32;Flamarens;C
32132;32;Fleurance;C
32133;32;Fourcès;C
32134;32;Frégouville;C
32135;32;Fustérouau;C
32136;32;Galiax;C
32138;32;Garravet;C
32139;32;Gaudonville;C
32140;32;Gaujac;C
32141;32;Gaujan;C
32142;32;Gavarret-sur-Aulouste;C
32143;32;Gazaupouy;C
32144;32;Gazax-et-Baccarisse;C
32145;32;Gée-Rivière;C
32146;32;Gimbrède;C
32147;32;Gimont;C
32148;32;Giscaro;C
32149;32;Gondrin;C
32150;32;Goutz;C
32151;32;Goux;C
32152;32;Haget;C
32153;32;Haulies;C
32154;32;Homps;C
32155;32;Le Houga;C
32156;32;Idrac-Respaillès;C
32157;32;L'Isle-Arné;C
32158;32;L'Isle-Bouzon;C
32159;32;L'Isle-de-Noé;C
32160;32;L'Isle-Jourdain;B1
32161;32;Izotges;C
32162;32;Jegun;C
32163;32;Jû-Belloc;C
32164;32;Juillac;C
32165;32;Juilles;C
32166;32;Justian;C
32167;32;Laas;C
32169;32;Labarthe;C
32170;32;Labarthète;C
32171;32;Labastide-Savès;C
32172;32;Labéjan;C
32173;32;Labrihe;C
32174;32;Ladevèze-Rivière;C
32175;32;Ladevèze-Ville;C
32176;32;Lagarde;C
32177;32;Lagarde-Hachan;C
32178;32;Lagardère;C
32180;32;Lagraulet-du-Gers;C
32181;32;Laguian-Mazous;C
32182;32;Lahas;C
32183;32;Lahitte;C
32184;32;Lalanne;C
32185;32;Lalanne-Arqué;C
32186;32;Lamaguère;C
32187;32;Lamazère;C
32188;32;Lamothe-Goas;C
32189;32;Lannemaignan;C
32190;32;Lannepax;C
32191;32;Lanne-Soubiran;C
32192;32;Lannux;C
32193;32;Larée;C
32194;32;Larressingle;C
32195;32;Larroque-Engalin;C
32196;32;Larroque-Saint-Sernin;C
32197;32;Larroque-sur-l'Osse;C
32198;32;Lartigue;C
32199;32;Lasserrade;C
32200;32;Lasséran;C
32201;32;Lasseube-Propre;C
32202;32;Laujuzan;C
32203;32;Lauraët;C
32204;32;Lavardens;C
32205;32;Laveraët;C
32206;32;Laymont;C
32207;32;Leboulin;C
32208;32;Lectoure;C
32209;32;Lelin-Lapujolle;C
32210;32;Lias;C
32211;32;Lias-d'Armagnac;C
32212;32;Ligardes;C
32213;32;Lombez;C
32214;32;Loubédat;C
32215;32;Loubersan;C
32216;32;Lourties-Monbrun;C
32217;32;Louslitges;C
32218;32;Loussous-Débat;C
32219;32;Lupiac;C
32220;32;Luppé-Violles;C
32221;32;Lussan;C
32222;32;Magnan;C
32223;32;Magnas;C
32224;32;Maignaut-Tauzia;C
32225;32;Malabat;C
32226;32;Manas-Bastanous;C
32227;32;Manciet;C
32228;32;Manent-Montané;C
32229;32;Mansempuy;C
32230;32;Mansencôme;C
32231;32;Marambat;C
32232;32;Maravat;C
32233;32;Marciac;C
32234;32;Marestaing;C
32235;32;Margouët-Meymes;C
32236;32;Marguestau;C
32237;32;Marsan;C
32238;32;Marseillan;C
32239;32;Marsolan;C
32240;32;Mascaras;C
32241;32;Mas-d'Auvignon;C
32242;32;Masseube;C
32243;32;Mauléon-d'Armagnac;C
32244;32;Maulichères;C
32245;32;Maumusson-Laguian;C
32246;32;Maupas;C
32247;32;Maurens;C
32248;32;Mauroux;C
32249;32;Mauvezin;C
32250;32;Meilhan;C
32251;32;Mérens;C
32252;32;Miélan;C
32253;32;Miradoux;C
32254;32;Miramont-d'Astarac;C
32255;32;Miramont-Latour;C
32256;32;Mirande;C
32257;32;Mirannes;C
32258;32;Mirepoix;C
32261;32;Monblanc;C
32262;32;Monbrun;C
32263;32;Moncassin;C
32264;32;Monclar;C
32265;32;Monclar-sur-Losse;C
32266;32;Moncorneil-Grazan;C
32267;32;Monferran-Plavès;C
32268;32;Monferran-Savès;C
32269;32;Monfort;C
32270;32;Mongausy;C
32271;32;Monguilhem;C
32272;32;Monlaur-Bernet;C
32273;32;Monlezun;C
32274;32;Monlezun-d'Armagnac;C
32275;32;Monpardiac;C
32276;32;Montadet;C
32277;32;Montamat;C
32278;32;Montaut;C
32279;32;Montaut-les-Créneaux;C
32280;32;Mont-d'Astarac;C
32281;32;Mont-de-Marrast;C
32282;32;Montégut;C
32283;32;Montégut-Arros;C
32284;32;Montégut-Savès;C
32285;32;Montesquiou;C
32286;32;Montestruc-sur-Gers;C
32287;32;Monties;C
32288;32;Montiron;C
32289;32;Montpezat;C
32290;32;Montréal;C
32291;32;Mormès;C
32292;32;Mouchan;C
32293;32;Mouchès;C
32294;32;Mourède;C
32295;32;Nizas;C
32296;32;Nogaro;C
32297;32;Noilhan;C
32298;32;Nougaroulet;C
32299;32;Noulens;C
32300;32;Orbessan;C
32301;32;Ordan-Larroque;C
32302;32;Ornézan;C
32303;32;Pallanne;C
32304;32;Panassac;C
32305;32;Panjas;C
32306;32;Pauilhac;C
32307;32;Pavie;C
32308;32;Pébées;C
32309;32;Pellefigue;C
32310;32;Perchède;C
32311;32;Pergain-Taillac;C
32312;32;Pessan;C
32313;32;Pessoulens;C
32314;32;Peyrecave;C
32315;32;Peyrusse-Grande;C
32316;32;Peyrusse-Massas;C
32317;32;Peyrusse-Vieille;C
32318;32;Pis;C
32319;32;Plaisance;C
32320;32;Plieux;C
32321;32;Polastron;C
32322;32;Pompiac;C
32323;32;Ponsampère;C
32324;32;Ponsan-Soubiran;C
32325;32;Pouydraguin;C
32326;32;Pouylebon;C
32327;32;Pouy-Loubrin;C
32328;32;Pouy-Roquelaure;C
32329;32;Préchac;C
32330;32;Préchac-sur-Adour;C
32331;32;Preignan;C
32332;32;Préneron;C
32333;32;Projan;C
32334;32;Pujaudran;C
32335;32;Puycasquier;C
32336;32;Puylausic;C
32337;32;Puységur;C
32338;32;Ramouzens;C
32339;32;Razengues;C
32340;32;Réans;C
32341;32;Réjaumont;C
32342;32;Ricourt;C
32343;32;Riguepeu;C
32344;32;Riscle;C
32345;32;La Romieu;C
32346;32;Roquebrune;C
32347;32;Roquefort;C
32348;32;Roquelaure;C
32349;32;Roquelaure-Saint-Aubin;C
32350;32;Roquepine;C
32351;32;Roques;C
32352;32;Rozès;C
32353;32;Sabaillan;C
32354;32;Sabazan;C
32355;32;Sadeillan;C
32356;32;Saint-André;C
32357;32;Sainte-Anne;C
32358;32;Saint-Antoine;C
32359;32;Saint-Antonin;C
32360;32;Saint-Arailles;C
32361;32;Saint-Arroman;C
32362;32;Saint-Aunix-Lengros;C
32363;32;Sainte-Aurence-Cazaux;C
32364;32;Saint-Avit-Frandat;C
32365;32;Cap d’Astarac;C
32366;32;Saint-Brès;C
32367;32;Saint-Christaud;C
32368;32;Sainte-Christie;C
32369;32;Sainte-Christie-d'Armagnac;C
32370;32;Saint-Clar;C
32371;32;Saint-Créac;C
32372;32;Saint-Cricq;C
32373;32;Sainte-Dode;C
32374;32;Saint-Élix-d'Astarac;C
32375;32;Saint-Élix-Theux;C
32376;32;Sainte-Gemme;C
32377;32;Saint-Georges;C
32378;32;Saint-Germé;C
32379;32;Saint-Germier;C
32380;32;Saint-Griède;C
32381;32;Saint-Jean-le-Comtal;C
32382;32;Saint-Jean-Poutge;C
32383;32;Saint-Justin;C
32384;32;Saint-Lary;C
32385;32;Saint-Léonard;C
32386;32;Saint-Lizier-du-Planté;C
32387;32;Saint-Loube;C
32388;32;Sainte-Marie;C
32389;32;Saint-Martin;C
32390;32;Saint-Martin-d'Armagnac;C
32391;32;Saint-Martin-de-Goyne;C
32392;32;Saint-Martin-Gimois;C
32393;32;Saint-Maur;C
32394;32;Saint-Médard;C
32395;32;Sainte-Mère;C
32396;32;Saint-Mézard;C
32397;32;Saint-Michel;C
32398;32;Saint-Mont;C
32399;32;Saint-Orens;C
32400;32;Saint-Orens-Pouy-Petit;C
32401;32;Saint-Ost;C
32402;32;Saint-Paul-de-Baïse;C
32403;32;Saint-Pierre-d'Aubézies;C
32404;32;Saint-Puy;C
32405;32;Sainte-Radegonde;C
32406;32;Saint-Sauvy;C
32407;32;Saint-Soulan;C
32408;32;Salles-d'Armagnac;C
32409;32;Samaran;C
32410;32;Samatan;C
32411;32;Sansan;C
32412;32;Saramon;C
32414;32;Sarragachies;C
32415;32;Sarraguzan;C
32416;32;Sarrant;C
32417;32;La Sauvetat;C
32418;32;Sauveterre;C
32419;32;Sauviac;C
32420;32;Sauvimont;C
32421;32;Savignac-Mona;C
32422;32;Scieurac-et-Flourès;C
32423;32;Séailles;C
32424;32;Ségos;C
32425;32;Ségoufielle;C
32426;32;Seissan;C
32427;32;Sembouès;C
32428;32;Sémézies-Cachan;C
32429;32;Sempesserre;C
32430;32;Sère;C
32431;32;Sérempuy;C
32432;32;Seysses-Savès;C
32433;32;Simorre;C
32434;32;Sion;C
32435;32;Sirac;C
32436;32;Solomiac;C
32437;32;Sorbets;C
32438;32;Tachoires;C
32439;32;Tarsac;C
32440;32;Tasque;C
32441;32;Taybosc;C
32442;32;Terraube;C
32443;32;Termes-d'Armagnac;C
32444;32;Thoux;C
32445;32;Tieste-Uragnoux;C
32446;32;Tillac;C
32447;32;Tirent-Pontéjac;C
32448;32;Touget;C
32449;32;Toujouse;C
32450;32;Tourdun;C
32451;32;Tournan;C
32452;32;Tournecoupe;C
32453;32;Tourrenquets;C
32454;32;Traversères;C
32455;32;Troncens;C
32456;32;Tudelle;C
32457;32;Urdens;C
32458;32;Urgosse;C
32459;32;Valence-sur-Baïse;C
32460;32;Vergoignan;C
32461;32;Verlus;C
32462;32;Vic-Fezensac;C
32463;32;Viella;C
32464;32;Villecomtal-sur-Arros;C
32465;32;Villefranche-d'Astarac;C
32466;32;Viozan;C
32467;32;Saint-Caprais;C
32468;32;Aussos;C
33001;33;Abzac;C
33002;33;Aillas;C
33003;33;Ambarès-et-Lagrave;B1
33004;33;Ambès;B2
33005;33;Andernos-les-Bains;A
33006;33;Anglade;C
33007;33;Arbanats;C
33008;33;Porte-de-Benauge;C
33009;33;Arcachon;A
33010;33;Arcins;C
33011;33;Arès;A
33012;33;Arsac;C
33013;33;Artigues-près-Bordeaux;B1
33014;33;Les Artigues-de-Lussac;C
33015;33;Arveyres;B1
33016;33;Asques;C
33017;33;Aubiac;C
33018;33;Val de Virvée;B2
33019;33;Audenge;B1
33020;33;Auriolles;C
33021;33;Auros;C
33022;33;Avensan;C
33023;33;Ayguemorte-les-Graves;C
33024;33;Bagas;C
33025;33;Baigneaux;C
33026;33;Balizac;C
33027;33;Barie;C
33028;33;Baron;C
33029;33;Le Barp;B1
33030;33;Barsac;C
33031;33;Bassanne;C
33032;33;Bassens;B1
33033;33;Baurech;B1
33034;33;Bayas;C
33035;33;Bayon-sur-Gironde;C
33036;33;Bazas;C
33037;33;Beautiran;C
33038;33;Bégadan;C
33039;33;Bègles;B1
33040;33;Béguey;C
33042;33;Belin-Béliet;C
33043;33;Bellebat;C
33044;33;Bellefond;C
33045;33;Belvès-de-Castillon;C
33046;33;Bernos-Beaulac;C
33047;33;Berson;C
33048;33;Berthez;C
33049;33;Beychac-et-Caillau;C
33050;33;Bieujac;C
33051;33;Biganos;B1
33052;33;Les Billaux;B2
33053;33;Birac;C
33054;33;Blaignac;C
33055;33;Blaignan-Prignac;C
33056;33;Blanquefort;B1
33057;33;Blasimon;C
33058;33;Blaye;C
33059;33;Blésignac;C
33060;33;Bommes;C
33061;33;Bonnetan;B1
33062;33;Bonzac;C
33063;33;Bordeaux;A
33064;33;Bossugan;C
33065;33;Bouliac;B1
33066;33;Bourdelles;C
33067;33;Bourg;C
33068;33;Bourideys;C
33069;33;Le Bouscat;A
33070;33;Brach;C
33071;33;Branne;C
33072;33;Brannens;C
33073;33;Braud-et-Saint-Louis;C
33074;33;Brouqueyran;C
33075;33;Bruges;B1
33076;33;Budos;C
33077;33;Cabanac-et-Villagrains;C
33078;33;Cabara;C
33079;33;Cadarsac;B1
33080;33;Cadaujac;B1
33081;33;Cadillac-sur-Garonne;C
33082;33;Cadillac-en-Fronsadais;C
33083;33;Camarsac;C
33084;33;Cambes;B1
33085;33;Camblanes-et-Meynac;B1
33086;33;Camiac-et-Saint-Denis;C
33087;33;Camiran;C
33088;33;Camps-sur-l'Isle;C
33089;33;Campugnan;C
33090;33;Canéjan;B1
33093;33;Capian;C
33094;33;Caplong;C
33095;33;Captieux;C
33096;33;Carbon-Blanc;B1
33097;33;Carcans;B1
33098;33;Cardan;C
33099;33;Carignan-de-Bordeaux;B1
33100;33;Cars;C
33101;33;Cartelègue;C
33102;33;Casseuil;C
33103;33;Castelmoron-d'Albret;C
33104;33;Castelnau-de-Médoc;C
33105;33;Castelviel;C
33106;33;Castets et Castillon;C
33108;33;Castillon-la-Bataille;C
33109;33;Castres-Gironde;C
33111;33;Caudrot;C
33112;33;Caumont;C
33113;33;Cauvignac;C
33114;33;Cavignac;C
33115;33;Cazalis;C
33116;33;Cazats;C
33117;33;Cazaugitat;C
33118;33;Cénac;B1
33119;33;Cenon;B1
33120;33;Cérons;C
33121;33;Cessac;C
33122;33;Cestas;A
33123;33;Cézac;C
33124;33;Chamadelle;C
33125;33;Cissac-Médoc;C
33126;33;Civrac-de-Blaye;C
33127;33;Civrac-sur-Dordogne;C
33128;33;Civrac-en-Médoc;C
33129;33;Cleyrac;C
33130;33;Coimères;C
33131;33;Coirac;C
33132;33;Comps;C
33133;33;Coubeyrac;C
33134;33;Couquèques;C
33135;33;Courpiac;C
33136;33;Cours-de-Monségur;C
33137;33;Cours-les-Bains;C
33138;33;Coutras;B1
33139;33;Coutures;C
33140;33;Créon;B1
33141;33;Croignon;C
33142;33;Cubnezais;C
33143;33;Cubzac-les-Ponts;B2
33144;33;Cudos;C
33145;33;Cursan;C
33146;33;Cussac-Fort-Médoc;C
33147;33;Daignac;C
33148;33;Dardenac;C
33149;33;Daubèze;C
33150;33;Dieulivol;C
33151;33;Donnezac;C
33152;33;Donzac;C
33153;33;Doulezon;C
33154;33;Les Églisottes-et-Chalaures;C
33155;33;Escaudes;C
33156;33;Escoussans;C
33157;33;Espiet;C
33158;33;Les Esseintes;C
33159;33;Étauliers;C
33160;33;Eynesse;C
33161;33;Eyrans;C
33162;33;Eysines;B1
33163;33;Faleyras;C
33164;33;Fargues;C
33165;33;Fargues-Saint-Hilaire;B1
33166;33;Le Fieu;C
33167;33;Floirac;B1
33168;33;Flaujagues;C
33169;33;Floudès;C
33170;33;Fontet;C
33171;33;Fossès-et-Baleyssac;C
33172;33;Fours;C
33173;33;Francs;C
33174;33;Fronsac;C
33175;33;Frontenac;C
33176;33;Gabarnac;C
33177;33;Gaillan-en-Médoc;C
33178;33;Gajac;C
33179;33;Galgon;C
33180;33;Gans;C
33181;33;Gardegan-et-Tourtirac;C
33182;33;Gauriac;C
33183;33;Gauriaguet;C
33184;33;Générac;C
33185;33;Génissac;C
33186;33;Gensac;C
33187;33;Gironde-sur-Dropt;C
33188;33;Giscos;C
33189;33;Gornac;C
33190;33;Goualade;C
33191;33;Gours;C
33192;33;Gradignan;A
33193;33;Grayan-et-l'Hôpital;C
33194;33;Grézillac;C
33195;33;Grignols;C
33196;33;Guillac;C
33197;33;Guillos;C
33198;33;Guîtres;C
33199;33;Gujan-Mestras;A
33200;33;Le Haillan;B1
33201;33;Haux;C
33202;33;Hostens;C
33203;33;Hourtin;B1
33204;33;Hure;C
33205;33;Illats;C
33206;33;Isle-Saint-Georges;B1
33207;33;Izon;B1
33208;33;Jau-Dignac-et-Loirac;C
33209;33;Jugazan;C
33210;33;Juillac;C
33211;33;Labarde;C
33212;33;Labescau;C
33213;33;La Brède;C
33214;33;Lacanau;B1
33215;33;Ladaux;C
33216;33;Lados;C
33218;33;Lagorce;C
33219;33;La Lande-de-Fronsac;C
33220;33;Lamarque;C
33221;33;Lamothe-Landerron;C
33222;33;Lalande-de-Pomerol;B2
33223;33;Landerrouat;C
33224;33;Landerrouet-sur-Ségur;C
33225;33;Landiras;C
33226;33;Langoiran;B1
33227;33;Langon;C
33228;33;Lansac;C
33229;33;Lanton;B1
33230;33;Lapouyade;C
33231;33;Laroque;C
33232;33;Lartigue;C
33233;33;Laruscade;C
33234;33;Latresne;B1
33235;33;Lavazan;C
33236;33;Lège-Cap-Ferret;A
33237;33;Léogeats;C
33238;33;Léognan;A
33239;33;Lerm-et-Musset;C
33240;33;Lesparre-Médoc;C
33241;33;Lestiac-sur-Garonne;B1
33242;33;Les Lèves-et-Thoumeyragues;C
33243;33;Libourne;B1
33244;33;Lignan-de-Bazas;C
33245;33;Lignan-de-Bordeaux;B1
33246;33;Ligueux;C
33247;33;Listrac-de-Durèze;C
33248;33;Listrac-Médoc;C
33249;33;Lormont;B1
33250;33;Loubens;C
33251;33;Louchats;C
33252;33;Loupes;C
33253;33;Loupiac;C
33254;33;Loupiac-de-la-Réole;C
33255;33;Lucmau;C
33256;33;Ludon-Médoc;B1
33257;33;Lugaignac;C
33258;33;Lugasson;C
33259;33;Lugon-et-l'Île-du-Carnay;C
33260;33;Lugos;C
33261;33;Lussac;C
33262;33;Macau;C
33263;33;Madirac;C
33264;33;Maransin;C
33266;33;Marcenais;C
33268;33;Margaux-Cantenac;C
33269;33;Margueron;C
33270;33;Marimbault;C
33271;33;Marions;C
33272;33;Marsas;C
33273;33;Martignas-sur-Jalle;B1
33274;33;Martillac;B1
33275;33;Martres;C
33276;33;Masseilles;C
33277;33;Massugas;C
33278;33;Mauriac;C
33279;33;Mazères;C
33280;33;Mazion;C
33281;33;Mérignac;A
33282;33;Mérignas;C
33283;33;Mesterrieux;C
33284;33;Mios;B1
33285;33;Mombrier;C
33287;33;Mongauzy;C
33288;33;Monprimblanc;C
33289;33;Monségur;C
33290;33;Montagne;C
33291;33;Montagoudin;C
33292;33;Montignac;C
33293;33;Montussan;B1
33294;33;Morizès;C
33295;33;Mouillac;C
33296;33;Mouliets-et-Villemartin;C
33297;33;Moulis-en-Médoc;C
33298;33;Moulon;C
33299;33;Mourens;C
33300;33;Naujac-sur-Mer;C
33301;33;Naujan-et-Postiac;C
33302;33;Néac;C
33303;33;Nérigean;B1
33304;33;Neuffons;C
33305;33;Le Nizan;C
33306;33;Noaillac;C
33307;33;Noaillan;C
33308;33;Omet;C
33309;33;Ordonnac;C
33310;33;Origne;C
33311;33;Paillet;B1
33312;33;Parempuyre;B1
33314;33;Pauillac;C
33315;33;Les Peintures;C
33316;33;Pellegrue;C
33317;33;Périssac;C
33318;33;Pessac;A
33319;33;Pessac-sur-Dordogne;C
33320;33;Petit-Palais-et-Cornemps;C
33321;33;Peujard;C
33322;33;Le Pian-Médoc;B1
33323;33;Le Pian-sur-Garonne;C
33324;33;Pineuilh;B2
33325;33;Plassac;C
33326;33;Pleine-Selve;C
33327;33;Podensac;C
33328;33;Pomerol;B2
33329;33;Pompéjac;C
33330;33;Pompignac;B1
33331;33;Pondaurat;C
33332;33;Porchères;C
33333;33;Le Porge;B1
33334;33;Portets;C
33335;33;Le Pout;C
33336;33;Préchac;C
33337;33;Preignac;C
33339;33;Prignac-et-Marcamps;C
33341;33;Pugnac;C
33342;33;Puisseguin;C
33343;33;Pujols-sur-Ciron;C
33344;33;Pujols;C
33345;33;Le Puy;C
33346;33;Puybarban;C
33347;33;Puynormand;C
33348;33;Queyrac;C
33349;33;Quinsac;B1
33350;33;Rauzan;C
33351;33;Reignac;C
33352;33;La Réole;C
33353;33;Rimons;C
33354;33;Riocaud;C
33355;33;Rions;C
33356;33;La Rivière;C
33357;33;Roaillan;C
33358;33;Romagne;C
33359;33;Roquebrune;C
33360;33;La Roquille;C
33361;33;Ruch;C
33362;33;Sablons;C
33363;33;Sadirac;B2
33364;33;Saillans;C
33365;33;Saint-Aignan;C
33366;33;Saint-André-de-Cubzac;B2
33367;33;Saint-André-du-Bois;C
33369;33;Saint-André-et-Appelles;C
33370;33;Saint-Androny;C
33372;33;Saint-Antoine-du-Queyret;C
33373;33;Saint-Antoine-sur-l'Isle;C
33374;33;Saint-Aubin-de-Blaye;C
33375;33;Saint-Aubin-de-Branne;C
33376;33;Saint-Aubin-de-Médoc;B1
33377;33;Saint-Avit-de-Soulège;C
33378;33;Saint-Avit-Saint-Nazaire;B2
33379;33;Saint-Brice;C
33380;33;Val-de-Livenne;C
33381;33;Saint-Caprais-de-Bordeaux;B1
33382;33;Saint-Christoly-de-Blaye;C
33383;33;Saint-Christoly-Médoc;C
33384;33;Saint-Christophe-des-Bardes;C
33385;33;Saint-Christophe-de-Double;C
33386;33;Saint-Cibard;C
33387;33;Saint-Ciers-d'Abzac;C
33388;33;Saint-Ciers-de-Canesse;C
33389;33;Saint-Ciers-sur-Gironde;C
33390;33;Sainte-Colombe;C
33391;33;Saint-Côme;C
33392;33;Sainte-Croix-du-Mont;C
33393;33;Saint-Denis-de-Pile;B2
33394;33;Saint-Émilion;B2
33395;33;Saint-Estèphe;C
33396;33;Saint-Étienne-de-Lisse;C
33397;33;Sainte-Eulalie;B1
33398;33;Saint-Exupéry;C
33399;33;Saint-Félix-de-Foncaude;C
33400;33;Saint-Ferme;C
33401;33;Sainte-Florence;C
33402;33;Sainte-Foy-la-Grande;B2
33403;33;Sainte-Foy-la-Longue;C
33404;33;Sainte-Gemme;C
33405;33;Saint-Genès-de-Blaye;C
33406;33;Saint-Genès-de-Castillon;C
33407;33;Saint-Genès-de-Fronsac;C
33408;33;Saint-Genès-de-Lombaud;C
33411;33;Saint-Germain-de-Grave;C
33412;33;Saint-Germain-d'Esteuil;C
33413;33;Saint-Germain-du-Puch;C
33414;33;Saint-Germain-de-la-Rivière;C
33415;33;Saint-Gervais;C
33416;33;Saint-Girons-d'Aiguevives;C
33417;33;Sainte-Hélène;C
33418;33;Saint-Hilaire-de-la-Noaille;C
33419;33;Saint-Hilaire-du-Bois;C
33420;33;Saint-Hippolyte;C
33421;33;Saint-Jean-de-Blaignac;C
33422;33;Saint-Jean-d'Illac;B1
33423;33;Saint-Julien-Beychevelle;C
33424;33;Saint-Laurent-Médoc;C
33425;33;Saint-Laurent-d'Arce;C
33426;33;Saint-Laurent-des-Combes;C
33427;33;Saint-Laurent-du-Bois;C
33428;33;Saint-Laurent-du-Plan;C
33429;33;Saint-Léger-de-Balson;C
33431;33;Saint-Léon;C
33432;33;Saint-Loubert;C
33433;33;Saint-Loubès;B1
33434;33;Saint-Louis-de-Montferrand;B2
33435;33;Saint-Macaire;C
33436;33;Saint-Magne;C
33437;33;Saint-Magne-de-Castillon;C
33438;33;Saint-Maixant;C
33439;33;Saint-Mariens;C
33440;33;Saint-Martial;C
33441;33;Saint-Martin-Lacaussade;C
33442;33;Saint-Martin-de-Laye;C
33443;33;Saint-Martin-de-Lerm;C
33444;33;Saint-Martin-de-Sescas;C
33445;33;Saint-Martin-du-Bois;C
33446;33;Saint-Martin-du-Puy;C
33447;33;Saint-Médard-de-Guizières;C
33448;33;Saint-Médard-d'Eyrans;B1
33449;33;Saint-Médard-en-Jalles;B1
33450;33;Saint-Michel-de-Castelnau;C
33451;33;Saint-Michel-de-Fronsac;C
33452;33;Saint-Michel-de-Rieufret;C
33453;33;Saint-Michel-de-Lapujade;C
33454;33;Saint-Morillon;B1
33456;33;Saint-Palais;C
33457;33;Saint-Pardon-de-Conques;C
33458;33;Saint-Paul;C
33459;33;Saint-Pey-d'Armens;C
33460;33;Saint-Pey-de-Castets;C
33461;33;Saint-Philippe-d'Aiguille;C
33462;33;Saint-Philippe-du-Seignal;B2
33463;33;Saint-Pierre-d'Aurillac;C
33464;33;Saint-Pierre-de-Bat;C
33465;33;Saint-Pierre-de-Mons;C
33466;33;Saint-Quentin-de-Baron;B1
33467;33;Saint-Quentin-de-Caplong;C
33468;33;Sainte-Radegonde;C
33470;33;Saint-Romain-la-Virvée;C
33471;33;Saint-Sauveur;C
33472;33;Saint-Sauveur-de-Puynormand;C
33473;33;Saint-Savin;C
33474;33;Saint-Selve;C
33475;33;Saint-Seurin-de-Bourg;C
33476;33;Saint-Seurin-de-Cadourne;C
33477;33;Saint-Seurin-de-Cursac;C
33478;33;Saint-Seurin-sur-l'Isle;C
33479;33;Saint-Sève;C
33480;33;Saint-Sulpice-de-Faleyrens;B2
33481;33;Saint-Sulpice-de-Guilleragues;C
33482;33;Saint-Sulpice-de-Pommiers;C
33483;33;Saint-Sulpice-et-Cameyrac;B1
33484;33;Saint-Symphorien;C
33485;33;Sainte-Terre;C
33486;33;Saint-Trojan;C
33487;33;Saint-Vincent-de-Paul;B1
33488;33;Saint-Vincent-de-Pertignas;C
33489;33;Saint-Vivien-de-Blaye;C
33490;33;Saint-Vivien-de-Médoc;C
33491;33;Saint-Vivien-de-Monségur;C
33492;33;Saint-Yzan-de-Soudiac;C
33493;33;Saint-Yzans-de-Médoc;C
33494;33;Salaunes;C
33496;33;Sallebœuf;B1
33498;33;Salles;B1
33499;33;Les Salles-de-Castillon;C
33500;33;Samonac;C
33501;33;Saucats;B1
33502;33;Saugon;C
33503;33;Saumos;C
33504;33;Sauternes;C
33505;33;La Sauve;C
33506;33;Sauveterre-de-Guyenne;C
33507;33;Sauviac;C
33508;33;Savignac;C
33509;33;Savignac-de-l'Isle;C
33510;33;Semens;C
33511;33;Sendets;C
33512;33;Sigalens;C
33513;33;Sillas;C
33514;33;Soulac-sur-Mer;B1
33515;33;Soulignac;C
33516;33;Soussac;C
33517;33;Soussans;C
33518;33;Tabanac;B1
33519;33;Le Taillan-Médoc;B1
33520;33;Taillecavat;C
33521;33;Talais;C
33522;33;Talence;A
33523;33;Targon;C
33524;33;Tarnès;C
33525;33;Tauriac;C
33526;33;Tayac;C
33527;33;Le Teich;A
33528;33;Le Temple;C
33529;33;La Teste-de-Buch;A
33530;33;Teuillac;C
33531;33;Tizac-de-Curton;C
33532;33;Tizac-de-Lapouyade;C
33533;33;Toulenne;C
33534;33;Le Tourne;B1
33535;33;Tresses;B1
33536;33;Le Tuzan;C
33537;33;Uzeste;C
33538;33;Valeyrac;C
33539;33;Vayres;B1
33540;33;Vendays-Montalivet;C
33541;33;Vensac;C
33542;33;Vérac;C
33543;33;Verdelais;C
33544;33;Le Verdon-sur-Mer;C
33545;33;Vertheuil;C
33546;33;Vignonet;C
33547;33;Villandraut;C
33548;33;Villegouge;C
33549;33;Villenave-de-Rions;C
33550;33;Villenave-d'Ornon;B1
33551;33;Villeneuve;C
33552;33;Virelade;C
33553;33;Virsac;C
33554;33;Yvrac;B1
33555;33;Marcheprime;B1
34001;34;Abeilhan;C
34002;34;Adissan;C
34003;34;Agde;B1
34004;34;Agel;C
34005;34;Agonès;C
34006;34;Aigne;C
34007;34;Aigues-Vives;C
34008;34;Les Aires;C
34009;34;Alignan-du-Vent;C
34010;34;Aniane;C
34011;34;Arboras;C
34012;34;Argelliers;B2
34013;34;Aspiran;C
34014;34;Assas;A
34015;34;Assignan;C
34016;34;Aumelas;C
34017;34;Aumes;C
34018;34;Autignac;C
34019;34;Avène;C
34020;34;Azillanet;C
34021;34;Babeau-Bouldoux;C
34022;34;Baillargues;A
34023;34;Balaruc-les-Bains;B1
34024;34;Balaruc-le-Vieux;B1
34025;34;Bassan;B2
34026;34;Beaufort;C
34027;34;Beaulieu;B1
34028;34;Bédarieux;C
34029;34;Bélarga;C
34030;34;Berlou;C
34031;34;Bessan;B1
34032;34;Béziers;B1
34033;34;Boisseron;C
34034;34;Boisset;C
34035;34;La Boissière;C
34036;34;Le Bosc;C
34037;34;Boujan-sur-Libron;B2
34038;34;Le Bousquet-d'Orb;C
34039;34;Bouzigues;B1
34040;34;Brenas;C
34041;34;Brignac;C
34042;34;Brissac;C
34043;34;Buzignargues;B2
34044;34;Cabrerolles;C
34045;34;Cabrières;C
34046;34;Cambon-et-Salvergues;C
34047;34;Campagnan;C
34048;34;Campagne;C
34049;34;Camplong;C
34050;34;Candillargues;B1
34051;34;Canet;C
34052;34;Capestang;C
34053;34;Carlencas-et-Levas;C
34054;34;Cassagnoles;C
34055;34;Castanet-le-Haut;C
34056;34;Castelnau-de-Guers;C
34057;34;Castelnau-le-Lez;A
34058;34;Castries;B1
34059;34;La Caunette;C
34060;34;Causse-de-la-Selle;C
34061;34;Causses-et-Veyran;C
34062;34;Caussiniojouls;C
34063;34;Caux;C
34064;34;Le Caylar;C
34065;34;Cazedarnes;C
34066;34;Cazevieille;C
34067;34;Cazilhac;C
34068;34;Cazouls-d'Hérault;C
34069;34;Cazouls-lès-Béziers;C
34070;34;Cébazan;C
34071;34;Ceilhes-et-Rocozels;C
34072;34;Celles;C
34073;34;Cers;B2
34074;34;Cessenon-sur-Orb;C
34075;34;Cesseras;C
34076;34;Ceyras;C
34077;34;Clapiers;A
34078;34;Claret;C
34079;34;Clermont-l'Hérault;B1
34080;34;Colombières-sur-Orb;C
34081;34;Colombiers;C
34082;34;Combaillaux;B1
34083;34;Combes;C
34084;34;Corneilhan;B2
34085;34;Coulobres;C
34086;34;Courniou;C
34087;34;Cournonsec;B1
34088;34;Cournonterral;B1
34089;34;Creissan;C
34090;34;Le Crès;A
34091;34;Le Cros;C
34092;34;Cruzy;C
34094;34;Espondeilhan;C
34095;34;Fabrègues;A
34096;34;Faugères;C
34097;34;Félines-Minervois;C
34098;34;Ferrals-les-Montagnes;C
34099;34;Ferrières-les-Verreries;C
34100;34;Ferrières-Poussarou;C
34101;34;Florensac;B1
34102;34;Fontanès;C
34103;34;Fontès;C
34104;34;Fos;C
34105;34;Fouzilhon;C
34106;34;Fozières;C
34107;34;Fraisse-sur-Agout;C
34108;34;Frontignan;B1
34109;34;Gabian;C
34110;34;Galargues;C
34111;34;Ganges;C
34112;34;Garrigues;C
34113;34;Gigean;B1
34114;34;Gignac;B1
34115;34;Gorniès;C
34116;34;Grabels;A
34117;34;Graissessac;C
34118;34;Guzargues;B1
34119;34;Hérépian;C
34120;34;Jacou;A
34121;34;Joncels;C
34122;34;Jonquières;C
34123;34;Juvignac;A
34124;34;Lacoste;C
34125;34;Lagamas;C
34126;34;Lamalou-les-Bains;C
34127;34;Lansargues;B1
34128;34;Laroque;C
34129;34;Lattes;A
34130;34;Laurens;C
34131;34;Lauret;C
34132;34;Lauroux;C
34133;34;Lavalette;C
34134;34;Lavérune;A
34135;34;Lespignan;C
34136;34;Lézignan-la-Cèbe;C
34137;34;Liausson;C
34138;34;Lieuran-Cabrières;C
34139;34;Lieuran-lès-Béziers;B2
34140;34;Lignan-sur-Orb;B2
34141;34;La Livinière;C
34142;34;Lodève;C
34143;34;Loupian;B2
34144;34;Lunas-les-Châteaux;C
34145;34;Lunel;B1
34146;34;Lunel-Viel;B1
34147;34;Magalas;C
34148;34;Maraussan;B2
34149;34;Margon;C
34150;34;Marseillan;B1
34151;34;Marsillargues;B1
34152;34;Mas-de-Londres;C
34153;34;Les Matelles;B1
34154;34;Mauguio;A
34155;34;Maureilhan;C
34156;34;Mérifons;C
34157;34;Mèze;B1
34158;34;Minerve;C
34159;34;Mireval;B1
34160;34;Mons;C
34161;34;Montady;B2
34162;34;Montagnac;B1
34163;34;Montarnaud;B1
34164;34;Montaud;B2
34165;34;Montbazin;B1
34166;34;Montblanc;C
34167;34;Montels;C
34168;34;Montesquieu;C
34169;34;Montferrier-sur-Lez;A
34170;34;Montouliers;C
34171;34;Montoulieu;C
34172;34;Montpellier;A
34173;34;Montpeyroux;C
34174;34;Moulès-et-Baucels;C
34175;34;Mourèze;C
34176;34;Mudaison;B1
34177;34;Murles;B1
34178;34;Murviel-lès-Béziers;C
34179;34;Murviel-lès-Montpellier;B1
34180;34;Nébian;C
34181;34;Neffiès;C
34182;34;Nézignan-l'Évêque;C
34183;34;Nissan-lez-Enserune;C
34184;34;Nizas;C
34185;34;Notre-Dame-de-Londres;C
34186;34;Octon;C
34187;34;Olargues;C
34188;34;Olmet-et-Villecun;C
34189;34;Olonzac;C
34190;34;Oupia;C
34191;34;Pailhès;C
34192;34;Palavas-les-Flots;A
34193;34;Pardailhan;C
34194;34;Paulhan;C
34195;34;Pégairolles-de-Buèges;C
34196;34;Pégairolles-de-l'Escalette;C
34197;34;Péret;C
34198;34;Pérols;A
34199;34;Pézenas;B1
34200;34;Pézènes-les-Mines;C
34201;34;Pierrerue;C
34202;34;Pignan;B1
34203;34;Pinet;C
34204;34;Plaissan;C
34205;34;Les Plans;C
34206;34;Poilhes;C
34207;34;Pomérols;C
34208;34;Popian;C
34209;34;Portiragnes;B1
34210;34;Le Pouget;C
34211;34;Le Poujol-sur-Orb;C
34212;34;Poujols;C
34213;34;Poussan;B1
34214;34;Pouzolles;C
34215;34;Pouzols;C
34216;34;Le Pradal;C
34217;34;Prades-le-Lez;A
34218;34;Prades-sur-Vernazobre;C
34219;34;Prémian;C
34220;34;Le Puech;C
34221;34;Puéchabon;C
34222;34;Puilacher;C
34223;34;Puimisson;C
34224;34;Puissalicon;C
34225;34;Puisserguier;C
34226;34;Quarante;C
34227;34;Restinclières;B1
34228;34;Rieussec;C
34229;34;Riols;C
34230;34;Les Rives;C
34231;34;Romiguières;C
34232;34;Roquebrun;C
34233;34;Roqueredonde;C
34234;34;Roquessels;C
34235;34;Rosis;C
34236;34;Rouet;C
34237;34;Roujan;C
34238;34;Saint-André-de-Buèges;C
34239;34;Saint-André-de-Sangonis;B1
34240;34;Saint-Aunès;B1
34241;34;Saint-Bauzille-de-la-Sylve;B2
34242;34;Saint-Bauzille-de-Montmel;C
34243;34;Saint-Bauzille-de-Putois;C
34244;34;Saint-Brès;B1
34245;34;Saint-Chinian;C
34246;34;Entre-Vignes;B2
34247;34;Saint-Clément-de-Rivière;A
34248;34;Sainte-Croix-de-Quintillargues;C
34249;34;Saint-Drézéry;B1
34250;34;Saint-Étienne-d'Albagnan;C
34251;34;Saint-Étienne-de-Gourgas;C
34252;34;Saint-Étienne-Estréchoux;C
34253;34;Saint-Félix-de-l'Héras;C
34254;34;Saint-Félix-de-Lodez;C
34255;34;Saint-Gély-du-Fesc;A
34256;34;Saint-Geniès-des-Mourgues;B1
34257;34;Saint-Geniès-de-Varensal;C
34258;34;Saint-Geniès-de-Fontedit;C
34259;34;Saint-Georges-d'Orques;B1
34260;34;Saint-Gervais-sur-Mare;C
34261;34;Saint-Guilhem-le-Désert;C
34262;34;Saint-Guiraud;C
34263;34;Saint-Hilaire-de-Beauvoir;C
34264;34;Saint-Jean-de-Buèges;C
34265;34;Saint-Jean-de-Cornies;C
34266;34;Saint-Jean-de-Cuculles;C
34267;34;Saint-Jean-de-Fos;C
34268;34;Saint-Jean-de-la-Blaquière;C
34269;34;Saint-Jean-de-Minervois;C
34270;34;Saint-Jean-de-Védas;A
34271;34;Saint-Julien;C
34272;34;Saint-Just;B1
34273;34;Saint-Martin-de-l'Arçon;C
34274;34;Saint-Martin-de-Londres;C
34276;34;Saint-Mathieu-de-Tréviers;B1
34277;34;Saint-Maurice-Navacelles;C
34278;34;Saint-Michel;C
34279;34;Saint-Nazaire-de-Ladarez;C
34280;34;Saint-Nazaire-de-Pézan;B1
34281;34;Saint-Pargoire;C
34282;34;Saint-Paul-et-Valmalle;B1
34283;34;Saint-Pierre-de-la-Fage;C
34284;34;Saint-Pons-de-Thomières;C
34285;34;Saint-Pons-de-Mauchiens;C
34286;34;Saint-Privat;C
34287;34;Saint-Saturnin-de-Lucian;C
34288;34;Saint-Sériès;B2
34289;34;Saint-Thibéry;C
34290;34;Saint-Vincent-de-Barbeyrargues;A
34291;34;Saint-Vincent-d'Olargues;C
34292;34;Salasc;C
34293;34;La Salvetat-sur-Agout;C
34294;34;Saturargues;B2
34295;34;Saussan;A
34296;34;Saussines;B2
34297;34;Sauteyrargues;C
34298;34;Sauvian;B1
34299;34;Sérignan;B1
34300;34;Servian;B2
34301;34;Sète;B1
34302;34;Siran;C
34303;34;Sorbs;C
34304;34;Soubès;C
34305;34;Le Soulié;C
34306;34;Soumont;C
34307;34;Sussargues;B1
34308;34;Taussac-la-Billière;C
34309;34;Teyran;A
34310;34;Thézan-lès-Béziers;C
34311;34;Tourbes;C
34312;34;La Tour-sur-Orb;C
34313;34;Tressan;C
34314;34;Le Triadou;B1
34315;34;Usclas-d'Hérault;C
34316;34;Usclas-du-Bosc;C
34317;34;La Vacquerie-et-Saint-Martin-de-Castries;C
34318;34;Vacquières;C
34319;34;Vailhan;C
34320;34;Vailhauquès;B1
34321;34;Valergues;B1
34322;34;Valflaunès;C
34323;34;Valmascle;C
34324;34;Valras-Plage;B1
34325;34;Valros;C
34326;34;Vélieux;C
34327;34;Vendargues;A
34328;34;Vendémian;C
34329;34;Vendres;B1
34331;34;Verreries-de-Moussans;C
34332;34;Vias;B1
34333;34;Vic-la-Gardiole;B1
34334;34;Vieussan;C
34335;34;Villemagne-l'Argentière;C
34336;34;Villeneuve-lès-Béziers;B2
34337;34;Villeneuve-lès-Maguelone;A
34338;34;Villeneuvette;C
34339;34;Villespassans;C
34340;34;Villetelle;B1
34341;34;Villeveyrac;B1
34342;34;Viols-en-Laval;C
34343;34;Viols-le-Fort;C
34344;34;La Grande-Motte;A
35001;35;Acigné;B1
35002;35;Amanlis;C
35003;35;Andouillé-Neuville;C
35004;35;Val-Couesnon;C
35005;35;Arbrissel;C
35006;35;Argentré-du-Plessis;C
35007;35;Aubigné;C
35008;35;Availles-sur-Seiche;C
35009;35;Baguer-Morvan;C
35010;35;Baguer-Pican;C
35012;35;Bain-de-Bretagne;C
35013;35;Bains-sur-Oust;C
35014;35;Bais;C
35015;35;Balazé;C
35016;35;Baulon;C
35017;35;La Baussaine;C
35018;35;La Bazouge-du-Désert;C
35019;35;Bazouges-la-Pérouse;C
35021;35;Beaucé;C
35022;35;Bécherel;C
35023;35;Bédée;C
35024;35;Betton;B1
35025;35;Billé;C
35026;35;Bléruais;C
35027;35;Boisgervilly;C
35028;35;Boistrudan;C
35029;35;Bonnemain;C
35030;35;La Bosse-de-Bretagne;C
35031;35;La Bouëxière;C
35032;35;Bourgbarré;B2
35033;35;Bourg-des-Comptes;C
35034;35;La Boussac;C
35035;35;Bovel;C
35037;35;Bréal-sous-Montfort;C
35038;35;Bréal-sous-Vitré;C
35039;35;Brécé;B2
35040;35;Breteil;C
35041;35;Brie;C
35042;35;Brielles;C
35044;35;Broualan;C
35045;35;Bruc-sur-Aff;C
35046;35;Les Brulais;C
35047;35;Bruz;B1
35049;35;Cancale;B1
35050;35;Cardroc;C
35051;35;Cesson-Sévigné;B1
35052;35;Champeaux;C
35054;35;Chanteloup;C
35055;35;Chantepie;B1
35056;35;La Chapelle-aux-Filtzméens;C
35057;35;La Chapelle-Bouëxic;C
35058;35;La Chapelle-Chaussée;C
35059;35;La Chapelle-des-Fougeretz;B1
35060;35;La Chapelle du Lou du Lac;C
35061;35;La Chapelle-Erbrée;C
35062;35;La Chapelle-Fleurigné;C
35063;35;La Chapelle-Saint-Aubert;C
35064;35;La Chapelle-de-Brain;C
35065;35;La Chapelle-Thouarault;B2
35066;35;Chartres-de-Bretagne;B1
35067;35;Chasné-sur-Illet;C
35068;35;Châteaubourg;B2
35069;35;Châteaugiron;B1
35070;35;Châteauneuf-d'Ille-et-Vilaine;B2
35071;35;Le Châtellier;C
35072;35;Châtillon-en-Vendelais;C
35075;35;Chauvigné;C
35076;35;Chavagne;B1
35077;35;Chelun;C
35078;35;Cherrueix;C
35079;35;Chevaigné;B1
35080;35;Cintré;B2
35081;35;Clayes;B2
35082;35;Coësmes;C
35084;35;Comblessac;C
35085;35;Combourg;C
35086;35;Combourtillé;C
35087;35;Cornillé;C
35088;35;Corps-Nuds;B2
35089;35;La Couyère;C
35090;35;Crevin;C
35091;35;Le Crouais;C
35092;35;Cuguen;C
35093;35;Dinard;B1
35094;35;Dingé;C
35095;35;Dol-de-Bretagne;C
35096;35;Domagné;C
35097;35;Domalain;C
35098;35;La Dominelais;C
35099;35;Domloup;B2
35101;35;Dourdain;C
35102;35;Drouges;C
35103;35;Eancé;C
35104;35;Epiniac;C
35105;35;Erbrée;C
35106;35;Ercé-en-Lamée;C
35107;35;Ercé-près-Liffré;C
35108;35;Essé;C
35109;35;Étrelles;C
35110;35;Feins;C
35111;35;Le Ferré;C
35114;35;Forges-la-Forêt;C
35115;35;Fougères;C
35116;35;La Fresnais;B2
35117;35;Gaël;C
35118;35;Gahard;C
35119;35;Gennes-sur-Seiche;C
35120;35;Gévezé;B1
35121;35;Gosné;C
35122;35;La Gouesnière;B2
35123;35;Goven;C
35124;35;Grand-Fougeray;C
35125;35;La Guerche-de-Bretagne;C
35126;35;Guichen;C
35127;35;Guignen;C
35128;35;Guipel;C
35130;35;Hédé-Bazouges;C
35131;35;L'Hermitage;B1
35132;35;Hirel;B2
35133;35;Iffendic;C
35134;35;Les Iffs;C
35135;35;Irodouër;C
35136;35;Janzé;C
35137;35;Javené;C
35138;35;Laignelet;C
35139;35;Laillé;B2
35140;35;Lalleu;C
35141;35;Landavran;C
35142;35;Landéan;C
35143;35;Landujan;C
35144;35;Langan;C
35145;35;Langon;C
35146;35;Langouet;C
35148;35;Lanrigan;C
35149;35;Lassy;C
35150;35;Lécousse;C
35151;35;Lieuron;C
35152;35;Liffré;B1
35153;35;Lillemer;B2
35154;35;Livré-sur-Changeon;C
35155;35;Lohéac;C
35156;35;Longaulnay;C
35157;35;Le Loroux;C
35159;35;Lourmais;C
35160;35;Loutehel;C
35161;35;Louvigné-de-Bais;C
35162;35;Louvigné-du-Désert;C
35163;35;Luitré-Dompierre;C
35164;35;Marcillé-Raoul;C
35165;35;Marcillé-Robert;C
35166;35;Marpiré;C
35167;35;Martigné-Ferchaud;C
35168;35;Val d'Anast;C
35169;35;Maxent;C
35170;35;Mecé;C
35171;35;Médréac;C
35172;35;Meillac;C
35173;35;Melesse;B1
35174;35;Mellé;C
35175;35;Mernel;C
35176;35;Guipry-Messac;C
35177;35;La Mézière;B1
35178;35;Mézières-sur-Couesnon;C
35179;35;Miniac-Morvan;B2
35180;35;Miniac-sous-Bécherel;C
35181;35;Le Minihic-sur-Rance;C
35183;35;Mondevert;C
35184;35;Montauban-de-Bretagne;B2
35185;35;Montautour;C
35186;35;Mont-Dol;C
35187;35;Monterfil;C
35188;35;Montfort-sur-Meu;B2
35189;35;Montgermont;B1
35190;35;Monthault;C
35191;35;Les Portes du Coglais;C
35192;35;Montreuil-des-Landes;C
35193;35;Montreuil-le-Gast;C
35194;35;Montreuil-sous-Pérouse;C
35195;35;Montreuil-sur-Ille;C
35196;35;Mordelles;B1
35197;35;Mouazé;C
35198;35;Moulins;C
35199;35;Moussé;C
35200;35;Moutiers;C
35201;35;Muel;C
35202;35;La Noë-Blanche;C
35203;35;La Nouaye;C
35204;35;Nouvoitou;B2
35205;35;Noyal-sous-Bazouges;C
35206;35;Noyal-Châtillon-sur-Seiche;B1
35207;35;Noyal-sur-Vilaine;B1
35208;35;Orgères;B1
35210;35;Pacé;B1
35211;35;Paimpont;C
35212;35;Pancé;C
35214;35;Parcé;C
35215;35;Parigné;C
35216;35;Parthenay-de-Bretagne;B2
35217;35;Le Pertre;C
35218;35;Le Petit-Fougeray;C
35219;35;Pipriac;C
35220;35;Piré-Chancé;C
35221;35;Pléchâtel;C
35222;35;Pleine-Fougères;C
35223;35;Plélan-le-Grand;C
35224;35;Plerguer;B2
35225;35;Plesder;C
35226;35;Pleugueneuc;C
35227;35;Pleumeleuc;C
35228;35;Pleurtuit;B1
35229;35;Pocé-les-Bois;C
35230;35;Poilley;C
35231;35;Poligné;C
35232;35;Princé;C
35233;35;Québriac;C
35234;35;Quédillac;C
35235;35;Rannée;C
35236;35;Redon;C
35237;35;Renac;C
35238;35;Rennes;A
35239;35;Retiers;C
35240;35;Le Rheu;B1
35241;35;La Richardais;B2
35242;35;Rimou;C
35243;35;Romagné;C
35244;35;Romazy;C
35245;35;Romillé;C
35246;35;Roz-Landrieux;C
35247;35;Roz-sur-Couesnon;C
35248;35;Sains;C
35249;35;Sainte-Anne-sur-Vilaine;C
35250;35;Saint-Armel;B2
35251;35;Saint-Aubin-d'Aubigné;C
35252;35;Saint-Aubin-des-Landes;C
35253;35;Saint-Aubin-du-Cormier;C
35255;35;Saint-Benoît-des-Ondes;B2
35256;35;Saint-Briac-sur-Mer;B1
35257;35;Maen Roch;C
35258;35;Saint-Brieuc-des-Iffs;C
35259;35;Saint-Broladre;C
35260;35;Saint-Christophe-des-Bois;C
35261;35;Saint-Christophe-de-Valains;C
35262;35;Sainte-Colombe;C
35263;35;Saint-Coulomb;B2
35264;35;Saint-Didier;C
35265;35;Saint-Domineuc;C
35266;35;Saint-Erblon;B1
35268;35;Saint-Ganton;C
35270;35;Saint-Georges-de-Gréhaigne;C
35271;35;Saint-Georges-de-Reintembault;C
35272;35;Saint-Germain-du-Pinel;C
35273;35;Saint-Germain-en-Coglès;C
35274;35;Saint-Germain-sur-Ille;C
35275;35;Saint-Gilles;B1
35276;35;Saint-Gondran;C
35277;35;Saint-Gonlay;C
35278;35;Saint-Grégoire;B1
35279;35;Saint-Guinoux;B2
35280;35;Saint-Hilaire-des-Landes;C
35281;35;Saint-Jacques-de-la-Lande;B1
35282;35;Rives-du-Couesnon;C
35283;35;Saint-Jean-sur-Vilaine;C
35284;35;Saint-Jouan-des-Guérets;B1
35285;35;Saint-Just;C
35286;35;Saint-Léger-des-Prés;C
35287;35;Saint-Lunaire;B1
35288;35;Saint-Malo;B1
35289;35;Saint-Malo-de-Phily;C
35290;35;Saint-Malon-sur-Mel;C
35291;35;Saint-Marcan;C
35292;35;Saint-Marc-le-Blanc;C
35294;35;Sainte-Marie;C
35295;35;Saint-Maugan;C
35296;35;Saint-Médard-sur-Ille;C
35297;35;Saint-Méen-le-Grand;C
35299;35;Saint-Méloir-des-Ondes;B1
35300;35;Saint-M'Hervé;C
35302;35;Saint-Onen-la-Chapelle;C
35304;35;Saint-Ouen-des-Alleux;C
35305;35;Saint-Péran;C
35306;35;Saint-Père-Marc-en-Poulet;B2
35307;35;Saint-Pern;C
35308;35;Mesnil-Roc'h;C
35309;35;Saint-Rémy-du-Plain;C
35310;35;Saint-Sauveur-des-Landes;C
35311;35;Saint-Séglin;C
35312;35;Saint-Senoux;C
35314;35;Saint-Suliac;B2
35315;35;Saint-Sulpice-la-Forêt;B2
35316;35;Saint-Sulpice-des-Landes;C
35317;35;Saint-Symphorien;C
35318;35;Saint-Thual;C
35319;35;Saint-Thurial;C
35320;35;Saint-Uniac;C
35321;35;Saulnières;C
35322;35;Le Sel-de-Bretagne;C
35324;35;La Selle-en-Luitré;C
35325;35;La Selle-Guerchaise;C
35326;35;Sens-de-Bretagne;C
35327;35;Servon-sur-Vilaine;C
35328;35;Sixt-sur-Aff;C
35329;35;Sougeal;C
35330;35;Taillis;C
35331;35;Talensac;C
35332;35;Teillay;C
35333;35;Le Theil-de-Bretagne;C
35334;35;Thorigné-Fouillard;B1
35335;35;Thourie;C
35336;35;Le Tiercent;C
35337;35;Tinténiac;C
35338;35;Torcé;C
35339;35;Trans-la-Forêt;C
35340;35;Treffendel;C
35342;35;Trémeheuc;C
35343;35;Tresbœuf;C
35345;35;Trévérien;C
35346;35;Trimer;C
35347;35;Val-d'Izé;C
35350;35;Vergéal;C
35351;35;Le Verger;B2
35352;35;Vern-sur-Seiche;B1
35353;35;Vezin-le-Coquet;B1
35354;35;Vieux-Viel;C
35355;35;Vieux-Vy-sur-Couesnon;C
35356;35;Vignoc;C
35357;35;Villamée;C
35358;35;La Ville-ès-Nonais;B2
35359;35;Visseiche;C
35360;35;Vitré;B1
35361;35;Le Vivier-sur-Mer;C
35362;35;Le Tronchet;B2
35363;35;Pont-Péan;B1
36001;36;Aigurande;C
36002;36;Aize;C
36003;36;Ambrault;C
36004;36;Anjouin;C
36005;36;Ardentes;C
36006;36;Argenton-sur-Creuse;C
36007;36;Argy;C
36008;36;Arpheuilles;C
36009;36;Arthon;C
36010;36;Azay-le-Ferron;C
36011;36;Bagneux;C
36012;36;Baraize;C
36013;36;Baudres;C
36014;36;Bazaiges;C
36015;36;Beaulieu;C
36016;36;Bélâbre;C
36017;36;La Berthenoux;C
36018;36;Le Blanc;C
36019;36;Bommiers;C
36020;36;Bonneuil;C
36021;36;Les Bordes;C
36022;36;Bouesse;C
36023;36;Bouges-le-Château;C
36024;36;Bretagne;C
36025;36;Briantes;C
36026;36;Brion;C
36027;36;Brives;C
36028;36;La Buxerette;C
36029;36;Buxeuil;C
36030;36;Buxières-d'Aillac;C
36031;36;Buzançais;C
36032;36;Ceaulmont;C
36033;36;Celon;C
36034;36;Chabris;C
36035;36;Chaillac;C
36036;36;Chalais;C
36037;36;La Champenoise;C
36038;36;Champillet;C
36040;36;La Chapelle-Orthemale;C
36041;36;La Chapelle-Saint-Laurian;C
36042;36;Chasseneuil;C
36043;36;Chassignolles;C
36044;36;Châteauroux;B2
36045;36;Châtillon-sur-Indre;C
36046;36;La Châtre;C
36047;36;La Châtre-Langlin;C
36048;36;Chavin;C
36049;36;Chazelet;C
36050;36;Chezelles;C
36051;36;Chitray;C
36052;36;Chouday;C
36053;36;Ciron;C
36054;36;Cléré-du-Bois;C
36055;36;Clion;C
36056;36;Cluis;C
36057;36;Coings;C
36058;36;Concremiers;C
36059;36;Condé;C
36060;36;Crevant;C
36061;36;Crozon-sur-Vauvre;C
36062;36;Cuzion;C
36063;36;Déols;B2
36064;36;Diors;C
36065;36;Diou;C
36066;36;Douadic;C
36067;36;Dunet;C
36068;36;Dun-le-Poëlier;C
36069;36;Écueillé;C
36070;36;Éguzon-Chantôme;C
36071;36;Étrechet;C
36073;36;Feusines;C
36074;36;Fléré-la-Rivière;C
36075;36;Fontenay;C
36076;36;Fontgombault;C
36077;36;Fontguenand;C
36078;36;Fougerolles;C
36079;36;Francillon;C
36080;36;Frédille;C
36081;36;Gargilesse-Dampierre;C
36082;36;Gehée;C
36083;36;Giroux;C
36084;36;Gournay;C
36085;36;Guilly;C
36086;36;Heugnes;C
36087;36;Ingrandes;C
36088;36;Issoudun;C
36089;36;Jeu-les-Bois;C
36090;36;Jeu-Maloches;C
36091;36;Lacs;C
36092;36;Langé;C
36093;36;Levroux;C
36094;36;Lignac;C
36095;36;Lignerolles;C
36096;36;Lingé;C
36097;36;Liniez;C
36098;36;Lizeray;C
36099;36;Lourdoueix-Saint-Michel;C
36100;36;Lourouer-Saint-Laurent;C
36101;36;Luant;C
36102;36;Luçay-le-Libre;C
36103;36;Luçay-le-Mâle;C
36104;36;Lurais;C
36105;36;Lureuil;C
36106;36;Luzeret;C
36107;36;Lye;C
36108;36;Lys-Saint-Georges;C
36109;36;Le Magny;C
36110;36;Maillet;C
36111;36;Malicornay;C
36112;36;Mâron;C
36113;36;Martizay;C
36114;36;Mauvières;C
36115;36;Menetou-sur-Nahon;C
36116;36;Ménétréols-sous-Vatan;C
36117;36;Le Menoux;C
36118;36;Méobecq;C
36119;36;Mérigny;C
36120;36;Mers-sur-Indre;C
36121;36;Meunet-Planches;C
36122;36;Meunet-sur-Vatan;C
36123;36;Mézières-en-Brenne;C
36124;36;Migné;C
36125;36;Migny;C
36126;36;Montchevrier;C
36127;36;Montgivray;C
36128;36;Montierchaume;C
36129;36;Montipouret;C
36130;36;Montlevicq;C
36131;36;Mosnay;C
36132;36;La Motte-Feuilly;C
36133;36;Mouhers;C
36134;36;Mouhet;C
36135;36;Moulins-sur-Céphons;C
36136;36;Murs;C
36137;36;Néons-sur-Creuse;C
36138;36;Néret;C
36139;36;Neuillay-les-Bois;C
36140;36;Neuvy-Pailloux;C
36141;36;Neuvy-Saint-Sépulchre;C
36142;36;Niherne;C
36143;36;Nohant-Vic;C
36144;36;Nuret-le-Ferron;C
36145;36;Obterre;C
36146;36;Orsennes;C
36147;36;Orville;C
36148;36;Oulches;C
36149;36;Palluau-sur-Indre;C
36150;36;Parnac;C
36152;36;Paudy;C
36153;36;Paulnay;C
36154;36;Le Pêchereau;C
36155;36;Pellevoisin;C
36156;36;Pérassay;C
36157;36;La Pérouille;C
36158;36;Badecon-le-Pin;C
36159;36;Le Poinçonnet;B2
36160;36;Pommiers;C
36161;36;Le Pont-Chrétien-Chabenet;C
36162;36;Poulaines;C
36163;36;Pouligny-Notre-Dame;C
36164;36;Pouligny-Saint-Martin;C
36165;36;Pouligny-Saint-Pierre;C
36166;36;Préaux;C
36167;36;Preuilly-la-Ville;C
36168;36;Prissac;C
36169;36;Pruniers;C
36170;36;Reboursin;C
36171;36;Reuilly;C
36172;36;Rivarennes;C
36173;36;Rosnay;C
36174;36;Roussines;C
36175;36;Rouvres-les-Bois;C
36176;36;Ruffec;C
36177;36;Sacierges-Saint-Martin;C
36178;36;Saint-Aigny;C
36179;36;Saint-Aoustrille;C
36180;36;Saint-Août;C
36181;36;Saint-Aubin;C
36182;36;Saint-Benoît-du-Sault;C
36184;36;Saint-Chartier;C
36185;36;Saint-Christophe-en-Bazelle;C
36186;36;Saint-Christophe-en-Boucherie;C
36187;36;Saint-Civran;C
36188;36;Saint-Cyran-du-Jambot;C
36189;36;Saint-Denis-de-Jouhet;C
36190;36;Sainte-Fauste;C
36191;36;Saint-Florentin;C
36192;36;Saint-Gaultier;C
36193;36;Sainte-Gemme;C
36194;36;Saint-Genou;C
36195;36;Saint-Georges-sur-Arnon;C
36196;36;Saint-Gilles;C
36197;36;Saint-Hilaire-sur-Benaize;C
36198;36;Saint-Lactencin;C
36199;36;Sainte-Lizaigne;C
36200;36;Saint-Marcel;C
36202;36;Saint-Maur;B2
36203;36;Saint-Médard;C
36204;36;Saint-Michel-en-Brenne;C
36205;36;Saint-Pierre-de-Jards;C
36207;36;Saint-Plantaire;C
36208;36;Sainte-Sévère-sur-Indre;C
36209;36;Saint-Valentin;C
36210;36;Sarzay;C
36211;36;Sassierges-Saint-Germain;C
36212;36;Saulnay;C
36213;36;Sauzelles;C
36214;36;Sazeray;C
36215;36;Ségry;C
36216;36;Selles-sur-Nahon;C
36217;36;Sembleçay;C
36218;36;Sougé;C
36219;36;Tendu;C
36220;36;Thenay;C
36221;36;Thevet-Saint-Julien;C
36222;36;Thizay;C
36223;36;Tilly;C
36224;36;Tournon-Saint-Martin;C
36225;36;Le Tranger;C
36226;36;Tranzault;C
36227;36;Urciers;C
36228;36;Valençay;C
36229;36;Val-Fouzon;C
36230;36;Vatan;C
36231;36;Velles;C
36232;36;Vendœuvres;C
36233;36;La Vernelle;C
36234;36;Verneuil-sur-Igneraie;C
36235;36;Veuil;C
36236;36;Vicq-Exemplet;C
36237;36;Vicq-sur-Nahon;C
36238;36;Vigoulant;C
36239;36;Vigoux;C
36240;36;Vijon;C
36241;36;Villedieu-sur-Indre;C
36242;36;Villegongis;C
36243;36;Villegouin;C
36244;36;Villentrois-Faverolles-en-Berry;C
36246;36;Villiers;C
36247;36;Vineuil;C
36248;36;Vouillon;C
37001;37;Abilly;C
37002;37;Ambillou;C
37003;37;Amboise;B1
37004;37;Anché;C
37005;37;Antogny-le-Tillac;C
37006;37;Artannes-sur-Indre;C
37007;37;Assay;C
37008;37;Athée-sur-Cher;C
37009;37;Autrèche;C
37010;37;Auzouer-en-Touraine;C
37011;37;Avoine;C
37012;37;Avon-les-Roches;C
37013;37;Avrillé-les-Ponceaux;C
37014;37;Azay-le-Rideau;C
37015;37;Azay-sur-Cher;B2
37016;37;Azay-sur-Indre;C
37018;37;Ballan-Miré;B1
37019;37;Barrou;C
37020;37;Beaulieu-lès-Loches;C
37021;37;Beaumont-Louestault;C
37022;37;Beaumont-en-Véron;C
37023;37;Beaumont-Village;C
37024;37;Benais;C
37025;37;Berthenay;C
37026;37;Betz-le-Château;C
37027;37;Bléré;B1
37028;37;Bossay-sur-Claise;C
37029;37;Bossée;C
37030;37;Le Boulay;C
37031;37;Bourgueil;C
37032;37;Bournan;C
37033;37;Boussay;C
37034;37;Braslou;C
37035;37;Braye-sous-Faye;C
37036;37;Braye-sur-Maulne;C
37037;37;Brèches;C
37038;37;Bréhémont;C
37039;37;Bridoré;C
37040;37;Brizay;C
37041;37;Bueil-en-Touraine;C
37042;37;Candes-Saint-Martin;C
37043;37;Cangey;B2
37044;37;La Celle-Guenand;C
37045;37;La Celle-Saint-Avant;C
37046;37;Céré-la-Ronde;C
37047;37;Cerelles;C
37048;37;Chambon;C
37049;37;Chambourg-sur-Indre;C
37050;37;Chambray-lès-Tours;B1
37051;37;Champigny-sur-Veude;C
37052;37;Chançay;C
37053;37;Chanceaux-près-Loches;C
37054;37;Chanceaux-sur-Choisille;B1
37055;37;Channay-sur-Lathan;C
37056;37;La Chapelle-aux-Naux;C
37057;37;La Chapelle-Blanche-Saint-Martin;C
37058;37;La Chapelle-sur-Loire;C
37059;37;Charentilly;C
37060;37;Chargé;B2
37061;37;Charnizay;C
37062;37;Château-la-Vallière;C
37063;37;Château-Renault;C
37064;37;Chaumussay;C
37065;37;Chaveignes;C
37066;37;Chédigny;C
37067;37;Cheillé;C
37068;37;Chemillé-sur-Dême;C
37069;37;Chemillé-sur-Indrois;C
37070;37;Chenonceaux;C
37071;37;Chezelles;C
37072;37;Chinon;C
37073;37;Chisseaux;C
37074;37;Chouzé-sur-Loire;C
37075;37;Cigogné;C
37076;37;Cinais;C
37077;37;Cinq-Mars-la-Pile;C
37078;37;Ciran;C
37079;37;Civray-de-Touraine;B2
37080;37;Civray-sur-Esves;C
37081;37;Cléré-les-Pins;C
37082;37;Continvoir;C
37083;37;Cormery;C
37084;37;Couesmes;C
37085;37;Courçay;C
37086;37;Courcelles-de-Touraine;C
37087;37;Courcoué;C
37088;37;Couziers;C
37089;37;Cravant-les-Côteaux;C
37090;37;Crissay-sur-Manse;C
37091;37;La Croix-en-Touraine;B2
37092;37;Crotelles;C
37093;37;Crouzilles;C
37094;37;Cussay;C
37095;37;Dame-Marie-les-Bois;C
37096;37;Dierre;B2
37097;37;Dolus-le-Sec;C
37098;37;Draché;C
37099;37;Druye;B2
37100;37;Épeigné-les-Bois;C
37101;37;Épeigné-sur-Dême;C
37103;37;Esves-le-Moutier;C
37104;37;Esvres;B1
37105;37;Faye-la-Vineuse;C
37106;37;La Ferrière;C
37107;37;Ferrière-Larçon;C
37108;37;Ferrière-sur-Beaulieu;C
37109;37;Fondettes;B1
37110;37;Francueil;C
37111;37;Genillé;C
37112;37;Gizeux;C
37113;37;Le Grand-Pressigny;C
37114;37;La Guerche;C
37115;37;Descartes;C
37116;37;Les Hermites;C
37117;37;Hommes;C
37118;37;Huismes;C
37119;37;L'Île-Bouchard;C
37121;37;Jaulnay;C
37122;37;Joué-lès-Tours;B1
37123;37;Langeais;B2
37124;37;Larçay;B1
37125;37;Lémeré;C
37126;37;Lerné;C
37127;37;Le Liège;C
37128;37;Lignières-de-Touraine;C
37129;37;Ligré;C
37130;37;Ligueil;C
37131;37;Limeray;B2
37132;37;Loches;C
37133;37;Loché-sur-Indrois;C
37134;37;Louans;C
37136;37;Le Louroux;C
37137;37;Lublé;C
37138;37;Lussault-sur-Loire;C
37139;37;Luynes;B1
37140;37;Luzé;C
37141;37;Luzillé;C
37142;37;Maillé;C
37143;37;Manthelan;C
37144;37;Marçay;C
37145;37;Marcé-sur-Esves;C
37146;37;Marcilly-sur-Maulne;C
37147;37;Marcilly-sur-Vienne;C
37148;37;Marigny-Marmande;C
37149;37;Marray;C
37150;37;Mazières-de-Touraine;C
37151;37;La Membrolle-sur-Choisille;B1
37152;37;Mettray;B1
37153;37;Monnaie;C
37154;37;Montbazon;B1
37155;37;Monthodon;C
37156;37;Montlouis-sur-Loire;B1
37157;37;Montrésor;C
37158;37;Montreuil-en-Touraine;C
37159;37;Monts;B1
37160;37;Morand;C
37161;37;Mosnes;C
37162;37;Mouzay;C
37163;37;Nazelles-Négron;B1
37165;37;Neuil;C
37166;37;Neuillé-le-Lierre;C
37167;37;Neuillé-Pont-Pierre;C
37168;37;Neuilly-le-Brignon;C
37169;37;Neuville-sur-Brenne;C
37170;37;Neuvy-le-Roi;C
37171;37;Noizay;B2
37172;37;Notre-Dame-d'Oé;B1
37173;37;Nouans-les-Fontaines;C
37174;37;Nouâtre;C
37175;37;Nouzilly;C
37176;37;Noyant-de-Touraine;C
37177;37;Orbigny;C
37178;37;Panzoult;C
37179;37;Parçay-Meslay;B1
37180;37;Parçay-sur-Vienne;C
37181;37;Paulmy;C
37182;37;Pernay;C
37183;37;Perrusson;C
37184;37;Le Petit-Pressigny;C
37185;37;Pocé-sur-Cisse;B1
37186;37;Pont-de-Ruan;C
37187;37;Ports-sur-Vienne;C
37188;37;Pouzay;C
37189;37;Preuilly-sur-Claise;C
37190;37;Pussigny;C
37191;37;Razines;C
37192;37;Reignac-sur-Indre;C
37193;37;Restigné;C
37194;37;Reugny;C
37195;37;La Riche;B1
37196;37;Richelieu;C
37197;37;Rigny-Ussé;C
37198;37;Rillé;C
37199;37;Rilly-sur-Vienne;C
37200;37;Rivarennes;C
37201;37;Rivière;C
37202;37;La Roche-Clermault;C
37203;37;Rochecorbon;B1
37204;37;Rouziers-de-Touraine;C
37205;37;Saché;C
37206;37;Saint-Antoine-du-Rocher;C
37207;37;Saint-Aubin-le-Dépeint;C
37208;37;Saint-Avertin;B1
37210;37;Saint-Benoît-la-Forêt;C
37211;37;Saint-Branchs;C
37212;37;Sainte-Catherine-de-Fierbois;C
37213;37;Saint-Christophe-sur-le-Nais;C
37214;37;Saint-Cyr-sur-Loire;B1
37216;37;Saint-Épain;C
37217;37;Saint-Étienne-de-Chigny;B2
37218;37;Saint-Flovier;C
37219;37;Saint-Genouph;B1
37220;37;Saint-Germain-sur-Vienne;C
37221;37;Saint-Hippolyte;C
37222;37;Saint-Jean-Saint-Germain;C
37223;37;Saint-Laurent-de-Lin;C
37224;37;Saint-Laurent-en-Gâtines;C
37225;37;Saint-Martin-le-Beau;B2
37226;37;Sainte-Maure-de-Touraine;C
37228;37;Saint-Nicolas-de-Bourgueil;C
37229;37;Saint-Nicolas-des-Motets;C
37230;37;Saint-Ouen-les-Vignes;B2
37231;37;Saint-Paterne-Racan;C
37232;37;Coteaux-sur-Loire;C
37233;37;Saint-Pierre-des-Corps;B1
37234;37;Saint-Quentin-sur-Indrois;C
37236;37;Saint-Règle;C
37237;37;Saint-Roch;C
37238;37;Saint-Senoch;C
37240;37;Saunay;C
37241;37;Savigné-sur-Lathan;C
37242;37;Savigny-en-Véron;C
37243;37;Savonnières;B1
37244;37;Sazilly;C
37245;37;Semblançay;C
37246;37;Sennevières;C
37247;37;Sepmes;C
37248;37;Seuilly;C
37249;37;Sonzay;C
37250;37;Sorigny;C
37251;37;Souvigné;C
37252;37;Souvigny-de-Touraine;C
37253;37;Sublaines;C
37254;37;Tauxigny-Saint-Bauld;C
37255;37;Tavant;C
37256;37;Theneuil;C
37257;37;Thilouze;C
37258;37;Thizay;C
37259;37;Tournon-Saint-Pierre;C
37260;37;La Tour-Saint-Gelin;C
37261;37;Tours;B1
37262;37;Trogues;C
37263;37;Truyes;C
37264;37;Vallères;C
37265;37;Varennes;C
37266;37;Veigné;B1
37267;37;Véretz;C
37268;37;Verneuil-le-Château;C
37269;37;Verneuil-sur-Indre;C
37270;37;Vernou-sur-Brenne;B1
37271;37;Villaines-les-Rochers;C
37272;37;Villandry;C
37273;37;La Ville-aux-Dames;B1
37274;37;Villebourg;C
37275;37;Villedômain;C
37276;37;Villedômer;C
37277;37;Villeloin-Coulangé;C
37278;37;Villeperdue;C
37279;37;Villiers-au-Bouin;C
37280;37;Vou;C
37281;37;Vouvray;B1
37282;37;Yzeures-sur-Creuse;C
38001;38;Les Abrets en Dauphiné;C
38002;38;Les Adrets;B1
38003;38;Agnin;C
38004;38;L'Albenc;C
38005;38;Allemond;C
38006;38;Allevard;B1
38008;38;Ambel;C
38009;38;Anjou;C
38010;38;Annoisin-Chatelans;C
38011;38;Anthon;B1
38012;38;Aoste;C
38013;38;Apprieu;C
38015;38;Artas;C
38017;38;Assieu;C
38018;38;Auberives-en-Royans;C
38019;38;Auberives-sur-Varèze;C
38020;38;Auris;C
38022;38;Les Avenières Veyrins-Thuellin;C
38023;38;Avignonet;C
38026;38;La Balme-les-Grottes;C
38027;38;Barraux;C
38029;38;La Bâtie-Montgascon;C
38030;38;Beaucroissant;C
38031;38;Beaufin;C
38032;38;Beaufort;C
38033;38;Beaulieu;C
38034;38;Beaurepaire;C
38035;38;Beauvoir-de-Marc;C
38036;38;Beauvoir-en-Royans;C
38037;38;Bellegarde-Poussieu;C
38038;38;Belmont;C
38039;38;Bernin;B1
38040;38;Besse;C
38041;38;Bessins;C
38042;38;Bévenais;C
38043;38;Bilieu;C
38044;38;Biol;C
38045;38;Biviers;B1
38046;38;Bizonnes;C
38047;38;Blandin;C
38048;38;Bonnefamille;C
38049;38;Bossieu;C
38050;38;Le Bouchage;C
38051;38;Bougé-Chambalud;C
38052;38;Le Bourg-d'Oisans;B1
38053;38;Bourgoin-Jallieu;B1
38054;38;Bouvesse-Quirieu;C
38055;38;Brangues;C
38056;38;Bressieux;C
38057;38;Bresson;B1
38058;38;Brézins;C
38059;38;Brié-et-Angonnes;B1
38060;38;Brion;C
38061;38;La Buisse;B1
38062;38;La Buissière;C
38063;38;Burcin;C
38064;38;Cessieu;C
38065;38;Châbons;C
38066;38;Chalon;C
38067;38;Chamagnieu;B1
38068;38;Champagnier;B1
38069;38;Champier;C
38070;38;Le Champ-près-Froges;B1
38071;38;Champ-sur-Drac;B1
38072;38;Chanas;B2
38073;38;Chantepérier;C
38074;38;Chantesse;C
38075;38;Chapareillan;C
38076;38;La Chapelle-de-la-Tour;B2
38077;38;La Chapelle-de-Surieu;C
38078;38;La Chapelle-du-Bard;C
38080;38;Charancieu;C
38081;38;Charantonnay;C
38082;38;Charavines;C
38083;38;Charette;C
38084;38;Charnècles;C
38085;38;Charvieu-Chavagneux;B1
38086;38;Chasselay;C
38087;38;Chasse-sur-Rhône;B1
38089;38;Chassignieu;C
38090;38;Château-Bernard;C
38091;38;Châteauvilain;C
38092;38;Châtelus;C
38093;38;Châtenay;C
38094;38;Châtonnay;C
38095;38;Chatte;B2
38097;38;Chavanoz;B1
38098;38;Chélieu;C
38099;38;Chevrières;C
38100;38;Le Cheylas;C
38101;38;Cheyssieu;C
38102;38;Chèzeneuve;C
38103;38;Chichilianne;C
38104;38;Chimilin;C
38105;38;Chirens;B1
38106;38;Cholonge;C
38107;38;Chonas-l'Amballan;C
38108;38;Choranche;C
38109;38;Chozeau;B1
38110;38;Chuzelles;B1
38111;38;Claix;A
38112;38;Clavans-en-Haut-Oisans;C
38113;38;Clelles;C
38114;38;Clonas-sur-Varèze;C
38115;38;Saint-Martin-de-la-Cluze;C
38116;38;Cognet;C
38117;38;Cognin-les-Gorges;C
38118;38;Colombe;C
38120;38;La Combe-de-Lancey;C
38124;38;Corbelin;C
38126;38;Corenc;B1
38127;38;Cornillon-en-Trièves;C
38128;38;Corps;C
38129;38;Corrençon-en-Vercors;C
38130;38;La Côte-Saint-André;B2
38131;38;Les Côtes-d'Arey;C
38132;38;Les Côtes-de-Corps;C
38133;38;Coublevie;B1
38134;38;Cour-et-Buis;C
38135;38;Courtenay;C
38136;38;Crachier;C
38137;38;Cras;C
38138;38;Crémieu;B2
38139;38;Creys-Mépieu;C
38140;38;Crolles;A
38141;38;Culin;C
38144;38;Diémoz;B1
38146;38;Dizimieu;C
38147;38;Doissin;C
38148;38;Dolomieu;C
38149;38;Domarin;B1
38150;38;Domène;B1
38151;38;Échirolles;B1
38152;38;Eclose-Badinières;C
38153;38;Engins;C
38154;38;Entraigues;C
38155;38;Entre-deux-Guiers;C
38156;38;Les Éparres;C
38157;38;Estrablin;B2
38158;38;Eybens;A
38159;38;Eydoche;C
38160;38;Eyzin-Pinet;C
38161;38;Faramans;C
38162;38;Faverges-de-la-Tour;C
38163;38;Le Haut-Bréda;C
38166;38;La Flachère;C
38167;38;Flachères;C
38169;38;Fontaine;B1
38170;38;Fontanil-Cornillon;B1
38171;38;La Forteresse;C
38172;38;Four;B2
38173;38;Le Freney-d'Oisans;C
38174;38;La Frette;C
38175;38;Froges;B1
38176;38;Frontonas;B1
38177;38;La Garde;C
38179;38;Gières;A
38180;38;Gillonnay;C
38181;38;Goncelin;B1
38182;38;Le Grand-Lemps;B2
38183;38;Granieu;C
38184;38;Grenay;B1
38185;38;Grenoble;A
38186;38;Gresse-en-Vercors;C
38187;38;Le Gua;C
38188;38;Herbeys;B1
38189;38;Heyrieux;B1
38190;38;Hières-sur-Amby;C
38191;38;Huez;A
38192;38;Hurtières;C
38193;38;L'Isle-d'Abeau;B1
38194;38;Izeaux;C
38195;38;Izeron;C
38197;38;Janneyrias;B1
38198;38;Jarcieu;C
38199;38;Jardin;B2
38200;38;Jarrie;B1
38203;38;Laffrey;C
38204;38;Lalley;C
38205;38;Lans-en-Vercors;B1
38206;38;Laval-en-Belledonne;C
38207;38;Lavaldens;C
38208;38;Lavars;C
38209;38;Lentiol;C
38210;38;Leyrieu;C
38211;38;Lieudieu;C
38212;38;Livet-et-Gavet;C
38213;38;Longechenal;C
38214;38;Lumbin;B1
38215;38;Luzinay;B1
38216;38;Malleval-en-Vercors;C
38217;38;Marcieu;C
38218;38;Marcilloles;C
38219;38;Marcollin;C
38221;38;Marnans;C
38222;38;Massieu;C
38223;38;Maubec;B1
38224;38;Mayres-Savel;C
38225;38;Autrans-Méaudre en Vercors;B1
38226;38;Mens;C
38228;38;Merlas;C
38229;38;Meylan;A
38230;38;Meyrié;C
38231;38;Meyrieu-les-Étangs;C
38232;38;Meyssiez;C
38235;38;Miribel-Lanchâtre;C
38236;38;Miribel-les-Échelles;C
38237;38;Mizoën;C
38238;38;Moidieu-Détourbe;C
38239;38;Moirans;B1
38240;38;Moissieu-sur-Dolon;C
38241;38;Monestier-d'Ambel;C
38242;38;Monestier-de-Clermont;C
38243;38;Monestier-du-Percy;C
38244;38;Monsteroux-Milieu;C
38245;38;Montagne;C
38246;38;Montagnieu;C
38247;38;Montalieu-Vercieu;C
38248;38;Montaud;C
38249;38;Montbonnot-Saint-Martin;A
38250;38;Montcarra;C
38252;38;Montchaboud;B1
38253;38;Les Deux Alpes;A
38254;38;Monteynard;C
38255;38;Montfalcon;C
38256;38;Montferrat;C
38257;38;Montrevel;C
38258;38;Mont-Saint-Martin;C
38259;38;Montseveroux;C
38260;38;Moras;C
38261;38;Morestel;C
38263;38;Morette;C
38264;38;La Morte;C
38265;38;La Motte-d'Aveillans;C
38266;38;La Motte-Saint-Martin;C
38267;38;Mottier;C
38268;38;Le Moutaret;C
38269;38;La Mure;C
38270;38;La Murette;C
38271;38;Murianette;B1
38272;38;Murinais;C
38273;38;Nantes-en-Ratier;C
38275;38;Serre-Nerpol;C
38276;38;Nivolas-Vermelle;B1
38277;38;Notre-Dame-de-Commiers;C
38278;38;Notre-Dame-de-l'Osier;C
38279;38;Notre-Dame-de-Mésage;C
38280;38;Notre-Dame-de-Vaulx;C
38281;38;Noyarey;B1
38282;38;Optevoz;C
38283;38;Oris-en-Rattier;C
38284;38;Ornacieux-Balbins;C
38285;38;Ornon;C
38286;38;Oulles;C
38287;38;Oyeu;C
38288;38;Oytier-Saint-Oblas;C
38289;38;Oz;C
38290;38;Pact;C
38291;38;Pajay;C
38292;38;Villages du Lac de Paladru;C
38294;38;Panossas;C
38295;38;Parmilieu;C
38296;38;Le Passage;C
38297;38;Arandon-Passins;C
38298;38;Le Péage-de-Roussillon;B2
38299;38;Pellafol;C
38300;38;Penol;C
38301;38;Le Percy;C
38303;38;La Pierre;B1
38304;38;Pierre-Châtel;C
38307;38;Pisieu;C
38308;38;Plan;C
38309;38;Poisat;B1
38310;38;Poliénas;C
38311;38;Pommier-de-Beaurepaire;C
38313;38;Ponsonnas;C
38314;38;Pontcharra;B1
38315;38;Le Pont-de-Beauvoisin;C
38316;38;Pont-de-Chéruy;B1
38317;38;Le Pont-de-Claix;B1
38318;38;Pont-Évêque;B1
38319;38;Pont-en-Royans;C
38320;38;Porcieu-Amblagnieu;C
38321;38;Prébois;C
38322;38;Presles;C
38323;38;Pressins;C
38324;38;Primarette;C
38325;38;Proveysieux;C
38326;38;Prunières;C
38328;38;Quaix-en-Chartreuse;C
38329;38;Quet-en-Beaumont;C
38330;38;Quincieu;C
38331;38;Réaumont;C
38332;38;Renage;B1
38333;38;Rencurel;C
38334;38;Revel;C
38335;38;Revel-Tourdan;C
38336;38;Reventin-Vaugris;C
38337;38;Rives;B1
38338;38;La Rivière;C
38339;38;Roche;C
38340;38;Les Roches-de-Condrieu;B2
38341;38;Rochetoirin;C
38342;38;Roissard;C
38343;38;Romagnieu;C
38344;38;Roussillon;B2
38345;38;Rovon;C
38346;38;Royas;C
38347;38;Roybon;C
38348;38;Ruy-Montceau;B1
38349;38;Sablons;B2
38350;38;Sainte-Agnès;C
38351;38;Saint-Agnin-sur-Bion;C
38352;38;Saint-Alban-de-Roche;B1
38353;38;Saint-Alban-du-Rhône;C
38354;38;Saint-Albin-de-Vaulserre;C
38355;38;Saint-Andéol;C
38356;38;Saint-André-en-Royans;C
38357;38;Saint-André-le-Gaz;C
38358;38;Sainte-Anne-sur-Gervonde;C
38359;38;Saint Antoine l'Abbaye;C
38360;38;Saint-Appolinard;C
38361;38;Saint-Arey;C
38362;38;Saint-Aupre;C
38363;38;Saint-Barthélemy;C
38364;38;Saint-Barthélemy-de-Séchilienne;C
38365;38;Saint-Baudille-de-la-Tour;C
38366;38;Saint-Baudille-et-Pipet;C
38368;38;Saint-Blaise-du-Buis;C
38369;38;Sainte-Blandine;C
38370;38;Saint-Bonnet-de-Chavagne;C
38372;38;Saint-Bueil;C
38373;38;Saint-Cassien;C
38374;38;Saint-Chef;C
38375;38;Saint-Christophe-en-Oisans;C
38376;38;Saint-Christophe-sur-Guiers;C
38377;38;Saint-Clair-de-la-Tour;B2
38378;38;Saint-Clair-du-Rhône;B2
38379;38;Saint-Clair-sur-Galaure;C
38380;38;Saint-Didier-de-Bizonnes;C
38381;38;Saint-Didier-de-la-Tour;C
38382;38;Saint-Égrève;A
38383;38;Saint-Étienne-de-Crossey;C
38384;38;Saint-Étienne-de-Saint-Geoirs;C
38386;38;Saint-Geoire-en-Valdaine;C
38387;38;Saint-Geoirs;C
38388;38;Saint-Georges-de-Commiers;C
38389;38;Saint-Georges-d'Espéranche;C
38390;38;Saint-Gervais;C
38391;38;Saint-Guillaume;C
38392;38;Saint-Hilaire-de-Brens;C
38393;38;Saint-Hilaire-de-la-Côte;C
38394;38;Saint-Hilaire-du-Rosier;C
38395;38;Plateau-des-Petites-Roches;C
38396;38;Saint-Honoré;C
38397;38;Saint-Ismier;A
38398;38;Saint-Jean-d'Avelanne;C
38399;38;Saint-Jean-de-Bournay;B1
38400;38;Saint-Jean-de-Moirans;B1
38401;38;Saint-Jean-de-Soudain;B2
38402;38;Saint-Jean-de-Vaulx;C
38403;38;Saint-Jean-d'Hérans;C
38404;38;Saint-Jean-le-Vieux;C
38405;38;Saint-Joseph-de-Rivière;C
38406;38;Saint-Julien-de-l'Herms;C
38407;38;La Sure en Chartreuse;C
38408;38;Saint-Just-Chaleyssin;B1
38409;38;Saint-Just-de-Claix;C
38410;38;Saint-Lattier;C
38412;38;Saint-Laurent-du-Pont;C
38413;38;Saint-Laurent-en-Beaumont;C
38414;38;Sainte-Luce;C
38415;38;Saint-Marcel-Bel-Accueil;C
38416;38;Saint-Marcellin;B2
38417;38;Sainte-Marie-d'Alloix;C
38418;38;Sainte-Marie-du-Mont;C
38419;38;Saint-Martin-de-Clelles;C
38420;38;Saint-Martin-de-Vaulserre;C
38421;38;Saint-Martin-d'Hères;B1
38422;38;Saint-Martin-d'Uriage;A
38423;38;Saint-Martin-le-Vinoux;B1
38424;38;Saint-Maurice-en-Trièves;C
38425;38;Saint-Maurice-l'Exil;B2
38426;38;Saint-Maximin;C
38427;38;Saint-Michel-de-Saint-Geoirs;C
38428;38;Saint-Michel-en-Beaumont;C
38429;38;Saint-Michel-les-Portes;C
38430;38;Saint-Mury-Monteymond;C
38431;38;Saint-Nazaire-les-Eymes;B1
38432;38;Saint-Nicolas-de-Macherin;C
38433;38;Saint-Nizier-du-Moucherotte;B1
38434;38;Saint-Ondras;C
38436;38;Saint-Paul-de-Varces;C
38437;38;Saint-Paul-d'Izeaux;C
38438;38;Saint-Paul-lès-Monestier;C
38439;38;Crêts en Belledonne;C
38440;38;Saint-Pierre-de-Bressieux;C
38442;38;Saint-Pierre-de-Chartreuse;C
38443;38;Saint-Pierre-de-Chérennes;C
38444;38;Saint-Pierre-de-Méaroz;C
38445;38;Saint-Pierre-de-Mésage;C
38446;38;Saint-Pierre-d'Entremont;C
38448;38;Saint-Prim;B2
38449;38;Saint-Quentin-Fallavier;B1
38450;38;Saint-Quentin-sur-Isère;C
38451;38;Saint-Romain-de-Jalionas;C
38452;38;Saint-Romain-de-Surieu;C
38453;38;Saint-Romans;C
38454;38;Saint-Sauveur;C
38455;38;Saint-Savin;C
38456;38;Châtel-en-Trièves;C
38457;38;Saint-Siméon-de-Bressieux;C
38458;38;Saint-Sorlin-de-Morestel;C
38459;38;Saint-Sorlin-de-Vienne;C
38460;38;Saint-Sulpice-des-Rivoires;C
38462;38;Saint-Théoffrey;C
38463;38;Saint-Vérand;C
38464;38;Saint-Victor-de-Cessieu;C
38465;38;Saint-Victor-de-Morestel;C
38466;38;Saint-Vincent-de-Mercuze;C
38467;38;Salagnon;C
38468;38;Salaise-sur-Sanne;B2
38469;38;La Salette-Fallavaux;C
38470;38;La Salle-en-Beaumont;C
38471;38;Le Sappey-en-Chartreuse;B1
38472;38;Sarcenas;C
38473;38;Sardieu;C
38474;38;Sassenage;B1
38475;38;Satolas-et-Bonce;B1
38476;38;Savas-Mépin;C
38478;38;Séchilienne;C
38479;38;Porte-des-Bonnevaux;C
38480;38;Septème;C
38481;38;Sérézin-de-la-Tour;C
38483;38;Sermérieu;C
38484;38;Serpaize;C
38485;38;Seyssinet-Pariset;B1
38486;38;Seyssins;A
38487;38;Seyssuel;B1
38488;38;Siccieu-Saint-Julien-et-Carisieu;C
38489;38;Siévoz;C
38490;38;Sillans;C
38492;38;Sinard;C
38494;38;Soleymieu;C
38495;38;La Sône;C
38496;38;Sonnay;C
38497;38;Sousville;C
38498;38;Succieu;C
38499;38;Susville;C
38500;38;Têche;C
38501;38;Tencin;B1
38503;38;La Terrasse;B1
38504;38;Theys;C
38505;38;Thodure;C
38507;38;Tignieu-Jameyzieu;B1
38508;38;Torchefelon;C
38509;38;La Tour-du-Pin;B2
38511;38;Le Touvet;C
38512;38;Tramolé;C
38513;38;Treffort;C
38514;38;Tréminis;C
38515;38;Trept;C
38516;38;La Tronche;A
38517;38;Tullins;C
38518;38;Valbonnais;C
38519;38;Valencin;B1
38520;38;Valencogne;C
38521;38;La Valette;C
38522;38;Valjouffrey;C
38523;38;Varacieux;C
38524;38;Varces-Allières-et-Risset;B1
38525;38;Vasselin;C
38526;38;Vatilieu;C
38527;38;Vaujany;C
38528;38;Vaulnaveys-le-Bas;B1
38529;38;Vaulnaveys-le-Haut;B1
38530;38;Vaulx-Milieu;B1
38531;38;Velanne;C
38532;38;Vénérieu;C
38533;38;Venon;B1
38535;38;Vernas;C
38536;38;Vernioz;C
38537;38;La Verpillière;B1
38538;38;Le Versoud;B1
38539;38;Vertrieu;C
38540;38;Veurey-Voroize;B1
38542;38;Veyssilieu;C
38543;38;Vézeronce-Curtin;C
38544;38;Vienne;B1
38545;38;Vif;B1
38546;38;Vignieu;C
38547;38;Villard-Bonnot;B1
38548;38;Villard-de-Lans;A
38549;38;Villard-Notre-Dame;C
38550;38;Villard-Reculas;C
38551;38;Villard-Reymond;C
38552;38;Villard-Saint-Christophe;C
38553;38;Villefontaine;B1
38554;38;Villemoirieu;B1
38555;38;Villeneuve-de-Marc;C
38556;38;Ville-sous-Anjou;C
38557;38;Villette-d'Anthon;B1
38558;38;Villette-de-Vienne;B1
38559;38;Vinay;B2
38560;38;Val-de-Virieu;C
38561;38;Viriville;C
38562;38;Vizille;B1
38563;38;Voiron;B1
38564;38;Voissant;C
38565;38;Voreppe;B1
38566;38;Vourey;C
38567;38;Chamrousse;C
39001;39;Abergement-la-Ronce;C
39002;39;Abergement-le-Grand;C
39003;39;Abergement-le-Petit;C
39004;39;Abergement-lès-Thésy;C
39006;39;Aiglepierre;C
39007;39;Alièze;C
39008;39;Amange;C
39009;39;Andelot-en-Montagne;C
39010;39;Andelot-Morval;C
39011;39;Annoire;C
39013;39;Arbois;C
39014;39;Archelange;C
39015;39;Ardon;C
39016;39;Arinthod;C
39017;39;Arlay;C
39018;39;Aromas;C
39019;39;Les Arsures;C
39020;39;Arsure-Arsurette;C
39021;39;La Chailleuse;C
39022;39;Asnans-Beauvoisin;C
39024;39;Audelange;C
39025;39;Augea;C
39026;39;Augerans;C
39027;39;Augisey;C
39028;39;Aumont;C
39029;39;Aumur;C
39030;39;Authume;B2
39031;39;Auxange;C
39032;39;Avignon-lès-Saint-Claude;C
39034;39;Balaiseaux;C
39035;39;Balanod;C
39037;39;Bans;C
39038;39;Barésia-sur-l'Ain;C
39039;39;La Barre;C
39040;39;Barretaine;C
39041;39;Baume-les-Messieurs;C
39042;39;Baverans;B2
39043;39;Beaufort-Orbagna;C
39045;39;Beffia;C
39046;39;Bellecombe;C
39047;39;Bellefontaine;C
39048;39;Belmont;C
39049;39;Bersaillin;C
39050;39;Besain;C
39051;39;Biarne;C
39052;39;Bief-des-Maisons;C
39053;39;Bief-du-Fourg;C
39054;39;Biefmorin;C
39055;39;Billecul;C
39056;39;Bletterans;C
39057;39;Blois-sur-Seille;C
39058;39;Blye;C
39059;39;Bois-d'Amont;B2
39060;39;Bois-de-Gand;C
39061;39;Boissia;C
39062;39;La Boissière;C
39063;39;Bonlieu;C
39065;39;Bonnefontaine;C
39066;39;Bornay;C
39068;39;Les Bouchoux;C
39070;39;Bourg-de-Sirod;C
39072;39;Bracon;C
39073;39;Brainans;C
39074;39;Brans;C
39076;39;La Bretenière;C
39077;39;Bretenières;C
39078;39;Brevans;B2
39079;39;Briod;C
39080;39;Broissia;C
39081;39;Buvilly;C
39083;39;Censeau;C
39084;39;Cernans;C
39085;39;Cerniébaud;C
39086;39;Cernon;C
39088;39;Cesancey;C
39090;39;Chaînée-des-Coupis;C
39091;39;Les Chalesmes;C
39092;39;Chambéria;C
39093;39;Chamblay;C
39094;39;Chamole;C
39095;39;Champagne-sur-Loue;C
39096;39;Champagney;C
39097;39;Champagnole;C
39099;39;Champdivers;C
39100;39;Champrougier;C
39101;39;Champvans;C
39102;39;Chancia;C
39103;39;La Chapelle-sur-Furieuse;C
39104;39;Chapelle-Voland;C
39105;39;Chapois;C
39106;39;Charchilla;C
39107;39;Charcier;C
39108;39;Charency;C
39109;39;Charézier;C
39110;39;La Charme;C
39111;39;Charnod;C
39112;39;La Chassagne;C
39114;39;Château-Chalon;C
39116;39;La Châtelaine;C
39117;39;Chatelay;C
39118;39;Châtel-de-Joux;C
39119;39;Le Chateley;C
39120;39;Châtelneuf;C
39121;39;Châtenois;C
39122;39;Châtillon;C
39124;39;Chaumergy;C
39126;39;La Chaumusse;C
39127;39;Chaussenans;C
39128;39;Chaussin;C
39129;39;Chaux-des-Crotenay;C
39130;39;Nanchez;C
39131;39;La Chaux-du-Dombief;C
39132;39;La Chaux-en-Bresse;C
39133;39;Chaux-Champagny;C
39134;39;Chavéria;C
39136;39;Chemenot;C
39137;39;Saint-Hymetière-sur-Valouse;C
39138;39;Chemin;C
39139;39;Chêne-Bernard;C
39140;39;Chêne-Sec;C
39141;39;Chevigny;C
39142;39;Chevreaux;C
39143;39;Chevrotaine;C
39145;39;Chille;C
39146;39;Chilly-le-Vignoble;C
39147;39;Chilly-sur-Salins;C
39149;39;Chissey-sur-Loue;C
39150;39;Choisey;B2
39151;39;Choux;C
39153;39;Cize;C
39154;39;Clairvaux-les-Lacs;C
39155;39;Clucy;C
39156;39;Cogna;C
39157;39;Coiserette;C
39159;39;Colonne;C
39160;39;Commenailles;C
39162;39;Condamine;C
39163;39;Condes;C
39164;39;Conliège;C
39165;39;Conte;C
39166;39;Cornod;C
39167;39;Cosges;C
39168;39;Courbette;C
39169;39;Courbouzon;C
39170;39;Courlans;C
39171;39;Courlaoux;C
39172;39;Courtefontaine;C
39173;39;Cousance;C
39174;39;Coyrière;C
39175;39;Coyron;C
39176;39;Cramans;C
39177;39;Hauteroche;C
39178;39;Crans;C
39179;39;Crenans;C
39180;39;Cressia;C
39182;39;Crissey;B2
39183;39;Crotenay;C
39184;39;Les Crozets;C
39185;39;Cuisia;C
39187;39;Cuvier;C
39188;39;Dammartin-Marpain;C
39189;39;Damparis;C
39190;39;Dampierre;C
39191;39;Darbonnay;C
39192;39;Denezières;C
39193;39;Le Deschaux;C
39194;39;Desnes;C
39196;39;Les Deux-Fays;C
39197;39;Digna;C
39198;39;Dole;B2
39199;39;Domblans;C
39200;39;Dompierre-sur-Mont;C
39201;39;Doucier;C
39202;39;Dournon;C
39203;39;Doye;C
39204;39;Dramelay;C
39205;39;Éclans-Nenon;C
39206;39;Écleux;C
39207;39;Écrille;C
39208;39;Entre-deux-Monts;C
39209;39;Val-d'Épy;C
39210;39;Équevillon;C
39211;39;Les Essards-Taignevaux;C
39214;39;Esserval-Tartre;C
39216;39;Étival;C
39217;39;L'Étoile;C
39218;39;Étrepigney;C
39219;39;Évans;C
39220;39;Falletans;C
39221;39;La Favière;C
39222;39;Fay-en-Montagne;C
39223;39;La Ferté;C
39225;39;Le Fied;C
39227;39;Foncine-le-Bas;C
39228;39;Foncine-le-Haut;C
39229;39;Fontainebrux;C
39230;39;Fontenu;C
39232;39;Fort-du-Plasne;C
39233;39;Foucherans;B2
39234;39;Foulenay;C
39235;39;Fraisans;C
39236;39;Francheville;C
39237;39;Fraroz;C
39238;39;Frasne-les-Meulières;C
39239;39;La Frasnée;C
39240;39;Le Frasnois;C
39241;39;Frébuans;C
39244;39;Frontenay;C
39245;39;Gatey;C
39246;39;Gendrey;C
39247;39;Genod;C
39248;39;Geraise;C
39249;39;Germigney;C
39250;39;Geruge;C
39251;39;Gevingey;C
39252;39;Gevry;C
39253;39;Gigny;C
39254;39;Gillois;C
39255;39;Gizia;C
39258;39;Grande-Rivière Château;C
39259;39;Grange-de-Vaivre;C
39261;39;Graye-et-Charnay;C
39262;39;Gredisans;C
39263;39;Grozon;C
39265;39;Hautecour;C
39266;39;Les Hays;C
39267;39;Ivory;C
39268;39;Ivrey;C
39269;39;Jeurre;C
39270;39;Jouhe;C
39271;39;Lac-des-Rouges-Truites;C
39272;39;Ladoye-sur-Seille;C
39273;39;Montlainsia;C
39274;39;Lajoux;C
39275;39;Lamoura;B2
39277;39;Le Larderet;C
39278;39;Largillay-Marsonnay;C
39279;39;Larnaud;C
39280;39;Larrivoire;C
39281;39;Le Latet;C
39282;39;La Latette;C
39283;39;Lavancia-Epercy;C
39284;39;Lavangeot;C
39285;39;Lavans-lès-Dole;C
39286;39;Lavans-lès-Saint-Claude;C
39288;39;Lavigny;C
39289;39;Lect;C
39290;39;Valzin en Petite Montagne;C
39291;39;Lemuy;C
39292;39;Lent;C
39293;39;Leschères;C
39295;39;Loisia;C
39296;39;Lombard;C
39297;39;Longchaumois;C
39298;39;Longcochon;C
39299;39;Longwy-sur-le-Doubs;C
39300;39;Lons-le-Saunier;C
39301;39;Loulle;C
39302;39;Louvatange;C
39304;39;Le Louverot;C
39305;39;La Loye;C
39306;39;Macornay;C
39307;39;Maisod;C
39308;39;Malange;C
39310;39;Mantry;C
39312;39;Marigna-sur-Valouse;C
39313;39;Marigny;C
39314;39;Marnézia;C
39315;39;Marnoz;C
39317;39;La Marre;C
39318;39;Martigna;C
39319;39;Mathenay;C
39320;39;Maynal;C
39321;39;Menétru-le-Vignoble;C
39322;39;Menétrux-en-Joux;C
39323;39;Menotey;C
39324;39;Mérona;C
39325;39;Mesnay;C
39326;39;Mesnois;C
39327;39;Messia-sur-Sorne;C
39328;39;Meussia;C
39329;39;Mièges;C
39330;39;Miéry;C
39331;39;Mignovillard;C
39333;39;Moirans-en-Montagne;C
39334;39;Moiron;C
39335;39;Moissey;C
39336;39;Molain;C
39337;39;Molamboz;C
39338;39;Molay;C
39339;39;Chassal-Molinges;C
39342;39;Monay;C
39343;39;Monnetay;C
39344;39;Monnet-la-Ville;C
39345;39;Monnières;C
39346;39;Montagna-le-Reconduit;C
39348;39;Montaigu;C
39349;39;Montain;C
39350;39;Montbarrey;C
39351;39;Montcusel;C
39352;39;Monteplain;C
39353;39;Montfleur;C
39354;39;Montholier;C
39355;39;Montigny-lès-Arsures;C
39356;39;Montigny-sur-l'Ain;C
39359;39;Montmarlon;C
39360;39;Montmirey-la-Ville;C
39361;39;Montmirey-le-Château;C
39362;39;Montmorot;C
39363;39;Montrevel;C
39364;39;Montrond;C
39365;39;Mont-sous-Vaudrey;C
39366;39;Mont-sur-Monnet;C
39367;39;Morbier;C
39368;39;Hauts de Bienne;C
39370;39;Mouchard;C
39372;39;Mournans-Charbonny;C
39373;39;Les Moussières;C
39375;39;Moutonne;C
39376;39;Moutoux;C
39377;39;Mutigney;C
39378;39;Les Trois-Châteaux;C
39379;39;Nance;C
39380;39;Nancuise;C
39381;39;Les Nans;C
39385;39;Neublans-Abergement;C
39386;39;Neuvilley;C
39387;39;Nevy-lès-Dole;C
39388;39;Nevy-sur-Seille;C
39389;39;Ney;C
39390;39;Nogna;C
39391;39;Nozeroy;C
39392;39;Offlanges;C
39393;39;Onglières;C
39394;39;Onoz;C
39396;39;Orchamps;C
39397;39;Orgelet;C
39398;39;Ougney;C
39399;39;Ounans;C
39400;39;Our;C
39401;39;Oussières;C
39402;39;Pagney;C
39403;39;Pagnoz;C
39404;39;Pannessières;C
39405;39;Parcey;C
39406;39;Le Pasquier;C
39407;39;Passenans;C
39408;39;Patornay;C
39409;39;Peintre;C
39411;39;Perrigny;C
39412;39;Peseux;C
39413;39;La Pesse;C
39415;39;Petit-Noir;C
39418;39;Picarreau;C
39419;39;Pillemoine;C
39420;39;Pimorin;C
39421;39;Le Pin;C
39422;39;Plainoiseau;C
39423;39;Plaisia;C
39424;39;Les Planches-en-Montagne;C
39425;39;Les Planches-près-Arbois;C
39426;39;Plasne;C
39427;39;Plénise;C
39428;39;Plénisette;C
39429;39;Pleure;C
39430;39;Plumont;C
39431;39;Poids-de-Fiole;C
39432;39;Pointre;C
39434;39;Poligny;C
39435;39;Pont-de-Poitte;C
39436;39;Pont-d'Héry;C
39437;39;Pont-du-Navoy;C
39439;39;Port-Lesney;C
39441;39;Prémanon;B1
39443;39;Présilly;C
39444;39;Pretin;C
39445;39;Publy;C
39446;39;Pupillin;C
39447;39;Quintigny;C
39448;39;Rahon;C
39449;39;Rainans;C
39451;39;Ranchot;C
39452;39;Rans;C
39453;39;Ravilloles;C
39454;39;Recanoz;C
39455;39;Reithouse;C
39456;39;Relans;C
39457;39;Les Repôts;C
39458;39;Revigny;C
39460;39;La Rixouse;C
39461;39;Rix;C
39462;39;Rochefort-sur-Nenon;C
39463;39;Rogna;C
39464;39;Romain;C
39465;39;Romange;C
39466;39;Rosay;C
39467;39;Rotalier;C
39468;39;Rothonay;C
39469;39;Rouffange;C
39470;39;Les Rousses;B1
39471;39;Ruffey-sur-Seille;C
39472;39;Rye;C
39473;39;Saffloz;C
39475;39;Saint-Amour;C
39476;39;Saint-Aubin;C
39477;39;Saint-Baraing;C
39478;39;Saint-Claude;C
39479;39;Saint-Cyr-Montmalin;C
39480;39;Saint-Didier;C
39481;39;Saint-Germain-en-Montagne;C
39485;39;Val Suran;C
39486;39;Saint-Lamain;C
39487;39;Saint-Laurent-en-Grandvaux;B1
39489;39;Saint-Lothain;C
39490;39;Saint-Loup;C
39491;39;Coteaux du Lizon;C
39492;39;Saint-Maur;C
39493;39;Saint-Maurice-Crillat;C
39494;39;Saint-Pierre;C
39495;39;Saint-Thiébaud;C
39497;39;Saizenay;C
39498;39;Salans;C
39499;39;Saligney;C
39500;39;Salins-les-Bains;C
39501;39;Sampans;C
39502;39;Santans;C
39503;39;Sapois;C
39504;39;Sarrogna;C
39505;39;Saugeot;C
39507;39;Séligney;C
39508;39;Sellières;C
39510;39;Septmoncel les Molunes;C
39511;39;Sergenaux;C
39512;39;Sergenon;C
39513;39;Sermange;C
39514;39;Serre-les-Moulières;C
39517;39;Sirod;C
39518;39;Songeson;C
39519;39;Soucia;C
39520;39;Souvans;C
39522;39;Supt;C
39523;39;Syam;C
39525;39;Tassenières;C
39526;39;Tavaux;C
39527;39;Taxenne;C
39528;39;Thervay;C
39529;39;Thésy;C
39530;39;Thoirette-Coisia;C
39531;39;Thoiria;C
39532;39;Thoissia;C
39533;39;Toulouse-le-Château;C
39534;39;La Tour-du-Meix;C
39535;39;Tourmont;C
39537;39;Trenal;C
39538;39;Uxelles;C
39539;39;Vadans;C
39540;39;Valempoulières;C
39543;39;Vannoz;C
39545;39;Le Vaudioux;C
39546;39;Vaudrey;C
39547;39;Vaux-lès-Saint-Claude;C
39550;39;Verges;C
39551;39;Véria;C
39552;39;Vernantois;C
39553;39;Le Vernois;C
39554;39;Vers-en-Montagne;C
39555;39;Vers-sous-Sellières;C
39556;39;Vertamboz;C
39557;39;Vescles;C
39558;39;Vevy;C
39559;39;La Vieille-Loye;C
39560;39;Villard-Saint-Sauveur;C
39561;39;Villards-d'Héria;C
39565;39;Villeneuve-d'Aval;C
39567;39;Villeneuve-sous-Pymont;C
39568;39;Villerserine;C
39569;39;Villers-Farlay;C
39570;39;Villers-les-Bois;C
39571;39;Villers-Robert;C
39572;39;Villette-lès-Arbois;C
39573;39;Villette-lès-Dole;B2
39574;39;Villevieux;C
39575;39;Le Villey;C
39576;39;Val-Sonnette;C
39577;39;Vincent-Froideville;C
39579;39;Viry;C
39581;39;Vitreux;C
39582;39;Voiteur;C
39583;39;Vosbles-Valfin;C
39584;39;Vriange;C
39585;39;Vulvoz;C
39586;39;Aresches;C
40001;40;Aire-sur-l'Adour;C
40002;40;Amou;C
40003;40;Angoumé;C
40004;40;Angresse;B1
40005;40;Arboucave;C
40006;40;Arengosse;C
40007;40;Argelos;C
40008;40;Argelouse;C
40011;40;Arsague;C
40012;40;Artassenx;C
40013;40;Arthez-d'Armagnac;C
40014;40;Arue;C
40015;40;Arx;C
40016;40;Aubagnan;C
40017;40;Audignon;C
40018;40;Audon;C
40019;40;Aureilhan;C
40020;40;Aurice;C
40021;40;Azur;B1
40022;40;Bahus-Soubiran;C
40023;40;Baigts;C
40024;40;Banos;C
40025;40;Bascons;C
40026;40;Bas-Mauco;C
40027;40;Bassercles;C
40028;40;Bastennes;C
40029;40;Bats;C
40030;40;Baudignan;C
40031;40;Bégaar;C
40032;40;Belhade;C
40033;40;Bélis;C
40034;40;Bélus;C
40035;40;Bénesse-lès-Dax;C
40036;40;Bénesse-Maremne;B1
40037;40;Benquet;C
40038;40;Bergouey;C
40039;40;Betbezer-d'Armagnac;C
40040;40;Beylongue;C
40041;40;Beyries;C
40042;40;Biarrotte;C
40043;40;Bias;C
40044;40;Biaudos;C
40046;40;Biscarrosse;B1
40047;40;Bonnegarde;C
40049;40;Bordères-et-Lamensans;C
40050;40;Bostens;C
40051;40;Bougue;C
40052;40;Bourdalat;C
40053;40;Bourriot-Bergonce;C
40054;40;Brassempouy;C
40055;40;Bretagne-de-Marsan;C
40056;40;Brocas;C
40057;40;Buanes;C
40058;40;Cachen;C
40059;40;Cagnotte;C
40060;40;Callen;C
40061;40;Campagne;C
40062;40;Campet-et-Lamolère;C
40063;40;Candresse;C
40064;40;Canenx-et-Réaut;C
40065;40;Capbreton;B1
40066;40;Carcarès-Sainte-Croix;C
40067;40;Carcen-Ponson;C
40068;40;Cassen;C
40069;40;Castaignos-Souslens;C
40070;40;Castandet;C
40071;40;Castelnau-Chalosse;C
40072;40;Castelnau-Tursan;C
40073;40;Castelner;C
40074;40;Castel-Sarrazin;C
40075;40;Castets;C
40076;40;Cauna;C
40077;40;Cauneille;C
40078;40;Caupenne;C
40079;40;Cazalis;C
40080;40;Cazères-sur-l'Adour;C
40081;40;Cère;C
40082;40;Classun;C
40083;40;Clèdes;C
40084;40;Clermont;C
40085;40;Commensacq;C
40086;40;Coudures;C
40087;40;Créon-d'Armagnac;C
40088;40;Dax;B1
40089;40;Doazit;C
40090;40;Donzacq;C
40091;40;Duhort-Bachen;C
40092;40;Dumes;C
40093;40;Escalans;C
40094;40;Escource;C
40095;40;Estibeaux;C
40096;40;Estigarde;C
40097;40;Eugénie-les-Bains;C
40098;40;Eyres-Moncube;C
40099;40;Fargues;C
40100;40;Le Frêche;C
40101;40;Gaas;C
40102;40;Gabarret;C
40103;40;Gaillères;C
40104;40;Gamarde-les-Bains;C
40105;40;Garein;C
40106;40;Garrey;C
40108;40;Gastes;B1
40109;40;Gaujacq;C
40110;40;Geaune;C
40111;40;Geloux;C
40112;40;Gibret;C
40113;40;Goos;C
40114;40;Gourbera;C
40115;40;Gousse;C
40116;40;Gouts;C
40117;40;Grenade-sur-l'Adour;C
40118;40;Habas;C
40119;40;Hagetmau;C
40120;40;Hastingues;C
40121;40;Hauriet;C
40122;40;Haut-Mauco;C
40123;40;Herm;C
40124;40;Herré;C
40125;40;Heugas;C
40126;40;Hinx;C
40127;40;Hontanx;C
40128;40;Horsarrieu;C
40129;40;Josse;B2
40130;40;Labastide-Chalosse;C
40131;40;Labastide-d'Armagnac;C
40132;40;Labatut;C
40133;40;Labenne;B1
40134;40;Labouheyre;C
40135;40;Labrit;C
40136;40;Lacajunte;C
40137;40;Lacquy;C
40138;40;Lacrabe;C
40139;40;Laglorieuse;C
40140;40;Lagrange;C
40141;40;Lahosse;C
40142;40;Laluque;C
40143;40;Lamothe;C
40144;40;Larbey;C
40145;40;Larrivière-Saint-Savin;C
40146;40;Latrille;C
40147;40;Laurède;C
40148;40;Lauret;C
40149;40;Lencouacq;C
40150;40;Léon;B1
40151;40;Lesgor;C
40152;40;Lesperon;C
40153;40;Le Leuy;C
40154;40;Lévignacq;C
40155;40;Linxe;C
40156;40;Liposthey;C
40157;40;Lit-et-Mixe;B1
40158;40;Losse;C
40159;40;Louer;C
40160;40;Lourquen;C
40161;40;Lubbon;C
40162;40;Lucbardez-et-Bargues;C
40163;40;Lüe;C
40164;40;Retjons;C
40165;40;Luglon;C
40166;40;Lussagnet;C
40167;40;Luxey;C
40168;40;Magescq;B2
40169;40;Maillas;C
40170;40;Maillères;C
40171;40;Mano;C
40172;40;Mant;C
40173;40;Marpaps;C
40174;40;Mauries;C
40175;40;Maurrin;C
40176;40;Mauvezin-d'Armagnac;C
40177;40;Maylis;C
40178;40;Mazerolles;C
40179;40;Mées;C
40180;40;Meilhan;C
40181;40;Messanges;B1
40182;40;Mézos;C
40183;40;Mimbaste;C
40184;40;Mimizan;B1
40185;40;Miramont-Sensacq;C
40186;40;Misson;C
40187;40;Moliets-et-Maa;B1
40188;40;Momuy;C
40189;40;Monget;C
40190;40;Monségur;C
40191;40;Montaut;C
40192;40;Mont-de-Marsan;B2
40193;40;Montégut;C
40194;40;Montfort-en-Chalosse;C
40195;40;Montgaillard;C
40196;40;Montsoué;C
40197;40;Morcenx-la-Nouvelle;C
40198;40;Morganx;C
40199;40;Mouscardès;C
40200;40;Moustey;C
40201;40;Mugron;C
40202;40;Narrosse;B2
40203;40;Nassiet;C
40204;40;Nerbis;C
40205;40;Nousse;C
40206;40;Oeyregave;C
40207;40;Oeyreluy;C
40208;40;Onard;C
40209;40;Ondres;B1
40210;40;Onesse-Laharie;C
40211;40;Orist;C
40212;40;Orthevielle;C
40213;40;Orx;B2
40214;40;Ossages;C
40215;40;Ousse-Suzan;C
40216;40;Ozourt;C
40217;40;Parentis-en-Born;B1
40218;40;Parleboscq;C
40219;40;Payros-Cazautets;C
40220;40;Pécorade;C
40221;40;Perquie;C
40222;40;Pey;C
40223;40;Peyre;C
40224;40;Peyrehorade;C
40225;40;Philondenx;C
40226;40;Pimbo;C
40227;40;Pissos;C
40228;40;Pomarez;C
40229;40;Pontenx-les-Forges;C
40230;40;Pontonx-sur-l'Adour;C
40231;40;Port-de-Lanne;C
40232;40;Poudenx;C
40233;40;Pouillon;C
40234;40;Pouydesseaux;C
40235;40;Poyanne;C
40236;40;Poyartin;C
40237;40;Préchacq-les-Bains;C
40238;40;Pujo-le-Plan;C
40239;40;Puyol-Cazalet;C
40240;40;Renung;C
40242;40;Rimbez-et-Baudiets;C
40243;40;Rion-des-Landes;C
40244;40;Rivière-Saas-et-Gourby;C
40245;40;Roquefort;C
40246;40;Sabres;C
40247;40;Saint-Agnet;C
40248;40;Saint-André-de-Seignanx;B1
40249;40;Saint-Aubin;C
40250;40;Saint-Avit;C
40251;40;Saint-Barthélemy;B2
40252;40;Sainte-Colombe;C
40253;40;Saint-Cricq-Chalosse;C
40254;40;Saint-Cricq-du-Gave;C
40255;40;Saint-Cricq-Villeneuve;C
40256;40;Saint-Étienne-d'Orthe;C
40257;40;Sainte-Eulalie-en-Born;C
40258;40;Sainte-Foy;C
40259;40;Saint-Gein;C
40260;40;Saint-Geours-d'Auribat;C
40261;40;Saint-Geours-de-Maremne;B1
40262;40;Saint-Gor;C
40263;40;Saint-Jean-de-Lier;C
40264;40;Saint-Jean-de-Marsacq;B2
40265;40;Saint-Julien-d'Armagnac;C
40266;40;Saint-Julien-en-Born;B1
40267;40;Saint-Justin;C
40268;40;Saint-Laurent-de-Gosse;C
40269;40;Saint-Lon-les-Mines;C
40270;40;Saint-Loubouer;C
40271;40;Sainte-Marie-de-Gosse;C
40272;40;Saint-Martin-de-Hinx;C
40273;40;Saint-Martin-de-Seignanx;B1
40274;40;Saint-Martin-d'Oney;C
40275;40;Saint-Maurice-sur-Adour;C
40276;40;Saint-Michel-Escalus;C
40277;40;Saint-Pandelon;C
40278;40;Saint-Paul-en-Born;C
40279;40;Saint-Paul-lès-Dax;B1
40280;40;Saint-Perdon;C
40281;40;Saint-Pierre-du-Mont;B2
40282;40;Saint-Sever;C
40283;40;Saint-Vincent-de-Paul;B2
40284;40;Saint-Vincent-de-Tyrosse;B1
40285;40;Saint-Yaguen;C
40286;40;Samadet;C
40287;40;Sanguinet;B1
40288;40;Sarbazan;C
40289;40;Sarraziet;C
40290;40;Sarron;C
40291;40;Saubion;B1
40292;40;Saubrigues;B2
40293;40;Saubusse;B2
40294;40;Saugnac-et-Cambran;C
40295;40;Saugnac-et-Muret;C
40296;40;Seignosse;A
40297;40;Le Sen;C
40298;40;Serres-Gaston;C
40299;40;Serreslous-et-Arribans;C
40300;40;Seyresse;B2
40301;40;Siest;C
40303;40;Solférino;C
40304;40;Soorts-Hossegor;A
40305;40;Sorbets;C
40306;40;Sorde-l'Abbaye;C
40307;40;Sore;C
40308;40;Sort-en-Chalosse;C
40309;40;Souprosse;C
40310;40;Soustons;B1
40311;40;Taller;C
40312;40;Tarnos;B1
40313;40;Tartas;C
40314;40;Tercis-les-Bains;C
40315;40;Téthieu;C
40316;40;Tilh;C
40317;40;Tosse;B1
40318;40;Toulouzette;C
40319;40;Trensacq;C
40320;40;Uchacq-et-Parentis;C
40321;40;Urgons;C
40322;40;Uza;C
40323;40;Vert;C
40324;40;Vicq-d'Auribat;C
40325;40;Vielle-Tursan;C
40326;40;Vielle-Saint-Girons;B1
40327;40;Vielle-Soubiran;C
40328;40;Vieux-Boucau-les-Bains;B1
40329;40;Le Vignau;C
40330;40;Villenave;C
40331;40;Villeneuve-de-Marsan;C
40332;40;Ychoux;C
40333;40;Ygos-Saint-Saturnin;C
40334;40;Yzosse;C
41001;41;Ambloy;C
41002;41;Angé;C
41003;41;Areines;C
41004;41;Artins;C
41006;41;Autainville;C
41007;41;Authon;C
41008;41;Avaray;C
41009;41;Averdon;B2
41010;41;Azé;C
41012;41;Baillou;C
41013;41;Bauzy;C
41014;41;Beauchêne;C
41016;41;Billy;C
41017;41;Binas;C
41018;41;Blois;B2
41019;41;Boisseau;C
41020;41;Bonneveau;C
41022;41;Bouffry;C
41024;41;Boursay;C
41025;41;Bracieux;C
41026;41;Brévainville;C
41027;41;Briou;C
41028;41;Busloup;C
41029;41;Candé-sur-Beuvron;B2
41030;41;Cellé;C
41031;41;Cellettes;B2
41032;41;Chailles;B2
41034;41;Chambord;C
41035;41;Champigny-en-Beauce;C
41036;41;Chaon;C
41037;41;La Chapelle-Enchérie;C
41038;41;La Chapelle-Montmartin;C
41039;41;La Chapelle-Saint-Martin-en-Plaine;C
41040;41;La Chapelle-Vendômoise;C
41041;41;La Chapelle-Vicomtesse;C
41042;41;Châteauvieux;C
41043;41;Châtillon-sur-Cher;C
41044;41;Châtres-sur-Cher;C
41045;41;Chaumont-sur-Loire;C
41046;41;Chaumont-sur-Tharonne;C
41047;41;La Chaussée-Saint-Victor;B2
41048;41;Chauvigny-du-Perche;C
41049;41;Chémery;C
41050;41;Cheverny;B2
41051;41;Chissay-en-Touraine;C
41052;41;Chitenay;B2
41053;41;Choue;C
41054;41;Choussy;C
41055;41;Valloire-sur-Cisse;C
41057;41;Conan;C
41058;41;Concriers;C
41059;41;Le Controis-en-Sologne;C
41060;41;Cormenon;C
41061;41;Cormeray;B2
41062;41;Couddes;C
41063;41;Couffy;C
41065;41;Coulommiers-la-Tour;C
41066;41;Courbouzon;C
41067;41;Cour-Cheverny;B2
41068;41;Courmemin;C
41069;41;Cour-sur-Loire;C
41070;41;Vallée-de-Ronsard;C
41071;41;Crouy-sur-Cosson;C
41072;41;Crucheray;C
41073;41;Danzé;C
41074;41;Dhuizon;C
41075;41;Droué;C
41077;41;Épiais;C
41078;41;Épuisay;C
41079;41;Les Essarts;C
41080;41;Faverolles-sur-Cher;C
41081;41;Faye;C
41083;41;La Ferté-Beauharnais;C
41084;41;La Ferté-Imbault;C
41085;41;La Ferté-Saint-Cyr;C
41086;41;Fontaines-en-Sologne;C
41087;41;Fontaine-les-Coteaux;C
41088;41;Fontaine-Raoul;C
41089;41;La Fontenelle;C
41090;41;Fortan;C
41091;41;Fossé;B2
41093;41;Françay;C
41094;41;Fresnes;C
41095;41;Fréteval;C
41096;41;Le Gault-du-Perche;C
41097;41;Gièvres;C
41098;41;Gombergean;C
41099;41;Gy-en-Sologne;C
41100;41;Les Hayes;C
41101;41;Herbault;C
41102;41;Houssay;C
41103;41;Huisseau-en-Beauce;C
41104;41;Huisseau-sur-Cosson;B2
41105;41;Josnes;C
41106;41;Lamotte-Beuvron;B2
41107;41;Lancé;C
41108;41;Lancôme;C
41109;41;Landes-le-Gaulois;C
41110;41;Langon-sur-Cher;C
41112;41;Lassay-sur-Croisne;C
41113;41;Lavardin;C
41114;41;Lestiou;C
41115;41;Lignières;C
41116;41;Lisle;C
41118;41;Loreux;C
41119;41;Lorges;C
41120;41;Lunay;C
41121;41;La Madeleine-Villefrouin;C
41122;41;Maray;C
41123;41;Marchenoir;C
41124;41;Marcilly-en-Beauce;C
41125;41;Marcilly-en-Gault;C
41126;41;Mareuil-sur-Cher;C
41127;41;La Marolle-en-Sologne;C
41128;41;Marolles;B2
41129;41;Maslives;C
41130;41;Maves;C
41131;41;Mazangé;C
41132;41;Méhers;C
41134;41;Menars;B2
41135;41;Mennetou-sur-Cher;C
41136;41;Mer;C
41137;41;Mesland;C
41138;41;Meslay;C
41139;41;Meusnes;C
41140;41;Millançay;C
41141;41;Moisy;C
41142;41;Valencisse;C
41143;41;Mondoubleau;C
41144;41;Monteaux;C
41145;41;Monthou-sur-Bièvre;B2
41146;41;Monthou-sur-Cher;C
41147;41;Les Montils;B2
41148;41;Montlivault;C
41149;41;Montoire-sur-le-Loir;C
41150;41;Mont-près-Chambord;C
41151;41;Montrichard Val de Cher;C
41152;41;Montrieux-en-Sologne;C
41153;41;Montrouveau;C
41154;41;Morée;C
41155;41;Muides-sur-Loire;C
41156;41;Mulsans;C
41157;41;Mur-de-Sologne;C
41158;41;Naveil;C
41159;41;Neung-sur-Beuvron;C
41160;41;Neuvy;C
41161;41;Nouan-le-Fuzelier;C
41163;41;Nourray;C
41164;41;Noyers-sur-Cher;C
41166;41;Oisly;C
41167;41;Veuzain-sur-Loire;C
41168;41;Orçay;C
41171;41;Oucques La Nouvelle;C
41172;41;Ouzouer-le-Doyen;C
41173;41;Beauce la Romaine;C
41174;41;Périgny;C
41175;41;Pezou;C
41176;41;Pierrefitte-sur-Sauldre;C
41177;41;Le Plessis-Dorin;C
41178;41;Le Plessis-l'Échelle;C
41179;41;Le Poislay;C
41180;41;Pontlevoy;C
41181;41;Pouillé;C
41182;41;Pray;C
41184;41;Prunay-Cassereau;C
41185;41;Pruniers-en-Sologne;C
41186;41;Rahart;C
41187;41;Renay;C
41188;41;Rhodon;C
41189;41;Rilly-sur-Loire;C
41190;41;Rocé;C
41191;41;Roches;C
41192;41;Les Roches-l'Évêque;C
41193;41;Romilly;C
41194;41;Romorantin-Lanthenay;C
41195;41;Rougeou;C
41196;41;Ruan-sur-Egvonne;C
41198;41;Saint-Aignan;C
41199;41;Saint-Amand-Longpré;C
41200;41;Sainte-Anne;C
41201;41;Saint-Arnoult;C
41203;41;Saint-Bohaire;B2
41204;41;Saint-Claude-de-Diray;C
41205;41;Saint-Cyr-du-Gault;C
41206;41;Saint-Denis-sur-Loire;B2
41207;41;Saint-Dyé-sur-Loire;C
41208;41;Saint-Étienne-des-Guérets;C
41209;41;Saint-Firmin-des-Prés;C
41211;41;Saint-Georges-sur-Cher;C
41212;41;Saint-Gervais-la-Forêt;B2
41213;41;Saint-Gourgon;C
41214;41;Saint-Hilaire-la-Gravelle;C
41215;41;Saint-Jacques-des-Guérets;C
41216;41;Saint-Jean-Froidmentel;C
41217;41;Saint-Julien-de-Chédon;C
41218;41;Saint-Julien-sur-Cher;C
41219;41;Saint-Laurent-des-Bois;C
41220;41;Saint-Laurent-Nouan;C
41221;41;Saint-Léonard-en-Beauce;C
41222;41;Saint-Loup;C
41223;41;Saint-Lubin-en-Vergonnois;B2
41224;41;Saint-Marc-du-Cor;C
41225;41;Saint-Martin-des-Bois;C
41226;41;Saint-Ouen;C
41228;41;Saint-Rimay;C
41229;41;Saint-Romain-sur-Cher;C
41230;41;Saint-Sulpice-de-Pommeray;B2
41231;41;Saint-Viâtre;C
41232;41;Salbris;C
41233;41;Sambin;B2
41234;41;Santenay;C
41235;41;Sargé-sur-Braye;C
41236;41;Sasnières;C
41237;41;Sassay;C
41238;41;Savigny-sur-Braye;C
41239;41;Seigy;C
41241;41;Selles-Saint-Denis;C
41242;41;Selles-sur-Cher;C
41243;41;Selommes;C
41245;41;Séris;C
41246;41;Seur;B2
41247;41;Soings-en-Sologne;C
41248;41;Couëtron-au-Perche;C
41249;41;Souesmes;C
41250;41;Sougé;C
41251;41;Souvigny-en-Sologne;C
41252;41;Suèvres;C
41253;41;Talcy;C
41254;41;Le Temple;C
41255;41;Ternay;C
41256;41;Theillay;C
41258;41;Thésée;C
41259;41;Thoré-la-Rochette;C
41260;41;Thoury;C
41261;41;Tourailles;C
41262;41;Tour-en-Sologne;C
41265;41;Troo;C
41266;41;Valaire;B2
41267;41;Vallières-les-Grandes;C
41268;41;Veilleins;C
41269;41;Vendôme;B2
41271;41;Vernou-en-Sologne;C
41273;41;Vievy-le-Rayé;C
41274;41;Villavard;C
41275;41;La Ville-aux-Clercs;C
41276;41;Villebarou;B2
41277;41;Villebout;C
41278;41;Villechauve;C
41279;41;Villedieu-le-Château;C
41280;41;Villefranche-sur-Cher;C
41281;41;Villefrancœur;C
41282;41;Villeherviers;C
41283;41;Villemardy;C
41284;41;Villeneuve-Frouville;C
41285;41;Villeny;C
41286;41;Villeporcher;C
41287;41;Villerable;C
41288;41;Villerbon;B2
41289;41;Villermain;C
41290;41;Villeromain;C
41291;41;Villetrun;C
41292;41;Villexanton;C
41293;41;Villiersfaux;C
41294;41;Villiers-sur-Loir;C
41295;41;Vineuil;B2
41296;41;Vouzon;C
41297;41;Yvoy-le-Marron;C
42001;42;Aboën;C
42002;42;Ailleux;C
42003;42;Ambierle;C
42005;42;Andrézieux-Bouthéon;B2
42006;42;Apinac;C
42007;42;Arcinges;C
42008;42;Arcon;C
42009;42;Arthun;C
42010;42;Aveizieux;C
42011;42;Balbigny;C
42012;42;Bard;C
42013;42;Bellegarde-en-Forez;C
42014;42;Belleroche;C
42015;42;Belmont-de-la-Loire;C
42016;42;La Bénisson-Dieu;C
42017;42;Le Bessat;C
42018;42;Bessey;C
42019;42;Boën-sur-Lignon;C
42020;42;Boisset-lès-Montrond;C
42021;42;Boisset-Saint-Priest;C
42022;42;Bonson;B2
42023;42;Bourg-Argental;C
42025;42;Boyer;C
42026;42;Briennon;C
42027;42;Bully;C
42028;42;Burdignes;C
42029;42;Bussières;C
42030;42;Bussy-Albieux;C
42031;42;Caloire;C
42032;42;Cellieu;B2
42033;42;Le Cergne;C
42034;42;Cervières;C
42035;42;Cezay;C
42036;42;Chagnon;C
42037;42;Chalain-d'Uzore;C
42038;42;Chalain-le-Comtal;C
42039;42;Chalmazel-Jeansagnière;C
42040;42;La Chamba;C
42041;42;Chambéon;C
42042;42;Chambles;C
42043;42;Chambœuf;C
42044;42;Le Chambon-Feugerolles;B2
42045;42;La Chambonie;C
42046;42;Champdieu;C
42047;42;Champoly;C
42048;42;Chandon;C
42049;42;Changy;C
42050;42;La Chapelle-en-Lafaye;C
42051;42;La Chapelle-Villars;C
42052;42;Charlieu;C
42053;42;Châteauneuf;B2
42054;42;Châtelneuf;C
42055;42;Châtelus;C
42056;42;Chavanay;C
42058;42;Chazelles-sur-Lavieu;C
42059;42;Chazelles-sur-Lyon;B2
42060;42;Chenereilles;C
42061;42;Cherier;C
42062;42;Chevrières;C
42063;42;Chirassimont;C
42064;42;Chuyer;C
42065;42;Civens;C
42066;42;Cleppé;C
42067;42;Colombier;C
42068;42;Combre;C
42069;42;Commelle-Vernay;B2
42070;42;Cordelle;C
42071;42;Le Coteau;B2
42073;42;Cottance;C
42074;42;Coutouvre;C
42075;42;Craintilleux;C
42076;42;Cremeaux;C
42077;42;Croizet-sur-Gand;C
42078;42;Le Crozet;C
42079;42;Cuinzier;C
42081;42;Cuzieu;C
42083;42;Dargoire;C
42084;42;Solore-en-Forez;C
42085;42;Doizieux;C
42086;42;Écoche;C
42087;42;Écotay-l'Olme;C
42088;42;Épercieux-Saint-Paul;C
42089;42;Essertines-en-Châtelneuf;C
42090;42;Essertines-en-Donzy;C
42091;42;Estivareilles;C
42092;42;L'Étrat;B2
42093;42;Farnay;B2
42094;42;Feurs;C
42095;42;Firminy;B2
42096;42;Fontanès;C
42097;42;La Fouillouse;B2
42098;42;Fourneaux;C
42099;42;Fraisses;B2
42100;42;La Gimond;C
42101;42;Graix;C
42102;42;Grammond;C
42103;42;La Grand-Croix;B2
42104;42;La Gresle;C
42105;42;Grézieux-le-Fromental;C
42106;42;Grézolles;C
42107;42;Gumières;C
42108;42;L'Hôpital-le-Grand;C
42110;42;L'Horme;B2
42112;42;Jarnosse;C
42113;42;Jas;C
42115;42;Jonzieux;C
42116;42;Juré;C
42117;42;Lavieu;C
42118;42;Lay;C
42119;42;Leigneux;C
42120;42;Lentigny;C
42121;42;Lérigneux;C
42122;42;Lézigneux;C
42123;42;Lorette;B2
42124;42;Lupé;C
42125;42;Luré;C
42126;42;Luriecq;C
42127;42;Mably;B2
42128;42;Machézal;C
42129;42;Maclas;C
42130;42;Magneux-Haute-Rive;C
42131;42;Maizilly;C
42132;42;Malleval;C
42133;42;Marcenod;C
42134;42;Marcilly-le-Châtel;C
42135;42;Marclopt;C
42136;42;Marcoux;C
42137;42;Margerie-Chantagret;C
42138;42;Maringes;C
42139;42;Marlhes;C
42140;42;Marols;C
42141;42;Mars;C
42142;42;Merle-Leignec;C
42143;42;Mizérieux;C
42145;42;Montagny;C
42146;42;Montarcher;C
42147;42;Montbrison;B2
42148;42;Montchal;C
42149;42;Montrond-les-Bains;B2
42150;42;Montverdun;C
42151;42;Mornand-en-Forez;C
42152;42;Nandax;C
42153;42;Neaux;C
42154;42;Néronde;C
42155;42;Nervieux;C
42156;42;Neulise;C
42157;42;Noailly;C
42158;42;Les Noës;C
42159;42;Noirétable;C
42160;42;Nollieux;C
42161;42;Notre-Dame-de-Boisset;C
42162;42;Ouches;C
42163;42;La Pacaudière;C
42164;42;Palogneux;C
42165;42;Panissières;C
42166;42;Parigny;C
42167;42;Pavezin;C
42168;42;Pélussin;C
42169;42;Périgneux;C
42170;42;Perreux;C
42171;42;Pinay;C
42172;42;Planfoy;C
42173;42;Pommiers-en-Forez;C
42174;42;Poncins;C
42175;42;Pouilly-lès-Feurs;C
42176;42;Pouilly-les-Nonains;B2
42177;42;Pouilly-sous-Charlieu;C
42178;42;Pradines;C
42179;42;Pralong;C
42180;42;Précieux;C
42181;42;Régny;C
42182;42;Renaison;B2
42183;42;La Ricamarie;B2
42184;42;Riorges;B2
42185;42;Rivas;C
42186;42;Rive-de-Gier;B2
42187;42;Roanne;B2
42188;42;Roche-en-Forez;C
42189;42;Roche-la-Molière;B2
42191;42;Roisey;C
42192;42;Rozier-Côtes-d'Aurec;C
42193;42;Rozier-en-Donzy;C
42194;42;Sail-les-Bains;C
42195;42;Sail-sous-Couzan;C
42196;42;Sainte-Agathe-en-Donzy;C
42197;42;Sainte-Agathe-la-Bouteresse;C
42198;42;Saint-Alban-les-Eaux;B2
42199;42;Saint-André-d'Apchon;B2
42200;42;Saint-André-le-Puy;C
42201;42;Saint-Appolinard;C
42202;42;Saint-Barthélemy-Lestra;C
42203;42;Saint-Bonnet-des-Quarts;C
42204;42;Saint-Bonnet-le-Château;C
42205;42;Saint-Bonnet-le-Courreau;C
42206;42;Saint-Bonnet-les-Oules;C
42207;42;Saint-Chamond;B2
42208;42;Saint-Christo-en-Jarez;C
42209;42;Sainte-Colombe-sur-Gand;C
42210;42;Sainte-Croix-en-Jarez;C
42211;42;Saint-Cyprien;C
42212;42;Saint-Cyr-de-Favières;C
42213;42;Saint-Cyr-de-Valorges;C
42214;42;Saint-Cyr-les-Vignes;C
42215;42;Saint-Denis-de-Cabanne;C
42216;42;Saint-Denis-sur-Coise;C
42217;42;La Côte-Saint-Didier;C
42218;42;Saint-Étienne;B2
42219;42;Saint-Étienne-le-Molard;C
42220;42;Saint-Forgeux-Lespinasse;C
42221;42;Sainte-Foy-Saint-Sulpice;C
42222;42;Saint-Galmier;B2
42223;42;Saint-Genest-Lerpt;B2
42224;42;Saint-Genest-Malifaux;C
42225;42;Genilac;B2
42226;42;Saint-Georges-de-Baroille;C
42227;42;Saint-Georges-en-Couzan;C
42228;42;Saint-Georges-Haute-Ville;C
42229;42;Saint-Germain-la-Montagne;C
42230;42;Saint-Germain-Laval;C
42231;42;Saint-Germain-Lespinasse;C
42232;42;Saint-Haon-le-Châtel;B2
42233;42;Saint-Haon-le-Vieux;B2
42234;42;Saint-Héand;C
42235;42;Saint-Hilaire-Cusson-la-Valmitte;C
42236;42;Saint-Hilaire-sous-Charlieu;C
42237;42;Saint-Jean-Bonnefonds;B2
42238;42;Saint-Jean-la-Vêtre;C
42239;42;Saint-Jean-Saint-Maurice-sur-Loire;C
42240;42;Saint-Jean-Soleymieux;C
42241;42;Saint-Jodard;C
42242;42;Saint-Joseph;B2
42243;42;Saint-Julien-d'Oddes;C
42245;42;Vêtre-sur-Anzon;C
42246;42;Saint-Julien-Molin-Molette;C
42247;42;Saint-Just-en-Bas;C
42248;42;Saint-Just-en-Chevalet;C
42249;42;Saint-Just-la-Pendue;C
42251;42;Saint-Laurent-la-Conche;C
42253;42;Saint-Léger-sur-Roanne;B2
42254;42;Saint-Marcel-de-Félines;C
42255;42;Saint-Marcel-d'Urfé;C
42256;42;Saint-Marcellin-en-Forez;C
42257;42;Saint-Martin-d'Estréaux;C
42259;42;Saint-Martin-la-Plaine;B2
42260;42;Saint-Martin-la-Sauveté;C
42261;42;Saint-Martin-Lestra;C
42262;42;Saint-Maurice-en-Gourgois;C
42264;42;Saint-Médard-en-Forez;C
42265;42;Saint-Michel-sur-Rhône;C
42266;42;Saint-Nizier-de-Fornas;C
42267;42;Saint-Nizier-sous-Charlieu;C
42268;42;Vézelin-sur-Loire;C
42269;42;Saint-Paul-d'Uzore;C
42270;42;Saint-Paul-en-Cornillon;C
42271;42;Saint-Paul-en-Jarez;B2
42272;42;Saint-Pierre-de-Bœuf;C
42273;42;Saint-Pierre-la-Noaille;C
42274;42;Saint-Polgues;C
42275;42;Saint-Priest-en-Jarez;B2
42276;42;Saint-Priest-la-Prugne;C
42277;42;Saint-Priest-la-Roche;C
42278;42;Saint-Priest-la-Vêtre;C
42279;42;Saint-Just-Saint-Rambert;B2
42280;42;Saint-Régis-du-Coin;C
42281;42;Saint-Rirand;C
42282;42;Saint-Romain-d'Urfé;C
42283;42;Saint-Romain-en-Jarez;C
42284;42;Saint-Romain-la-Motte;C
42285;42;Saint-Romain-le-Puy;C
42286;42;Saint-Romain-les-Atheux;C
42287;42;Saint-Sauveur-en-Rue;C
42288;42;Saint-Sixte;C
42289;42;Saint-Symphorien-de-Lay;C
42290;42;Saint-Thomas-la-Garde;C
42293;42;Saint-Victor-sur-Rhins;C
42294;42;Saint-Vincent-de-Boisset;C
42295;42;Les Salles;C
42296;42;Salt-en-Donzy;C
42297;42;Salvizinet;C
42298;42;Sauvain;C
42299;42;Savigneux;B2
42300;42;Sevelinges;C
42301;42;Soleymieux;C
42302;42;Sorbiers;B2
42303;42;Souternon;C
42304;42;Sury-le-Comtal;B2
42305;42;La Talaudière;B2
42306;42;Tarentaise;C
42307;42;Tartaras;C
42308;42;La Terrasse-sur-Dorlay;C
42310;42;Thélis-la-Combe;C
42311;42;La Tour-en-Jarez;B2
42312;42;La Tourette;C
42313;42;Trelins;C
42314;42;La Tuilière;C
42315;42;Unias;C
42316;42;Unieux;B2
42317;42;Urbise;C
42318;42;Usson-en-Forez;C
42319;42;Valeille;C
42320;42;Valfleury;C
42321;42;La Valla-sur-Rochefort;C
42322;42;La Valla-en-Gier;C
42323;42;Veauche;B2
42324;42;Veauchette;C
42325;42;Vendranges;C
42326;42;Véranne;C
42327;42;Vérin;C
42328;42;Verrières-en-Forez;C
42329;42;La Versanne;C
42330;42;Villars;B2
42331;42;Villemontais;C
42332;42;Villerest;B2
42333;42;Villers;C
42334;42;Violay;C
42335;42;Viricelles;C
42336;42;Virigneux;C
42337;42;Vivans;C
42338;42;Vougy;C
42339;42;Chausseterre;C
43001;43;Agnat;C
43002;43;Aiguilhe;C
43003;43;Allègre;C
43004;43;Alleyrac;C
43005;43;Alleyras;C
43006;43;Ally;C
43007;43;Araules;C
43008;43;Arlempdes;C
43009;43;Arlet;C
43010;43;Arsac-en-Velay;C
43011;43;Aubazat;C
43012;43;Aurec-sur-Loire;B2
43013;43;Vissac-Auteyrac;C
43014;43;Autrac;C
43015;43;Auvers;C
43016;43;Auzon;C
43017;43;Azérat;C
43018;43;Bains;C
43019;43;Barges;C
43020;43;Bas-en-Basset;C
43021;43;Beaulieu;C
43022;43;Beaumont;C
43023;43;Beaune-sur-Arzon;C
43024;43;Beaux;C
43025;43;Beauzac;C
43026;43;Bellevue-la-Montagne;C
43027;43;Berbezit;C
43028;43;Bessamorel;C
43029;43;La Besseyre-Saint-Mary;C
43030;43;Blanzac;C
43031;43;Blassac;C
43032;43;Blavozy;C
43033;43;Blesle;C
43034;43;Boisset;C
43035;43;Bonneval;C
43036;43;Borne;C
43037;43;Le Bouchet-Saint-Nicolas;C
43038;43;Bournoncle-Saint-Pierre;C
43039;43;Le Brignon;C
43040;43;Brioude;C
43041;43;Brives-Charensac;C
43042;43;Cayres;C
43043;43;Céaux-d'Allègre;C
43044;43;Cerzat;C
43045;43;Ceyssac;C
43046;43;Chadrac;C
43047;43;Chadron;C
43048;43;La Chaise-Dieu;C
43049;43;Chamalières-sur-Loire;C
43050;43;Chambezon;C
43051;43;Le Chambon-sur-Lignon;C
43052;43;Champagnac-le-Vieux;C
43053;43;Champclause;C
43054;43;Chanaleilles;C
43055;43;Chaniat;C
43056;43;Chanteuges;C
43057;43;La Chapelle-Bertin;C
43058;43;La Chapelle-d'Aurec;C
43059;43;La Chapelle-Geneste;C
43060;43;Charraix;C
43061;43;Chaspinhac;C
43062;43;Chaspuzac;C
43063;43;Chassagnes;C
43064;43;Chassignolles;C
43065;43;Chastel;C
43066;43;Chaudeyrolles;C
43067;43;Chavaniac-Lafayette;C
43068;43;Chazelles;C
43069;43;Chenereilles;C
43070;43;Chilhac;C
43071;43;Chomelix;C
43072;43;La Chomette;C
43073;43;Cistrières;C
43074;43;Cohade;C
43075;43;Collat;C
43076;43;Connangles;C
43077;43;Costaros;C
43078;43;Coubon;C
43079;43;Couteuges;C
43080;43;Craponne-sur-Arzon;C
43082;43;Cronce;C
43083;43;Cubelles;C
43084;43;Cussac-sur-Loire;C
43085;43;Desges;C
43086;43;Domeyrat;C
43087;43;Dunières;C
43088;43;Espalem;C
43089;43;Espaly-Saint-Marcel;C
43090;43;Esplantas-Vazeilles;C
43091;43;Les Estables;C
43092;43;Fay-sur-Lignon;C
43093;43;Félines;C
43094;43;Ferrussac;C
43095;43;Fix-Saint-Geneys;C
43096;43;Fontannes;C
43097;43;Freycenet-la-Cuche;C
43098;43;Freycenet-la-Tour;C
43099;43;Frugerès-les-Mines;C
43100;43;Frugières-le-Pin;C
43101;43;Goudet;C
43102;43;Grazac;C
43103;43;Grenier-Montgon;C
43104;43;Grèzes;C
43105;43;Javaugues;C
43106;43;Jax;C
43107;43;Josat;C
43108;43;Jullianges;C
43109;43;Lafarre;C
43110;43;Lamothe;C
43111;43;Landos;C
43112;43;Langeac;C
43113;43;Lantriac;C
43114;43;Lapte;C
43115;43;Laussonne;C
43116;43;Laval-sur-Doulon;C
43117;43;Lavaudieu;C
43118;43;Lavoûte-Chilhac;C
43119;43;Lavoûte-sur-Loire;C
43120;43;Lempdes-sur-Allagnon;C
43121;43;Léotoing;C
43122;43;Lissac;C
43123;43;Lorlanges;C
43124;43;Loudes;C
43125;43;Lubilhac;C
43126;43;Malrevers;C
43127;43;Malvalette;C
43128;43;Malvières;C
43129;43;Le Mas-de-Tence;C
43130;43;Mazet-Saint-Voy;C
43131;43;Mazerat-Aurouze;C
43132;43;Mazeyrat-d'Allier;C
43133;43;Mercœur;C
43134;43;Mézères;C
43135;43;Le Monastier-sur-Gazeille;C
43136;43;Monistrol-d'Allier;C
43137;43;Monistrol-sur-Loire;B2
43138;43;Monlet;C
43139;43;Montclard;C
43140;43;Le Monteil;C
43141;43;Montfaucon-en-Velay;C
43142;43;Montregard;C
43143;43;Montusclat;C
43144;43;Moudeyres;C
43145;43;Ouides;C
43147;43;Paulhac;C
43148;43;Paulhaguet;C
43149;43;Pébrac;C
43150;43;Le Pertuis;C
43151;43;Pinols;C
43152;43;Polignac;C
43153;43;Pont-Salomon;B2
43154;43;Pradelles;C
43155;43;Prades;C
43156;43;Présailles;C
43157;43;Le Puy-en-Velay;C
43158;43;Queyrières;C
43159;43;Raucoules;C
43160;43;Rauret;C
43162;43;Retournac;C
43163;43;Riotord;C
43164;43;Roche-en-Régnier;C
43165;43;Rosières;C
43166;43;Saint-André-de-Chalencon;C
43167;43;Saint-Arcons-d'Allier;C
43168;43;Saint-Arcons-de-Barges;C
43169;43;Saint-Austremoine;C
43170;43;Saint-Beauzire;C
43171;43;Saint-Bérain;C
43172;43;Saint-Bonnet-le-Froid;C
43173;43;Saint-Christophe-d'Allier;C
43174;43;Saint-Christophe-sur-Dolaizon;C
43175;43;Saint-Cirgues;C
43177;43;Saint-Didier-en-Velay;C
43178;43;Saint-Didier-sur-Doulon;C
43180;43;Saint-Étienne-du-Vigan;C
43181;43;Saint-Étienne-Lardeyrol;C
43182;43;Saint-Étienne-sur-Blesle;C
43183;43;Sainte-Eugénie-de-Villeneuve;C
43184;43;Saint-Ferréol-d'Auroure;B2
43185;43;Sainte-Florine;C
43186;43;Saint-Front;C
43187;43;Saint-Geneys-près-Saint-Paulien;C
43188;43;Saint-Georges-d'Aurac;C
43189;43;Saint-Georges-Lagricol;C
43190;43;Saint-Germain-Laprade;C
43191;43;Saint-Géron;C
43192;43;Saint-Haon;C
43193;43;Saint-Hilaire;C
43194;43;Saint-Hostien;C
43195;43;Saint-Ilpize;C
43196;43;Saint-Jean-d'Aubrigoux;C
43197;43;Saint-Jean-de-Nay;C
43198;43;Saint-Jean-Lachalm;C
43199;43;Saint-Jeures;C
43200;43;Saint-Julien-Chapteuil;C
43201;43;Saint-Julien-d'Ance;C
43202;43;Saint-Julien-des-Chazes;C
43203;43;Saint-Julien-du-Pinet;C
43204;43;Saint-Julien-Molhesabate;C
43205;43;Saint-Just-Malmont;B2
43206;43;Saint-Just-près-Brioude;C
43207;43;Saint-Laurent-Chabreuges;C
43208;43;Sainte-Marguerite;C
43210;43;Saint-Martin-de-Fugères;C
43211;43;Saint-Maurice-de-Lignon;C
43212;43;Saint-Pal-de-Chalencon;C
43213;43;Saint-Pal-de-Mons;C
43214;43;Saint-Pal-de-Senouire;C
43215;43;Saint-Paul-de-Tartas;C
43216;43;Saint-Paulien;C
43217;43;Saint-Pierre-du-Champ;C
43218;43;Saint-Pierre-Eynac;C
43219;43;Saint-Préjet-Armandon;C
43220;43;Saint-Préjet-d'Allier;C
43221;43;Saint-Privat-d'Allier;C
43222;43;Saint-Privat-du-Dragon;C
43223;43;Saint-Romain-Lachalm;C
43224;43;Sainte-Sigolène;C
43225;43;Saint-Vénérand;C
43226;43;Saint-Vert;C
43227;43;Saint-Victor-Malescours;C
43228;43;Saint-Victor-sur-Arlanc;C
43229;43;Saint-Vidal;C
43230;43;Saint-Vincent;C
43231;43;Salettes;C
43232;43;Salzuit;C
43233;43;Sanssac-l'Église;C
43234;43;Saugues;C
43236;43;La Séauve-sur-Semène;C
43237;43;Sembadel;C
43238;43;Séneujols;C
43239;43;Siaugues-Sainte-Marie;C
43240;43;Solignac-sous-Roche;C
43241;43;Solignac-sur-Loire;C
43242;43;Tailhac;C
43244;43;Tence;C
43245;43;Thoras;C
43246;43;Tiranges;C
43247;43;Torsiac;C
43249;43;Valprivas;C
43250;43;Vals-le-Chastel;C
43251;43;Vals-près-le-Puy;C
43252;43;Varennes-Saint-Honorat;C
43253;43;Les Vastres;C
43254;43;Vazeilles-Limandre;C
43256;43;Venteuges;C
43257;43;Vergezac;C
43258;43;Vergongheon;C
43259;43;Vernassal;C
43260;43;Le Vernet;C
43261;43;Vézézoux;C
43262;43;Vieille-Brioude;C
43263;43;Vielprat;C
43264;43;Villeneuve-d'Allier;C
43265;43;Les Villettes;C
43267;43;Vorey;C
43268;43;Yssingeaux;C
44001;44;Abbaretz;C
44002;44;Aigrefeuille-sur-Maine;B2
44003;44;Ancenis-Saint-Géréon;B1
44005;44;Chaumes-en-Retz;B1
44006;44;Assérac;B2
44007;44;Avessac;C
44009;44;Basse-Goulaine;B1
44010;44;Batz-sur-Mer;B1
44012;44;La Bernerie-en-Retz;B1
44013;44;Besné;B2
44014;44;Le Bignon;B1
44015;44;Blain;B2
44016;44;La Boissière-du-Doré;C
44018;44;Bouaye;B1
44019;44;Bouée;C
44020;44;Bouguenais;B1
44021;44;Villeneuve-en-Retz;C
44022;44;Boussay;C
44023;44;Bouvron;C
44024;44;Brains;B1
44025;44;Campbon;C
44026;44;Carquefou;B1
44027;44;Casson;C
44028;44;Le Cellier;C
44029;44;Divatte-sur-Loire;B1
44030;44;La Chapelle-des-Marais;B2
44031;44;La Chapelle-Glain;C
44032;44;La Chapelle-Heulin;B2
44033;44;La Chapelle-Launay;C
44035;44;La Chapelle-sur-Erdre;B1
44036;44;Châteaubriant;C
44037;44;Château-Thébaud;B1
44038;44;Chauvé;C
44039;44;Cheix-en-Retz;C
44041;44;La Chevrolière;B1
44043;44;Clisson;B1
44044;44;Conquereuil;C
44045;44;Cordemais;B2
44046;44;Corsept;B2
44047;44;Couëron;B1
44048;44;Couffé;C
44049;44;Le Croisic;B1
44050;44;Crossac;C
44051;44;Derval;C
44052;44;Donges;B1
44053;44;Drefféac;C
44054;44;Erbray;C
44055;44;La Baule-Escoublac;A
44056;44;Fay-de-Bretagne;C
44057;44;Fégréac;C
44058;44;Fercé;C
44061;44;Frossay;C
44062;44;Le Gâvre;C
44063;44;Gétigné;C
44064;44;Gorges;B1
44065;44;Grand-Auverné;C
44066;44;Grandchamp-des-Fontaines;B1
44067;44;Guémené-Penfao;C
44068;44;Guenrouet;C
44069;44;Guérande;B1
44070;44;La Haie-Fouassière;B1
44071;44;Haute-Goulaine;B1
44072;44;Herbignac;B1
44073;44;Héric;B1
44074;44;Indre;B1
44075;44;Issé;C
44076;44;Jans;C
44077;44;Joué-sur-Erdre;C
44078;44;Juigné-des-Moutiers;C
44079;44;Le Landreau;C
44080;44;Lavau-sur-Loire;C
44081;44;Legé;C
44082;44;Ligné;B2
44083;44;La Limouzinière;C
44084;44;Le Loroux-Bottereau;B1
44085;44;Louisfert;C
44086;44;Lusanger;C
44087;44;Machecoul-Saint-Même;B1
44088;44;Maisdon-sur-Sèvre;B2
44089;44;Malville;B2
44090;44;La Marne;C
44091;44;Marsac-sur-Don;C
44092;44;Massérac;C
44094;44;Mauves-sur-Loire;B1
44095;44;La Meilleraye-de-Bretagne;C
44096;44;Mésanger;C
44097;44;Mesquer;B1
44098;44;Missillac;C
44099;44;Moisdon-la-Rivière;C
44100;44;Monnières;C
44101;44;La Montagne;B1
44102;44;Montbert;C
44103;44;Montoir-de-Bretagne;B1
44104;44;Montrelais;C
44105;44;Mouais;C
44106;44;Les Moutiers-en-Retz;B1
44107;44;Mouzeil;C
44108;44;Mouzillon;B2
44109;44;Nantes;A
44110;44;Nort-sur-Erdre;B1
44111;44;Notre-Dame-des-Landes;C
44112;44;Noyal-sur-Brutz;C
44113;44;Nozay;C
44114;44;Orvault;B1
44115;44;Oudon;C
44116;44;Paimbœuf;C
44117;44;Le Pallet;B2
44118;44;Pannecé;C
44119;44;Paulx;C
44120;44;Le Pellerin;B1
44121;44;Petit-Auverné;C
44122;44;Petit-Mars;C
44123;44;Pierric;C
44124;44;Le Pin;C
44125;44;Piriac-sur-Mer;B1
44126;44;La Plaine-sur-Mer;B1
44127;44;La Planche;C
44128;44;Plessé;C
44129;44;Pontchâteau;B1
44130;44;Pont-Saint-Martin;B1
44131;44;Pornic;B1
44132;44;Pornichet;A
44133;44;Port-Saint-Père;B1
44134;44;Pouillé-les-Côteaux;C
44135;44;Le Pouliguen;A
44136;44;Préfailles;B1
44137;44;Prinquiau;C
44138;44;Puceul;C
44139;44;Quilly;C
44140;44;La Regrippière;C
44141;44;La Remaudière;C
44142;44;Remouillé;C
44143;44;Rezé;B1
44144;44;Riaillé;C
44145;44;Rouans;B2
44146;44;Rougé;C
44148;44;Ruffigné;C
44149;44;Saffré;C
44150;44;Saint-Aignan-Grandlieu;B1
44151;44;Saint-André-des-Eaux;B1
44152;44;Sainte-Anne-sur-Brivet;C
44153;44;Saint-Aubin-des-Châteaux;C
44154;44;Saint-Brevin-les-Pins;B1
44155;44;Saint-Colomban;C
44156;44;Corcoué-sur-Logne;C
44157;44;Saint-Étienne-de-Mer-Morte;C
44158;44;Saint-Étienne-de-Montluc;B1
44159;44;Saint-Fiacre-sur-Maine;C
44161;44;Saint-Gildas-des-Bois;C
44162;44;Saint-Herblain;B1
44163;44;Vair-sur-Loire;C
44164;44;Saint-Hilaire-de-Chaléons;C
44165;44;Saint-Hilaire-de-Clisson;C
44166;44;Saint-Jean-de-Boiseau;B1
44168;44;Saint-Joachim;B2
44169;44;Saint-Julien-de-Concelles;B1
44170;44;Saint-Julien-de-Vouvantes;C
44171;44;Saint-Léger-les-Vignes;B1
44172;44;Sainte-Luce-sur-Loire;B1
44173;44;Saint-Lumine-de-Clisson;C
44174;44;Saint-Lumine-de-Coutais;C
44175;44;Saint-Lyphard;B2
44176;44;Saint-Malo-de-Guersac;B2
44178;44;Saint-Mars-de-Coutais;B2
44179;44;Saint-Mars-du-Désert;B1
44180;44;Vallons-de-l'Erdre;C
44182;44;Saint-Michel-Chef-Chef;B1
44183;44;Saint-Molf;B2
44184;44;Saint-Nazaire;B1
44185;44;Saint-Nicolas-de-Redon;C
44186;44;Sainte-Pazanne;B1
44187;44;Saint-Père-en-Retz;B1
44188;44;Saint-Philbert-de-Grand-Lieu;B1
44189;44;Sainte-Reine-de-Bretagne;C
44190;44;Saint-Sébastien-sur-Loire;B1
44192;44;Saint-Viaud;C
44193;44;Saint-Vincent-des-Landes;C
44194;44;Sautron;B1
44195;44;Savenay;B1
44196;44;Sévérac;C
44197;44;Sion-les-Mines;C
44198;44;Les Sorinières;B1
44199;44;Soudan;C
44200;44;Soulvache;C
44201;44;Sucé-sur-Erdre;B1
44202;44;Teillé;C
44203;44;Le Temple-de-Bretagne;C
44204;44;Thouaré-sur-Loire;B1
44205;44;Les Touches;C
44206;44;Touvois;C
44207;44;Trans-sur-Erdre;C
44208;44;Treffieux;C
44209;44;Treillières;B1
44210;44;Trignac;B1
44211;44;La Turballe;B1
44212;44;Vallet;B1
44213;44;Loireauxence;C
44214;44;Vay;C
44215;44;Vertou;B1
44216;44;Vieillevigne;C
44217;44;Vigneux-de-Bretagne;B1
44218;44;Villepot;C
44220;44;Vue;C
44221;44;La Chevallerais;C
44222;44;La Roche-Blanche;C
44223;44;Geneston;B2
44224;44;La Grigonnais;C
45001;45;Adon;C
45002;45;Aillant-sur-Milleron;C
45004;45;Amilly;B2
45005;45;Andonville;B2
45006;45;Ardon;C
45008;45;Artenay;C
45009;45;Aschères-le-Marché;C
45010;45;Ascoux;C
45011;45;Attray;C
45012;45;Audeville;C
45013;45;Augerville-la-Rivière;C
45014;45;Aulnay-la-Rivière;C
45015;45;Autruy-sur-Juine;B2
45016;45;Autry-le-Châtel;C
45017;45;Auvilliers-en-Gâtinais;C
45018;45;Auxy;C
45019;45;Baccon;C
45020;45;Le Bardon;C
45021;45;Barville-en-Gâtinais;C
45022;45;Batilly-en-Gâtinais;C
45023;45;Batilly-en-Puisaye;C
45024;45;Baule;C
45025;45;Bazoches-les-Gallerandes;C
45026;45;Bazoches-sur-le-Betz;C
45027;45;Beauchamps-sur-Huillard;C
45028;45;Beaugency;B2
45029;45;Beaulieu-sur-Loire;C
45030;45;Beaune-la-Rolande;C
45031;45;Bellegarde;C
45032;45;Le Bignon-Mirabeau;C
45033;45;Boësses;C
45034;45;Boigny-sur-Bionne;B1
45035;45;Boiscommun;C
45036;45;Boismorand;C
45037;45;Boisseaux;B2
45038;45;Bondaroy;C
45039;45;Bonnée;C
45040;45;Bonny-sur-Loire;C
45041;45;Bordeaux-en-Gâtinais;C
45042;45;Les Bordes;C
45043;45;Bou;B2
45044;45;Bougy-lez-Neuville;C
45045;45;Bouilly-en-Gâtinais;C
45046;45;Boulay-les-Barres;C
45047;45;Bouzonville-aux-Bois;C
45049;45;Bouzy-la-Forêt;C
45050;45;Boynes;C
45051;45;Bray-Saint-Aignan;C
45052;45;Breteau;C
45053;45;Briare;C
45054;45;Briarres-sur-Essonne;C
45055;45;Bricy;C
45056;45;Bromeilles;C
45058;45;Bucy-le-Roi;C
45059;45;Bucy-Saint-Liphard;C
45060;45;La Bussière;C
45061;45;Cepoy;B2
45062;45;Cercottes;C
45063;45;Cerdon;C
45064;45;Cernoy-en-Berry;C
45065;45;Césarville-Dossainville;C
45066;45;Chailly-en-Gâtinais;C
45067;45;Chaingy;C
45068;45;Châlette-sur-Loing;B2
45069;45;Chambon-la-Forêt;C
45070;45;Champoulet;C
45072;45;Chanteau;B2
45073;45;Chantecoq;C
45074;45;La Chapelle-Onzerain;C
45075;45;La Chapelle-Saint-Mesmin;B1
45076;45;La Chapelle-Saint-Sépulcre;C
45077;45;La Chapelle-sur-Aveyron;C
45078;45;Chapelon;C
45079;45;Le Charme;C
45080;45;Charmont-en-Beauce;C
45081;45;Charsonville;C
45082;45;Châteauneuf-sur-Loire;B2
45083;45;Château-Renard;C
45084;45;Châtenoy;C
45085;45;Châtillon-Coligny;C
45086;45;Châtillon-le-Roi;C
45087;45;Châtillon-sur-Loire;C
45088;45;Chaussy;C
45089;45;Chécy;B1
45091;45;Chevannes;C
45092;45;Chevillon-sur-Huillard;C
45093;45;Chevilly;C
45094;45;Chevry-sous-le-Bignon;C
45095;45;Chilleurs-aux-Bois;C
45096;45;Les Choux;C
45097;45;Chuelles;C
45098;45;Cléry-Saint-André;C
45099;45;Coinces;C
45100;45;Combleux;B1
45101;45;Combreux;C
45102;45;Conflans-sur-Loing;B2
45103;45;Corbeilles;C
45104;45;Corquilleroy;B2
45105;45;Cortrat;C
45107;45;Coudroy;C
45108;45;Coullons;C
45109;45;Coulmiers;C
45110;45;Courcelles-le-Roi;C
45111;45;Courcy-aux-Loges;C
45112;45;La Cour-Marigny;C
45113;45;Courtemaux;C
45114;45;Courtempierre;C
45115;45;Courtenay;C
45116;45;Cravant;C
45118;45;Crottes-en-Pithiverais;C
45119;45;Dadonville;C
45120;45;Dammarie-en-Puisaye;C
45121;45;Dammarie-sur-Loing;C
45122;45;Dampierre-en-Burly;C
45123;45;Darvoy;C
45124;45;Desmonts;B2
45125;45;Dimancheville;C
45126;45;Donnery;C
45127;45;Dordives;C
45129;45;Douchy-Montcorbon;C
45130;45;Dry;C
45131;45;Échilleuses;C
45132;45;Égry;C
45133;45;Engenville;C
45134;45;Épieds-en-Beauce;C
45135;45;Erceville;B2
45136;45;Ervauville;C
45137;45;Escrennes;C
45138;45;Escrignelles;C
45139;45;Estouy;C
45141;45;Faverelles;C
45142;45;Fay-aux-Loges;C
45143;45;Feins-en-Gâtinais;C
45144;45;Férolles;C
45145;45;Ferrières-en-Gâtinais;C
45146;45;La Ferté-Saint-Aubin;B1
45147;45;Fleury-les-Aubrais;B1
45148;45;Fontenay-sur-Loing;C
45149;45;Foucherolles;C
45150;45;Fréville-du-Gâtinais;C
45151;45;Gaubertin;C
45152;45;Gémigny;C
45153;45;Germigny-des-Prés;C
45154;45;Gidy;C
45155;45;Gien;C
45156;45;Girolles;C
45157;45;Givraines;C
45158;45;Gondreville;C
45159;45;Grangermont;C
45160;45;Greneville-en-Beauce;C
45161;45;Griselles;C
45162;45;Guigneville;C
45164;45;Guilly;C
45165;45;Gy-les-Nonains;C
45166;45;Huêtre;C
45167;45;Huisseau-sur-Mauves;C
45168;45;Ingrannes;C
45169;45;Ingré;B1
45170;45;Intville-la-Guétard;C
45171;45;Isdes;C
45173;45;Jargeau;B2
45174;45;Jouy-en-Pithiverais;C
45175;45;Jouy-le-Potier;C
45176;45;Juranville;C
45177;45;Laas;C
45178;45;Ladon;C
45179;45;Lailly-en-Val;C
45180;45;Langesse;C
45181;45;Léouville;C
45182;45;Ligny-le-Ribault;C
45183;45;Lion-en-Beauce;C
45184;45;Lion-en-Sullias;C
45185;45;Lombreuil;C
45186;45;Lorcy;C
45187;45;Lorris;C
45188;45;Loury;C
45189;45;Louzouer;C
45191;45;Le Malesherbois;B2
45193;45;Marcilly-en-Villette;C
45194;45;Mardié;B1
45195;45;Mareau-aux-Bois;C
45196;45;Mareau-aux-Prés;C
45197;45;Marigny-les-Usages;B2
45198;45;Marsainvilliers;C
45199;45;Melleroy;C
45200;45;Ménestreau-en-Villette;C
45201;45;Mérinville;C
45202;45;Messas;C
45203;45;Meung-sur-Loire;B2
45204;45;Mézières-lez-Cléry;C
45205;45;Mézières-en-Gâtinais;C
45206;45;Mignères;C
45207;45;Mignerette;C
45208;45;Montargis;B1
45209;45;Montbarrois;C
45210;45;Montbouy;C
45212;45;Montcresson;C
45213;45;Montereau;C
45214;45;Montigny;C
45215;45;Montliard;C
45216;45;Mormant-sur-Vernisson;C
45217;45;Morville-en-Beauce;B2
45218;45;Le Moulinet-sur-Solin;C
45219;45;Moulon;C
45220;45;Nancray-sur-Rimarde;C
45222;45;Nargis;C
45223;45;Nesploy;C
45224;45;Neuville-aux-Bois;C
45225;45;La Neuville-sur-Essonne;C
45226;45;Neuvy-en-Sullias;C
45227;45;Nevoy;C
45228;45;Nibelle;C
45229;45;Nogent-sur-Vernisson;C
45230;45;Noyers;C
45231;45;Oison;C
45232;45;Olivet;B1
45233;45;Ondreville-sur-Essonne;C
45234;45;Orléans;B1
45235;45;Ormes;B1
45237;45;Orville;B2
45238;45;Ousson-sur-Loire;C
45239;45;Oussoy-en-Gâtinais;C
45240;45;Outarville;C
45241;45;Ouvrouer-les-Champs;C
45242;45;Ouzouer-des-Champs;C
45243;45;Ouzouer-sous-Bellegarde;C
45244;45;Ouzouer-sur-Loire;C
45245;45;Ouzouer-sur-Trézée;C
45246;45;Pannecières;B2
45247;45;Pannes;B2
45248;45;Patay;C
45249;45;Paucourt;B2
45250;45;Pers-en-Gâtinais;C
45251;45;Pierrefitte-ès-Bois;C
45252;45;Pithiviers;C
45253;45;Pithiviers-le-Vieil;C
45254;45;Poilly-lez-Gien;C
45255;45;Préfontaines;C
45256;45;Presnoy;C
45257;45;Pressigny-les-Pins;C
45258;45;Puiseaux;C
45259;45;Quiers-sur-Bezonde;C
45260;45;Ramoulu;C
45261;45;Rebréchien;C
45262;45;Rouvray-Sainte-Croix;C
45263;45;Rouvres-Saint-Jean;B2
45264;45;Rozières-en-Beauce;C
45265;45;Rozoy-le-Vieil;C
45266;45;Ruan;C
45268;45;Saint-Aignan-le-Jaillard;C
45269;45;Saint-Ay;C
45270;45;Saint-Benoît-sur-Loire;C
45271;45;Saint-Brisson-sur-Loire;C
45272;45;Saint-Cyr-en-Val;B1
45273;45;Saint-Denis-de-l'Hôtel;C
45274;45;Saint-Denis-en-Val;B1
45275;45;Saint-Firmin-des-Bois;C
45276;45;Saint-Firmin-sur-Loire;C
45277;45;Saint-Florent;C
45278;45;Sainte-Geneviève-des-Bois;C
45279;45;Saint-Germain-des-Prés;C
45280;45;Saint-Gondon;C
45281;45;Saint-Hilaire-les-Andrésis;C
45282;45;Saint-Hilaire-Saint-Mesmin;B1
45283;45;Saint-Hilaire-sur-Puiseaux;C
45284;45;Saint-Jean-de-Braye;B1
45285;45;Saint-Jean-de-la-Ruelle;B1
45286;45;Saint-Jean-le-Blanc;B1
45288;45;Saint-Loup-des-Vignes;C
45289;45;Saint-Lyé-la-Forêt;C
45290;45;Saint-Martin-d'Abbat;C
45291;45;Saint-Martin-sur-Ocre;C
45292;45;Saint-Maurice-sur-Aveyron;C
45293;45;Saint-Maurice-sur-Fessard;C
45294;45;Saint-Michel;C
45296;45;Saint-Péravy-la-Colombe;C
45297;45;Saint-Père-sur-Loire;C
45298;45;Saint-Pryvé-Saint-Mesmin;B1
45299;45;Saint-Sigismond;C
45300;45;Sandillon;C
45301;45;Santeau;C
45302;45;Saran;B1
45303;45;Sceaux-du-Gâtinais;C
45305;45;Seichebrières;C
45306;45;La Selle-en-Hermoy;C
45307;45;La Selle-sur-le-Bied;C
45308;45;Semoy;B1
45309;45;Sennely;C
45310;45;Sermaises;C
45311;45;Sigloy;C
45312;45;Solterre;C
45313;45;Sougy;C
45314;45;Sully-la-Chapelle;C
45315;45;Sully-sur-Loire;C
45316;45;Sury-aux-Bois;C
45317;45;Tavers;C
45320;45;Thignonville;B2
45321;45;Thimory;C
45322;45;Thorailles;C
45323;45;Thou;C
45324;45;Tigy;C
45325;45;Tivernon;C
45326;45;Tournoisis;C
45327;45;Traînou;C
45328;45;Treilles-en-Gâtinais;C
45329;45;Triguères;C
45330;45;Trinay;C
45331;45;Vannes-sur-Cosson;C
45332;45;Varennes-Changy;C
45333;45;Vennecy;C
45334;45;Vieilles-Maisons-sur-Joudry;C
45335;45;Vienne-en-Val;C
45336;45;Viglain;C
45337;45;Villamblain;C
45338;45;Villemandeur;B2
45339;45;Villemoutiers;C
45340;45;Villemurlin;C
45341;45;Villeneuve-sur-Conie;C
45342;45;Villereau;C
45343;45;Villevoques;C
45344;45;Villorceau;C
45345;45;Vimory;B2
45346;45;Vitry-aux-Loges;C
45347;45;Vrigny;C
45348;45;Yèvre-la-Ville;C
46001;46;Albas;C
46002;46;Albiac;C
46003;46;Alvignac;C
46004;46;Anglars;C
46005;46;Anglars-Juillac;C
46006;46;Anglars-Nozac;C
46007;46;Arcambal;C
46008;46;Les Arques;C
46009;46;Assier;C
46010;46;Aujols;C
46011;46;Autoire;C
46012;46;Aynac;C
46013;46;Bach;C
46015;46;Bagnac-sur-Célé;C
46016;46;Baladou;C
46017;46;Bannes;C
46018;46;Le Bastit;C
46020;46;Beauregard;C
46021;46;Béduer;C
46022;46;Bélaye;C
46023;46;Belfort-du-Quercy;C
46024;46;Belmont-Bretenoux;C
46026;46;Belmont-Sainte-Foi;C
46027;46;Berganty;C
46028;46;Bétaille;C
46029;46;Biars-sur-Cère;C
46030;46;Bio;C
46031;46;Blars;C
46032;46;Boissières;C
46033;46;Porte-du-Quercy;C
46034;46;Le Bourg;C
46035;46;Boussac;C
46036;46;Le Bouyssou;C
46037;46;Bouziès;C
46038;46;Bretenoux;C
46039;46;Brengues;C
46040;46;Cabrerets;C
46041;46;Cadrieu;C
46042;46;Cahors;C
46043;46;Cahus;C
46044;46;Caillac;C
46045;46;Cajarc;C
46046;46;Calamane;C
46047;46;Calès;C
46049;46;Calvignac;C
46050;46;Cambayrac;C
46051;46;Cambes;C
46052;46;Camboulit;C
46053;46;Camburat;C
46054;46;Caniac-du-Causse;C
46055;46;Capdenac;C
46056;46;Carayac;C
46057;46;Cardaillac;C
46058;46;Carennac;C
46059;46;Carlucet;C
46060;46;Carnac-Rouffiac;C
46061;46;Cassagnes;C
46062;46;Castelfranc;C
46063;46;Castelnau-Montratier;C
46064;46;Catus;C
46065;46;Cavagnac;C
46066;46;Cazals;C
46068;46;Cénevières;C
46069;46;Cézac;C
46070;46;Cieurac;C
46072;46;Concorès;C
46073;46;Concots;C
46074;46;Condat;C
46075;46;Corn;C
46076;46;Cornac;C
46078;46;Couzou;C
46079;46;Cras;C
46080;46;Crayssac;C
46081;46;Crégols;C
46082;46;Cremps;C
46083;46;Cressensac-Sarrazac;C
46084;46;Creysse;C
46085;46;Cuzac;C
46086;46;Cuzance;C
46087;46;Dégagnac;C
46088;46;Douelle;C
46089;46;Duravel;C
46090;46;Durbans;C
46091;46;Escamps;C
46092;46;Esclauzels;C
46093;46;Espagnac-Sainte-Eulalie;C
46094;46;Espédaillac;C
46095;46;Espère;C
46096;46;Espeyroux;C
46097;46;Estal;C
46098;46;Fajoles;C
46100;46;Faycelles;C
46101;46;Felzins;C
46102;46;Figeac;B2
46103;46;Saint-Paul-Flaugnac;C
46104;46;Flaujac-Gare;C
46105;46;Flaujac-Poujols;C
46106;46;Floirac;C
46107;46;Floressas;C
46108;46;Fons;C
46109;46;Fontanes;C
46111;46;Fourmagnac;C
46112;46;Francoulès;C
46113;46;Frayssinet;C
46114;46;Frayssinet-le-Gélat;C
46115;46;Frayssinhes;C
46116;46;Frontenac;C
46117;46;Gagnac-sur-Cère;C
46118;46;Gignac;C
46119;46;Gigouzac;C
46120;46;Gindou;C
46121;46;Ginouillac;C
46122;46;Gintrac;C
46123;46;Girac;C
46124;46;Glanes;C
46125;46;Gorses;C
46126;46;Goujounac;C
46127;46;Gourdon;C
46128;46;Gramat;C
46129;46;Gréalou;C
46130;46;Grézels;C
46131;46;Grèzes;C
46132;46;Issendolus;C
46133;46;Issepts;C
46134;46;Les Junies;C
46135;46;Labastide-du-Haut-Mont;C
46136;46;Labastide-du-Vert;C
46137;46;Labastide-Marnhac;C
46138;46;Cœur de Causse;C
46139;46;Labathude;C
46140;46;Laburgade;C
46142;46;Lacapelle-Cabanac;C
46143;46;Lacapelle-Marival;C
46144;46;Lacave;C
46145;46;Lachapelle-Auzac;C
46146;46;Ladirat;C
46147;46;Lagardelle;C
46148;46;Lalbenque;C
46149;46;Lamagdelaine;C
46151;46;Lamothe-Cassel;C
46152;46;Lamothe-Fénelon;C
46153;46;Lanzac;C
46154;46;Laramière;C
46155;46;Larnagol;C
46156;46;Bellefont-La Rauze;C
46157;46;Larroque-Toirac;C
46159;46;Latouille-Lentillac;C
46160;46;Latronquière;C
46161;46;Lauresses;C
46162;46;Lauzès;C
46163;46;Laval-de-Cère;C
46164;46;Lavercantière;C
46165;46;Lavergne;C
46167;46;Lentillac-du-Causse;C
46168;46;Lentillac-Saint-Blaise;C
46169;46;Léobard;C
46170;46;Leyme;C
46171;46;Lherm;C
46172;46;Pern-Lhospitalet;C
46173;46;Limogne-en-Quercy;C
46174;46;Linac;C
46175;46;Lissac-et-Mouret;C
46176;46;Livernon;C
46177;46;Loubressac;C
46178;46;Loupiac;C
46179;46;Lugagnac;C
46180;46;Lunan;C
46181;46;Lunegarde;C
46182;46;Luzech;C
46183;46;Marcilhac-sur-Célé;C
46184;46;Marminiac;C
46185;46;Martel;C
46186;46;Masclat;C
46187;46;Mauroux;C
46188;46;Maxou;C
46189;46;Mayrinhac-Lentour;C
46190;46;Mechmont;C
46191;46;Mercuès;C
46192;46;Meyronne;C
46193;46;Miers;C
46194;46;Milhac;C
46195;46;Molières;C
46196;46;Montamel;C
46197;46;Le Montat;C
46198;46;Montbrun;C
46199;46;Montcabrier;C
46200;46;Montcléra;C
46201;46;Montcuq-en-Quercy-Blanc;C
46202;46;Montdoumerc;C
46203;46;Montet-et-Bouxal;C
46204;46;Montfaucon;C
46205;46;Montgesty;C
46206;46;Montlauzun;C
46207;46;Montredon;C
46208;46;Montvalent;C
46209;46;Nadaillac-de-Rouge;C
46210;46;Nadillac;C
46211;46;Nuzéjouls;C
46212;46;Orniac;C
46213;46;Padirac;C
46214;46;Parnac;C
46215;46;Payrac;C
46216;46;Payrignac;C
46218;46;Pescadoires;C
46219;46;Peyrilles;C
46220;46;Pinsac;C
46221;46;Planioles;C
46222;46;Pomarède;C
46223;46;Pontcirq;C
46224;46;Pradines;C
46225;46;Prayssac;C
46226;46;Prendeignes;C
46227;46;Promilhanes;C
46228;46;Prudhomat;C
46229;46;Puybrun;C
46230;46;Puyjourdes;C
46231;46;Puy-l'Évêque;C
46232;46;Le Vignon-en-Quercy;C
46233;46;Quissac-en-Quercy;C
46234;46;Rampoux;C
46235;46;Reilhac;C
46236;46;Reilhaguet;C
46237;46;Reyrevignes;C
46238;46;Rignac;C
46239;46;Le Roc;C
46240;46;Rocamadour;C
46241;46;Rouffilhac;C
46242;46;Rudelle;C
46243;46;Rueyres;C
46244;46;Sabadel-Latronquière;C
46245;46;Sabadel-Lauzès;C
46246;46;Saignes;C
46247;46;Saillac;C
46249;46;Saint-Bressou;C
46250;46;Saint-Caprais;C
46251;46;Saint-Céré;C
46252;46;Les Pechs du Vers;C
46253;46;Saint-Chamarand;C
46254;46;Saint-Chels;C
46255;46;Saint-Cirgues;C
46256;46;Saint-Cirq-Lapopie;C
46257;46;Saint-Cirq-Madelon;C
46258;46;Saint-Cirq-Souillaguet;C
46259;46;Saint-Clair;C
46260;46;Sainte-Colombe;C
46262;46;Lendou-en-Quercy;C
46263;46;Barguelonne-en-Quercy;C
46264;46;Saint-Denis-Catus;C
46265;46;Saint-Denis-lès-Martel;C
46266;46;Saint-Félix;C
46267;46;Saint-Germain-du-Bel-Air;C
46268;46;Saint Géry-Vers;C
46269;46;Saint-Hilaire;C
46270;46;Saint-Jean-de-Laur;C
46271;46;Saint-Jean-Lespinasse;C
46272;46;Saint-Jean-Mirabel;C
46273;46;Saint-Laurent-les-Tours;C
46276;46;Saint-Martin-Labouval;C
46277;46;Saint-Martin-le-Redon;C
46279;46;Saint-Maurice-en-Quercy;C
46280;46;Saint-Médard;C
46281;46;Saint-Médard-de-Presque;C
46282;46;Saint-Médard-Nicourby;C
46283;46;Saint-Michel-de-Bannières;C
46284;46;Saint-Michel-Loubéjou;C
46286;46;Saint-Paul-de-Vern;C
46288;46;Saint-Perdoux;C
46289;46;Saint-Pierre-Toirac;C
46290;46;Saint-Projet;C
46292;46;Saint-Simon;C
46293;46;Saint-Sozy;C
46294;46;Saint-Sulpice;C
46295;46;Saint-Vincent-du-Pendit;C
46296;46;Saint-Vincent-Rive-d'Olt;C
46297;46;Salviac;C
46299;46;Sauliac-sur-Célé;C
46301;46;Sauzet;C
46302;46;Sénaillac-Latronquière;C
46303;46;Sénaillac-Lauzès;C
46304;46;Séniergues;C
46305;46;Sérignac;C
46306;46;Sonac;C
46307;46;Soturac;C
46308;46;Soucirac;C
46309;46;Souillac;C
46310;46;Soulomès;C
46311;46;Sousceyrac-en-Quercy;C
46312;46;Strenquels;C
46313;46;Tauriac;C
46314;46;Terrou;C
46315;46;Teyssieu;C
46316;46;Thédirac;C
46317;46;Thégra;C
46318;46;Thémines;C
46319;46;Théminettes;C
46320;46;Tour-de-Faure;C
46321;46;Touzac;C
46322;46;Trespoux-Rassiels;C
46323;46;Ussel;C
46324;46;Uzech;C
46328;46;Varaire;C
46329;46;Vaylats;C
46330;46;Vayrac;C
46332;46;Viazac;C
46333;46;Vidaillac;C
46334;46;Le Vigan-en-Quercy;C
46335;46;Villesèque;C
46336;46;Vire-sur-Lot;C
46337;46;Mayrac;C
46338;46;Bessonies;C
46339;46;Saint-Jean-Lagineste;C
46340;46;Saint-Pierre-Lafeuille;C
47001;47;Agen;B2
47002;47;Agmé;C
47003;47;Agnac;C
47004;47;Aiguillon;C
47005;47;Allemans-du-Dropt;C
47006;47;Allez-et-Cazeneuve;C
47007;47;Allons;C
47008;47;Ambrus;C
47009;47;Andiran;C
47010;47;Antagnac;C
47011;47;Anthé;C
47012;47;Anzex;C
47013;47;Argenton;C
47014;47;Armillac;C
47015;47;Astaffort;C
47016;47;Aubiac;C
47017;47;Auradou;C
47018;47;Auriac-sur-Dropt;C
47019;47;Bajamont;C
47020;47;Baleyssagues;C
47021;47;Barbaste;C
47022;47;Bazens;C
47023;47;Beaugas;C
47024;47;Beaupuy;C
47025;47;Beauville;C
47026;47;Beauziac;C
47027;47;Bias;C
47028;47;Birac-sur-Trec;C
47029;47;Blanquefort-sur-Briolance;C
47030;47;Blaymont;C
47031;47;Boé;B2
47032;47;Bon-Encontre;B2
47033;47;Boudy-de-Beauregard;C
47034;47;Bouglon;C
47035;47;Bourgougnague;C
47036;47;Bourlens;C
47037;47;Bournel;C
47038;47;Bourran;C
47039;47;Boussès;C
47040;47;Brax;B2
47041;47;Bruch;C
47042;47;Brugnac;C
47043;47;Buzet-sur-Baïse;C
47044;47;Cahuzac;C
47045;47;Calignac;C
47046;47;Calonges;C
47047;47;Cambes;C
47048;47;Cancon;C
47049;47;Casseneuil;C
47050;47;Cassignas;C
47051;47;Castelculier;B2
47052;47;Casteljaloux;C
47053;47;Castella;C
47054;47;Castelmoron-sur-Lot;C
47055;47;Castelnaud-de-Gratecambe;C
47056;47;Castelnau-sur-Gupie;C
47057;47;Castillonnès;C
47058;47;Caubeyres;C
47059;47;Caubon-Saint-Sauveur;C
47060;47;Caudecoste;C
47061;47;Caumont-sur-Garonne;C
47062;47;Cauzac;C
47063;47;Cavarc;C
47064;47;Cazideroque;C
47065;47;Clairac;C
47066;47;Clermont-Dessous;C
47067;47;Clermont-Soubiran;C
47068;47;Cocumont;C
47069;47;Colayrac-Saint-Cirq;B2
47070;47;Condezaygues;C
47071;47;Coulx;C
47072;47;Courbiac;C
47073;47;Cours;C
47074;47;Couthures-sur-Garonne;C
47075;47;La Croix-Blanche;C
47076;47;Cuq;C
47077;47;Cuzorn;C
47078;47;Damazan;C
47079;47;Dausse;C
47080;47;Dévillac;C
47081;47;Dolmayrac;C
47082;47;Dondas;C
47083;47;Doudrac;C
47084;47;Douzains;C
47085;47;Durance;C
47086;47;Duras;C
47087;47;Engayrac;C
47088;47;Escassefort;C
47089;47;Esclottes;C
47090;47;Espiens;C
47091;47;Estillac;B2
47092;47;Fals;C
47093;47;Fargues-sur-Ourbise;C
47094;47;Fauguerolles;C
47095;47;Fauillet;C
47096;47;Ferrensac;C
47097;47;Feugarolles;C
47098;47;Fieux;C
47099;47;Fongrave;C
47100;47;Foulayronnes;B2
47101;47;Fourques-sur-Garonne;C
47102;47;Francescas;C
47103;47;Fréchou;C
47104;47;Frégimont;C
47105;47;Frespech;C
47106;47;Fumel;C
47107;47;Galapian;C
47108;47;Gaujac;C
47109;47;Gavaudun;C
47110;47;Gontaud-de-Nogaret;C
47111;47;Granges-sur-Lot;C
47112;47;Grateloup-Saint-Gayrand;C
47113;47;Grayssas;C
47114;47;Grézet-Cavagnan;C
47115;47;Guérin;C
47117;47;Hautefage-la-Tour;C
47118;47;Hautesvignes;C
47119;47;Houeillès;C
47120;47;Jusix;C
47121;47;Labastide-Castel-Amouroux;C
47122;47;Labretonie;C
47123;47;Lacapelle-Biron;C
47124;47;Lacaussade;C
47125;47;Lacépède;C
47126;47;Lachapelle;C
47127;47;Lafitte-sur-Lot;C
47128;47;Lafox;B2
47129;47;Lagarrigue;C
47130;47;Lagruère;C
47131;47;Lagupie;C
47132;47;Lalandusse;C
47133;47;Lamontjoie;C
47134;47;Lannes;C
47135;47;Laparade;C
47136;47;Laperche;C
47137;47;Laplume;C
47138;47;Laroque-Timbaut;C
47139;47;Lasserre;C
47140;47;Laugnac;C
47141;47;Laussou;C
47142;47;Lauzun;C
47143;47;Lavardac;C
47144;47;Lavergne;C
47145;47;Layrac;C
47146;47;Lédat;C
47147;47;Lévignac-de-Guyenne;C
47148;47;Leyritz-Moncassin;C
47150;47;Longueville;C
47151;47;Loubès-Bernac;C
47152;47;Lougratte;C
47154;47;Lusignan-Petit;C
47155;47;Madaillan;C
47156;47;Marcellus;C
47157;47;Marmande;C
47158;47;Marmont-Pachas;C
47159;47;Le Mas-d'Agenais;C
47160;47;Masquières;C
47161;47;Massels;C
47162;47;Massoulès;C
47163;47;Mauvezin-sur-Gupie;C
47164;47;Mazières-Naresse;C
47165;47;Meilhan-sur-Garonne;C
47167;47;Mézin;C
47168;47;Miramont-de-Guyenne;C
47169;47;Moirax;C
47170;47;Monbahus;C
47171;47;Monbalen;C
47172;47;Moncaut;C
47173;47;Monclar;C
47174;47;Moncrabeau;C
47175;47;Monflanquin;C
47176;47;Montgaillard-en-Albret;C
47177;47;Monheurt;C
47178;47;Monségur;C
47179;47;Monsempron-Libos;C
47180;47;Montagnac-sur-Auvignon;C
47181;47;Montagnac-sur-Lède;C
47182;47;Montastruc;C
47183;47;Montauriol;C
47184;47;Montaut;C
47185;47;Montayral;C
47186;47;Montesquieu;C
47187;47;Monteton;C
47188;47;Montignac-de-Lauzun;C
47189;47;Montignac-Toupinerie;C
47190;47;Montpezat;C
47191;47;Montpouillan;C
47192;47;Monviel;C
47193;47;Moulinet;C
47194;47;Moustier;C
47195;47;Nérac;C
47196;47;Nicole;C
47197;47;Nomdieu;C
47198;47;Pailloles;C
47199;47;Pardaillan;C
47200;47;Parranquet;C
47201;47;Le Passage;B2
47202;47;Paulhiac;C
47203;47;Penne-d'Agenais;C
47204;47;Peyrière;C
47205;47;Pindères;C
47206;47;Pinel-Hauterive;C
47207;47;Pompiey;C
47208;47;Pompogne;C
47209;47;Pont-du-Casse;B2
47210;47;Port-Sainte-Marie;C
47211;47;Poudenas;C
47212;47;Poussignac;C
47213;47;Prayssas;C
47214;47;Puch-d'Agenais;C
47215;47;Pujols;C
47216;47;Puymiclan;C
47217;47;Puymirol;C
47218;47;Puysserampion;C
47219;47;Rayet;C
47220;47;Razimet;C
47221;47;Réaup-Lisse;C
47222;47;La Réunion;C
47223;47;Rives;C
47224;47;Romestaing;C
47225;47;Roquefort;B2
47226;47;Roumagne;C
47227;47;Ruffiac;C
47228;47;Saint-Antoine-de-Ficalba;C
47229;47;Saint-Astier;C
47230;47;Saint-Aubin;C
47231;47;Saint-Avit;C
47232;47;Saint-Barthélemy-d'Agenais;C
47233;47;Sainte-Bazeille;C
47234;47;Saint-Caprais-de-Lerm;C
47235;47;Saint-Colomb-de-Lauzun;C
47236;47;Sainte-Colombe-de-Duras;C
47237;47;Sainte-Colombe-de-Villeneuve;C
47238;47;Sainte-Colombe-en-Bruilhois;C
47239;47;Saint-Étienne-de-Fougères;C
47240;47;Saint-Étienne-de-Villeréal;C
47241;47;Saint-Eutrope-de-Born;C
47242;47;Saint-Front-sur-Lémance;C
47244;47;Sainte-Gemme-Martaillac;C
47245;47;Saint-Géraud;C
47246;47;Saint-Hilaire-de-Lusignan;B2
47247;47;Saint-Jean-de-Duras;C
47248;47;Saint-Jean-de-Thurac;C
47249;47;Saint-Laurent;C
47250;47;Saint-Léger;C
47251;47;Saint-Léon;C
47252;47;Sainte-Livrade-sur-Lot;C
47253;47;Sainte-Marthe;C
47254;47;Saint-Martin-Curton;C
47255;47;Saint-Martin-de-Beauville;C
47256;47;Saint-Martin-de-Villeréal;C
47257;47;Saint-Martin-Petit;C
47258;47;Sainte-Maure-de-Peyriac;C
47259;47;Saint-Maurice-de-Lestapel;C
47260;47;Saint-Maurin;C
47262;47;Saint-Nicolas-de-la-Balerme;C
47263;47;Saint-Pardoux-du-Breuil;C
47264;47;Saint-Pardoux-Isaac;C
47265;47;Saint-Pastour;C
47266;47;Saint-Pé-Saint-Simon;C
47267;47;Saint-Pierre-de-Buzet;C
47269;47;Saint-Pierre-de-Clairac;B2
47271;47;Saint-Pierre-sur-Dropt;C
47272;47;Saint-Quentin-du-Dropt;C
47273;47;Saint-Robert;C
47274;47;Saint-Romain-le-Noble;C
47275;47;Saint-Salvy;C
47276;47;Saint-Sardos;C
47277;47;Saint-Sauveur-de-Meilhan;C
47278;47;Saint-Sernin;C
47279;47;Saint-Sixte;C
47280;47;Saint-Sylvestre-sur-Lot;C
47281;47;Saint-Urcisse;C
47282;47;Saint-Vincent-de-Lamontjoie;C
47283;47;Saint-Vite;C
47284;47;Salles;C
47285;47;Samazan;C
47286;47;Sauméjan;C
47287;47;Saumont;C
47288;47;Sauvagnas;C
47289;47;La Sauvetat-de-Savères;C
47290;47;La Sauvetat-du-Dropt;C
47291;47;La Sauvetat-sur-Lède;C
47292;47;Sauveterre-la-Lémance;C
47293;47;Sauveterre-Saint-Denis;C
47294;47;Savignac-de-Duras;C
47295;47;Savignac-sur-Leyze;C
47296;47;Ségalas;C
47297;47;Sembas;C
47298;47;Sénestis;C
47299;47;Sérignac-Péboudou;C
47300;47;Sérignac-sur-Garonne;C
47301;47;Seyches;C
47302;47;Sos;C
47303;47;Soumensac;C
47304;47;Taillebourg;C
47305;47;Tayrac;C
47306;47;Le Temple-sur-Lot;C
47307;47;Thézac;C
47308;47;Thouars-sur-Garonne;C
47309;47;Tombebœuf;C
47310;47;Tonneins;C
47311;47;Tourliac;C
47312;47;Tournon-d'Agenais;C
47313;47;Tourtrès;C
47314;47;Trémons;C
47315;47;Trentels;C
47316;47;Varès;C
47317;47;Verteuil-d'Agenais;C
47318;47;Vianne;C
47319;47;Villebramar;C
47320;47;Villefranche-du-Queyran;C
47321;47;Villeneuve-de-Duras;C
47323;47;Villeneuve-sur-Lot;C
47324;47;Villeréal;C
47325;47;Villeton;C
47326;47;Virazeil;C
47327;47;Xaintrailles;C
47328;47;Saint-Georges;C
48001;48;Albaret-le-Comtal;C
48002;48;Albaret-Sainte-Marie;C
48003;48;Allenc;C
48004;48;Altier;C
48005;48;Antrenas;C
48007;48;Arzenc-d'Apcher;C
48008;48;Arzenc-de-Randon;C
48009;48;Peyre en Aubrac;C
48010;48;Auroux;C
48012;48;Les Monts-Verts;C
48013;48;Badaroux;C
48015;48;Pied-de-Borne;C
48016;48;Balsièges;C
48017;48;Banassac-Canilhac;C
48018;48;Barjac;C
48019;48;Barre-des-Cévennes;C
48020;48;Bassurels;C
48021;48;La Bastide-Puylaurent;C
48025;48;Les Bessons;C
48026;48;Blavignac;C
48027;48;Mont Lozère et Goulet;C
48028;48;Les Bondons;C
48029;48;Le Born;C
48030;48;Brenoux;C
48031;48;Brion;C
48032;48;Le Buisson;C
48034;48;La Canourgue;C
48036;48;Cassagnas;C
48037;48;Chadenet;C
48038;48;Bel-Air-Val-d'Ance;C
48039;48;Chanac;C
48041;48;Chastanier;C
48042;48;Chastel-Nouvel;C
48043;48;Châteauneuf-de-Randon;C
48044;48;Chauchailles;C
48045;48;Chaudeyrac;C
48046;48;Chaulhac;C
48048;48;Cheylard-l'Évêque;C
48050;48;Bédouès-Cocurès;C
48051;48;Le Collet-de-Dèze;C
48053;48;Cubières;C
48054;48;Cubiérettes;C
48055;48;Cultures;C
48056;48;Esclanèdes;C
48058;48;La Fage-Montivernoux;C
48059;48;La Fage-Saint-Julien;C
48061;48;Florac Trois Rivières;C
48063;48;Fontans;C
48064;48;Fournels;C
48065;48;Fraissinet-de-Fourques;C
48067;48;Gabriac;C
48068;48;Gabrias;C
48069;48;Gatuzières;C
48070;48;Grandrieu;C
48071;48;Grandvals;C
48072;48;Grèzes;C
48073;48;Les Hermaux;C
48074;48;Hures-la-Parade;C
48075;48;Ispagnac;C
48077;48;Julianges;C
48079;48;Lajo;C
48080;48;Langogne;C
48081;48;Lanuéjols;C
48082;48;Laubert;C
48083;48;Les Laubies;C
48085;48;Laval-du-Tarn;C
48086;48;Luc;C
48087;48;Prinsuéjols-Malbouzon;C
48088;48;La Malène;C
48089;48;Le Malzieu-Forain;C
48090;48;Le Malzieu-Ville;C
48091;48;Marchastel;C
48092;48;Marvejols;C
48094;48;Massegros Causses Gorges;C
48095;48;Mende;C
48096;48;Meyrueis;C
48097;48;Moissac-Vallée-Française;C
48098;48;Molezon;C
48099;48;Bourgs sur Colagne;C
48100;48;Montbel;C
48103;48;Montrodat;C
48104;48;Nasbinals;C
48105;48;Naussac-Fontanes;C
48106;48;Noalhac;C
48107;48;Palhers;C
48108;48;La Panouse;C
48110;48;Paulhac-en-Margeride;C
48111;48;Pelouse;C
48112;48;Pierrefiche;C
48115;48;Le Pompidou;C
48116;48;Pont de Montvert - Sud Mont Lozère;C
48117;48;Pourcharesses;C
48119;48;Prévenchères;C
48121;48;Prunières;C
48123;48;Recoules-d'Aubrac;C
48124;48;Recoules-de-Fumas;C
48126;48;Lachamp-Ribennes;C
48127;48;Monts-de-Randon;C
48128;48;Rimeize;C
48129;48;Rocles;C
48130;48;Rousses;C
48131;48;Le Rozier;C
48132;48;Saint-Alban-sur-Limagnole;C
48135;48;Saint-André-Capcèze;C
48136;48;Saint-André-de-Lancize;C
48137;48;Saint-Bauzile;C
48138;48;Saint-Bonnet-de-Chirac;C
48139;48;Saint Bonnet-Laval;C
48140;48;Saint-Chély-d'Apcher;C
48141;48;Mas-Saint-Chély;C
48144;48;Sainte-Croix-Vallée-Française;C
48145;48;Saint-Denis-en-Margeride;C
48146;48;Gorges du Tarn Causses;C
48147;48;Saint-Étienne-du-Valdonnez;C
48148;48;Saint-Étienne-Vallée-Française;C
48149;48;Sainte-Eulalie;C
48150;48;Saint-Flour-de-Mercoire;C
48151;48;Saint-Frézal-d'Albuges;C
48152;48;Ventalon en Cévennes;C
48153;48;Saint-Gal;C
48155;48;Saint-Germain-de-Calberte;C
48156;48;Saint-Germain-du-Teil;C
48157;48;Sainte-Hélène;C
48158;48;Saint-Hilaire-de-Lavit;C
48160;48;Saint-Jean-la-Fouillouse;C
48161;48;Saint-Juéry;C
48163;48;Saint-Julien-des-Points;C
48165;48;Saint-Laurent-de-Muret;C
48166;48;Cans et Cévennes;C
48167;48;Saint-Laurent-de-Veyrès;C
48168;48;Saint-Léger-de-Peyre;C
48169;48;Saint-Léger-du-Malzieu;C
48170;48;Saint-Martin-de-Boubaux;C
48171;48;Saint-Martin-de-Lansuscle;C
48173;48;Saint-Michel-de-Dèze;C
48174;48;Saint-Paul-le-Froid;C
48175;48;Saint-Pierre-de-Nogaret;C
48176;48;Saint-Pierre-des-Tripiers;C
48177;48;Saint-Pierre-le-Vieux;C
48178;48;Saint-Privat-de-Vallongue;C
48179;48;Saint-Privat-du-Fau;C
48181;48;Saint-Saturnin;C
48182;48;Saint-Sauveur-de-Ginestoux;C
48185;48;Les Salelles;C
48187;48;Les Salces;C
48188;48;Serverette;C
48190;48;Termes;C
48191;48;La Tieule;C
48192;48;Trélans;C
48193;48;Vebron;C
48194;48;Vialas;C
48198;48;Villefort;C
49002;49;Allonnes;C
49003;49;Tuffalun;C
49007;49;Angers;B1
49008;49;Angrie;C
49009;49;Antoigné;C
49010;49;Armaillé;C
49011;49;Artannes-sur-Thouet;C
49012;49;Aubigné-sur-Layon;C
49015;49;Avrillé;B1
49017;49;Baracé;C
49018;49;Baugé-en-Anjou;C
49020;49;Beaucouzé;B1
49021;49;Beaufort-en-Anjou;C
49022;49;Beaulieu-sur-Layon;C
49023;49;Beaupréau-en-Mauges;C
49026;49;Bécon-les-Granits;C
49027;49;Bégrolles-en-Mauges;C
49028;49;Béhuard;B2
49029;49;Blaison-Saint-Sulpice;C
49030;49;Blou;C
49035;49;Bouchemaine;B1
49036;49;Bouillé-Ménard;C
49038;49;Bourg-l'Évêque;C
49041;49;Brain-sur-Allonnes;C
49045;49;La Breille-les-Pins;C
49048;49;Briollay;B2
49050;49;Brissac Loire Aubance;C
49053;49;Brossay;C
49054;49;Candé;C
49055;49;Cantenay-Épinard;B2
49056;49;Carbay;C
49057;49;Cernusson;C
49058;49;Les Cerqueux;C
49060;49;Bellevigne-les-Châteaux;C
49061;49;Challain-la-Potherie;C
49063;49;Chalonnes-sur-Loire;C
49064;49;Chambellay;C
49067;49;Chenillé-Champteussé;C
49068;49;Champtocé-sur-Loire;C
49070;49;Chanteloup-les-Bois;B2
49076;49;La Chapelle-Saint-Laud;C
49080;49;Les Hauts-d'Anjou;C
49082;49;Chaudefonds-sur-Layon;C
49086;49;Terranjou;C
49089;49;Chazé-sur-Argos;C
49090;49;Cheffes;C
49092;49;Chemillé-en-Anjou;C
49099;49;Cholet;B1
49100;49;Cizay-la-Madeleine;C
49102;49;Cléré-sur-Layon;C
49107;49;Cornillé-les-Caves;C
49109;49;Coron;C
49110;49;Corzé;C
49112;49;Le Coudray-Macouard;C
49113;49;Courchamps;C
49114;49;Courléon;C
49120;49;Denée;C
49121;49;Dénezé-sous-Doué;C
49123;49;Distré;C
49125;49;Doué-en-Anjou;C
49126;49;Orée d'Anjou;C
49127;49;Durtal;C
49129;49;Écouflant;B1
49130;49;Écuillé;B2
49131;49;Épieds;C
49132;49;Étriché;C
49135;49;Feneu;B2
49138;49;Les Bois d'Anjou;C
49140;49;Fontevraud-l'Abbaye;C
49155;49;Grez-Neuville;C
49160;49;Ingrandes-le-Fresne-sur-Loire;C
49161;49;La Jaille-Yvon;C
49163;49;Jarzé Villages;C
49167;49;Les Garennes sur Loire;B2
49170;49;Juvardeil;C
49171;49;La Lande-Chasles;C
49174;49;Huillé-Lézigné;C
49176;49;Le Lion-d'Angers;B2
49178;49;Loiré;C
49180;49;Longué-Jumelles;C
49182;49;Louresse-Rochemenier;C
49183;49;Val d'Erdre-Auxence;C
49188;49;Marcé;C
49192;49;Maulévrier;C
49193;49;Le May-sur-Èvre;B2
49194;49;Mazé-Milon;C
49195;49;Mazières-en-Mauges;B2
49200;49;Longuenée-en-Anjou;B2
49201;49;La Ménitré;C
49205;49;Miré;C
49209;49;Montigné-lès-Rairies;C
49211;49;Montilliers;C
49214;49;Montreuil-Juigné;B1
49215;49;Montreuil-Bellay;C
49216;49;Montreuil-sur-Loir;C
49217;49;Montreuil-sur-Maine;C
49218;49;Montrevault-sur-Èvre;C
49219;49;Montsoreau;C
49220;49;Morannes sur Sarthe-Daumeray;C
49221;49;Mouliherne;C
49222;49;Mozé-sur-Louet;C
49223;49;Mûrs-Erigné;B1
49224;49;Neuillé;C
49228;49;Noyant-Villages;C
49231;49;Nuaillé;B2
49235;49;Parnay;C
49236;49;Passavant-sur-Layon;C
49237;49;La Pellerine;C
49240;49;La Plaine;C
49241;49;Le Plessis-Grammoire;B2
49244;49;Mauges-sur-Loire;C
49246;49;Les Ponts-de-Cé;B1
49247;49;La Possonnière;C
49248;49;Ombrée d'Anjou;C
49253;49;Le Puy-Notre-Dame;C
49257;49;Les Rairies;C
49259;49;Rochefort-sur-Loire;C
49260;49;La Romagne;B2
49261;49;Gennes-Val-de-Loire;C
49262;49;Rou-Marson;C
49266;49;Saint-Augustin-des-Bois;C
49267;49;Saint-Barthélemy-d'Anjou;B1
49269;49;Saint-Christophe-du-Bois;B2
49271;49;Saint-Clément-de-la-Place;B2
49272;49;Saint-Clément-des-Levées;C
49278;49;Sainte-Gemmes-sur-Loire;B1
49283;49;Saint-Georges-sur-Loire;C
49284;49;Saint-Germain-des-Prés;C
49288;49;Saint-Jean-de-la-Croix;C
49291;49;Saint-Just-sur-Dive;C
49292;49;Val-du-Layon;C
49294;49;Saint-Lambert-la-Potherie;B2
49298;49;Saint-Léger-de-Linières;B2
49299;49;Saint-Léger-sous-Cholet;B2
49301;49;Sèvremoine;C
49302;49;Saint-Macaire-du-Bois;C
49306;49;Saint-Martin-du-Fouilloux;B2
49307;49;Loire-Authion;B2
49308;49;Saint-Melaine-sur-Aubance;C
49310;49;Saint-Paul-du-Bois;C
49311;49;Saint-Philbert-du-Peuple;C
49323;49;Verrières-en-Anjou;B1
49326;49;Sarrigné;B2
49328;49;Saumur;B2
49329;49;Savennières;B2
49330;49;Sceaux-d'Anjou;C
49331;49;Segré-en-Anjou Bleu;C
49332;49;La Séguinière;B2
49333;49;Seiches-sur-le-Loir;C
49334;49;Sermaise;C
49336;49;Somloire;C
49338;49;Soulaines-sur-Aubance;B2
49339;49;Soulaire-et-Bourg;B2
49341;49;Souzay-Champigny;C
49343;49;La Tessoualle;B2
49344;49;Thorigné-d'Anjou;C
49345;49;Bellevigne-en-Layon;C
49347;49;Tiercé;C
49352;49;Toutlemonde;B2
49353;49;Trélazé;B1
49355;49;Trémentines;B2
49358;49;Turquant;C
49359;49;Les Ulmes;C
49361;49;Varennes-sur-Loire;C
49362;49;Varrains;C
49364;49;Vaudelnay;C
49367;49;Erdre-en-Anjou;C
49368;49;Vernantes;C
49369;49;Vernoil-le-Fourrier;C
49370;49;Verrie;C
49371;49;Vezins;B2
49373;49;Lys-Haut-Layon;C
49374;49;Villebernier;C
49377;49;Rives-du-Loir-en-Anjou;B2
49378;49;Vivy;C
49381;49;Yzernay;C
50002;50;Agneaux;B1
50003;50;Agon-Coutainville;C
50004;50;Airel;C
50006;50;Amigny;C
50008;50;Anctoville-sur-Boscq;C
50013;50;Anneville-en-Saire;C
50016;50;Appeville;C
50019;50;Aucey-la-Plaine;C
50021;50;Audouville-la-Hubert;C
50022;50;Aumeville-Lestre;C
50023;50;Auvers;C
50024;50;Auxais;C
50025;50;Avranches;C
50026;50;Azeville;C
50027;50;Bacilly;C
50028;50;La Baleine;C
50029;50;Barenton;C
50030;50;Barfleur;C
50031;50;Barneville-Carteret;C
50032;50;La Barre-de-Semilly;C
50033;50;Baubigny;C
50034;50;Baudre;C
50036;50;Baupte;C
50038;50;Beauchamps;C
50039;50;Beaucoudray;C
50040;50;Beauficel;C
50041;50;La Hague;B2
50042;50;Beauvoir;C
50044;50;Belval;C
50045;50;Benoîtville;C
50046;50;Bérigny;C
50048;50;Beslon;C
50049;50;Besneville;C
50050;50;Beuvrigny;C
50052;50;Beuzeville-la-Bastille;C
50054;50;Biéville;C
50055;50;Biniville;C
50058;50;Blainville-sur-Mer;C
50059;50;Blosville;C
50060;50;La Bloutière;C
50062;50;Boisyvon;C
50064;50;La Bonneville;C
50066;50;Jullouville;B2
50069;50;Bourguenolles;C
50070;50;Boutteville;C
50072;50;Brainville;C
50074;50;Brécey;C
50076;50;Bréhal;C
50077;50;Bretteville;C
50078;50;Bretteville-sur-Ay;C
50079;50;Breuville;C
50081;50;Bréville-sur-Mer;B2
50082;50;Bricquebec-en-Cotentin;B2
50083;50;Bricquebosq;C
50084;50;Bricqueville-la-Blouette;C
50085;50;Bricqueville-sur-Mer;C
50086;50;Brillevast;C
50087;50;Brix;C
50088;50;Brouains;C
50090;50;Buais-Les-Monts;C
50092;50;Cambernon;C
50093;50;Cametours;C
50094;50;Camprond;C
50095;50;Canisy;C
50096;50;Canteloup;C
50097;50;Canville-la-Rocque;C
50098;50;Carantilly;C
50099;50;Carentan-les-Marais;B2
50101;50;Carneville;C
50102;50;Carolles;B2
50105;50;Catteville;C
50106;50;Cavigny;C
50108;50;Céaux;C
50109;50;Cérences;C
50110;50;Cerisy-la-Forêt;C
50111;50;Cerisy-la-Salle;C
50112;50;La Chaise-Baudouin;C
50115;50;Le Grippon;C
50117;50;Champeaux;C
50118;50;Champrepus;C
50120;50;Chanteloup;C
50121;50;La Chapelle-Cécelin;C
50124;50;La Chapelle-Urée;C
50126;50;Chavoy;C
50129;50;Cherbourg-en-Cotentin;B1
50130;50;Chérencé-le-Héron;C
50135;50;Clitourps;C
50137;50;La Colombe;C
50138;50;Colomby;C
50139;50;Condé-sur-Vire;B2
50142;50;Vicq-sur-Mer;C
50143;50;Coudeville-sur-Mer;C
50144;50;Coulouvray-Boisbenâtre;C
50145;50;Courcy;C
50146;50;Courtils;C
50147;50;Coutances;C
50148;50;Couvains;C
50149;50;Couville;C
50150;50;Crasville;C
50151;50;Créances;C
50152;50;Les Cresnays;C
50155;50;Crollon;C
50156;50;Crosville-sur-Douve;C
50158;50;Cuves;C
50159;50;Dangy;C
50161;50;Le Dézert;C
50162;50;Digosville;C
50164;50;Domjean;C
50165;50;Donville-les-Bains;B1
50166;50;Doville;C
50167;50;Dragey-Ronthon;C
50168;50;Ducey-Les Chéris;C
50169;50;Écausseville;C
50172;50;Émondeville;C
50174;50;Équilly;C
50175;50;Éroudeville;C
50176;50;L'Étang-Bertrand;C
50177;50;Étienville;C
50178;50;Fermanville;C
50181;50;Feugères;C
50182;50;La Feuillie;C
50183;50;Fierville-les-Mines;C
50184;50;Flamanville;C
50185;50;Fleury;C
50186;50;Flottemanville;C
50188;50;Folligny;C
50190;50;Fontenay-sur-Mer;C
50192;50;Fourneaux;C
50193;50;Le Fresne-Poret;C
50194;50;Fresville;C
50195;50;Gathemo;C
50196;50;Gatteville-le-Phare;C
50197;50;Gavray-sur-Sienne;C
50198;50;Geffosses;C
50199;50;Genêts;C
50200;50;Ger;C
50205;50;La Godefroy;C
50207;50;Golleville;C
50208;50;Gonfreville;C
50209;50;Gonneville-Le Theil;C
50210;50;Gorges;C
50214;50;Gouvets;C
50215;50;Gouville-sur-Mer;C
50216;50;Graignes-Mesnil-Angot;C
50217;50;Le Grand-Celland;C
50218;50;Granville;B1
50219;50;Gratot;C
50221;50;Grimesnil;C
50222;50;Grosville;C
50225;50;Le Guislain;C
50227;50;Le Ham;C
50228;50;Hambye;C
50229;50;Hamelin;C
50230;50;Hardinvast;C
50231;50;Hauteville-sur-Mer;C
50232;50;Hauteville-la-Guichard;C
50233;50;Hautteville-Bocage;C
50234;50;La Haye-Bellefond;C
50235;50;La Haye-d'Ectot;C
50236;50;La Haye;C
50237;50;La Haye-Pesnel;C
50238;50;Héauville;C
50239;50;Thèreval;C
50240;50;Helleville;C
50241;50;Hémevez;C
50243;50;Heugueville-sur-Sienne;C
50246;50;Hiesville;C
50247;50;Hocquigny;C
50251;50;Huberville;C
50252;50;Hudimesnil;C
50253;50;Huisnes-sur-Mer;C
50256;50;Isigny-le-Buat;C
50258;50;Joganville;C
50259;50;Juilley;C
50260;50;Juvigny les Vallées;C
50261;50;Lamberville;C
50262;50;La Lande-d'Airou;C
50263;50;Lapenty;C
50265;50;Laulne;C
50266;50;Lengronne;C
50267;50;Lessay;C
50268;50;Lestre;C
50269;50;Liesville-sur-Douve;C
50270;50;Lieusaint;C
50271;50;Lingeard;C
50272;50;Tourneville-sur-Mer;C
50273;50;Montsenelle;C
50274;50;Les Loges-Marchis;C
50275;50;Les Loges-sur-Brécey;C
50276;50;Lolif;C
50277;50;Longueville;B2
50278;50;Le Loreur;C
50279;50;Le Lorey;C
50281;50;La Lucerne-d'Outremer;C
50282;50;Le Luot;C
50283;50;La Luzerne;C
50285;50;Magneville;C
50288;50;Marcey-les-Grèves;C
50289;50;Marchésieux;C
50290;50;Marcilly;C
50291;50;Margueray;C
50292;50;Marigny-Le-Lozon;C
50294;50;Martinvast;B2
50295;50;Maupertuis;C
50296;50;Maupertus-sur-Mer;C
50297;50;La Meauffe;C
50298;50;Méautis;C
50299;50;Le Mesnil;C
50300;50;Le Mesnil-Adelée;C
50302;50;Le Mesnil-Amey;C
50304;50;Le Mesnil-Aubert;C
50305;50;Le Mesnil-au-Val;C
50310;50;Le Mesnil-Eury;C
50311;50;Le Mesnil-Garnier;C
50312;50;Le Mesnil-Gilbert;C
50315;50;Le Mesnillard;C
50317;50;Le Mesnil-Ozenne;C
50321;50;Le Mesnil-Rouxelin;C
50324;50;Le Mesnil-Véneron;C
50326;50;Le Mesnil-Villeman;C
50327;50;La Meurdraquière;C
50328;50;Millières;C
50332;50;Les Moitiers-d'Allonne;C
50334;50;Montabot;C
50335;50;Montaigu-la-Brisette;C
50336;50;Montaigu-les-Bois;C
50338;50;Montbray;C
50340;50;Montcuit;C
50341;50;Montebourg;C
50342;50;Montfarville;C
50345;50;Monthuchon;C
50347;50;Montjoie-Saint-Martin;C
50349;50;Montmartin-sur-Mer;C
50350;50;Montpinchon;C
50351;50;Montrabot;C
50352;50;Montreuil-sur-Lozon;C
50353;50;Le Mont-Saint-Michel;C
50356;50;Moon-sur-Elle;C
50357;50;Morigny;C
50359;50;Mortain-Bocage;C
50360;50;Morville;C
50361;50;La Mouche;C
50362;50;Moulines;C
50363;50;Moyon Villages;C
50364;50;Muneville-le-Bingard;C
50365;50;Muneville-sur-Mer;C
50368;50;Nay;C
50369;50;Négreville;C
50370;50;Néhou;C
50371;50;Le Neufbourg;C
50372;50;Neufmesnil;C
50373;50;Neuville-au-Plain;C
50374;50;Neuville-en-Beaumont;C
50376;50;Nicorps;C
50378;50;Notre-Dame-de-Cenilly;C
50379;50;Notre-Dame-de-Livoye;C
50382;50;Nouainville;C
50384;50;Octeville-l'Avenel;C
50387;50;Orglandes;C
50388;50;Orval sur Sienne;C
50389;50;Ouville;C
50390;50;Ozeville;C
50391;50;Grandparigny;C
50393;50;Percy-en-Normandie;C
50394;50;Périers;C
50395;50;La Pernelle;C
50397;50;Perriers-en-Beauficel;C
50398;50;Le Perron;C
50399;50;Le Petit-Celland;C
50400;50;Picauville;C
50401;50;Pierreville;C
50402;50;Les Pieux;C
50403;50;Pirou;C
50405;50;Le Plessis-Lastelle;C
50407;50;Poilley;C
50408;50;Pontaubault;C
50409;50;Pont-Hébert;C
50410;50;Pontorson;C
50411;50;Ponts;C
50412;50;Port-Bail-sur-Mer;C
50413;50;Précey;C
50417;50;Quettehou;C
50419;50;Quettreville-sur-Sienne;C
50420;50;Quibou;C
50421;50;Quinéville;C
50422;50;Raids;C
50423;50;Rampan;C
50425;50;Rauville-la-Bigot;C
50426;50;Rauville-la-Place;C
50428;50;Reffuveille;C
50429;50;Regnéville-sur-Mer;C
50430;50;Reigneville-Bocage;C
50431;50;Remilly Les Marais;C
50433;50;Réville;C
50435;50;Rocheville;C
50436;50;Romagny Fontenay;C
50437;50;Roncey;C
50442;50;Le Rozel;C
50443;50;Sacey;C
50444;50;Saint-Amand-Villages;C
50445;50;Saint-André-de-Bohon;C
50446;50;Saint-André-de-l'Épine;C
50447;50;Saint-Aubin-des-Préaux;C
50448;50;Saint-Aubin-de-Terregatte;C
50450;50;Saint-Barthélemy;C
50451;50;Saint-Brice;C
50452;50;Saint-Brice-de-Landelles;C
50453;50;Sainte-Cécile;C
50454;50;Saint-Christophe-du-Foc;C
50455;50;Saint-Clair-sur-l'Elle;C
50456;50;Saint-Clément-Rancoudray;C
50457;50;Sainte-Colombe;C
50461;50;Saint-Cyr;C
50462;50;Saint-Cyr-du-Bailleul;C
50463;50;Saint-Denis-le-Gast;C
50464;50;Saint-Denis-le-Vêtu;C
50467;50;Saint-Floxel;C
50468;50;Saint-Fromond;C
50469;50;Sainte-Geneviève;C
50471;50;Saint-Georges-de-la-Rivière;C
50472;50;Saint-Georges-de-Livoye;C
50473;50;Saint-Georges-d'Elle;C
50474;50;Saint-Georges-de-Rouelley;C
50475;50;Saint-Georges-Montcocq;B2
50476;50;Saint-Germain-d'Elle;C
50478;50;Saint-Germain-de-Tournebut;C
50479;50;Saint-Germain-de-Varreville;C
50480;50;Saint-Germain-le-Gaillard;C
50481;50;Saint-Germain-sur-Ay;C
50482;50;Saint-Germain-sur-Sèves;C
50483;50;Saint-Gilles;C
50484;50;Saint-Hilaire-du-Harcouët;C
50486;50;Saint-Jacques-de-Néhou;C
50487;50;Saint-James;C
50488;50;Saint-Jean-de-Daye;C
50489;50;Saint-Jean-de-la-Haize;C
50490;50;Saint-Jean-de-la-Rivière;C
50491;50;Saint-Jean-de-Savigny;C
50492;50;Saint-Jean-d'Elle;C
50493;50;Saint-Jean-des-Champs;C
50495;50;Saint-Jean-du-Corail-des-Bois;C
50496;50;Saint-Jean-le-Thomas;C
50498;50;Saint-Joseph;C
50499;50;Saint-Laurent-de-Cuves;C
50500;50;Saint-Laurent-de-Terregatte;C
50502;50;Saint-Lô;B2
50504;50;Saint-Louet-sur-Vire;C
50505;50;Saint-Loup;C
50506;50;Saint-Malo-de-la-Lande;C
50507;50;Saint-Marcouf;C
50509;50;Sainte-Marie-du-Mont;C
50510;50;Saint-Martin-d'Aubigny;C
50511;50;Saint-Martin-d'Audouville;C
50512;50;Saint-Martin-de-Bonfossé;C
50513;50;Saint-Martin-de-Cenilly;C
50514;50;Chaulieu;C
50517;50;Saint-Martin-de-Varreville;C
50518;50;Saint-Martin-le-Bouillant;C
50519;50;Saint-Martin-le-Gréard;C
50521;50;Saint-Maur-des-Bois;C
50522;50;Saint-Maurice-en-Cotentin;C
50523;50;Sainte-Mère-Église;C
50525;50;Saint-Michel-de-Montjoie;C
50528;50;Saint-Nicolas-de-Pierrepont;C
50529;50;Saint-Nicolas-des-Bois;C
50531;50;Saint-Ovin;C
50532;50;Saint-Pair-sur-Mer;B1
50533;50;Saint-Patrice-de-Claids;C
50535;50;Le Parc;C
50536;50;Saint-Pierre-d'Arthéglise;C
50537;50;Saint-Pierre-de-Coutances;C
50538;50;Saint-Pierre-de-Semilly;C
50539;50;Saint-Pierre-Église;C
50540;50;Saint-Pierre-Langers;C
50541;50;Saint-Planchers;C
50542;50;Saint-Pois;C
50543;50;Saint-Quentin-sur-le-Homme;C
50546;50;Bourgvallées;C
50548;50;Saint-Sauveur-de-Pierrepont;C
50549;50;Saint-Sauveur-la-Pommeraye;C
50550;50;Saint-Sauveur-Villages;C
50551;50;Saint-Sauveur-le-Vicomte;C
50552;50;Saint-Sébastien-de-Raids;C
50553;50;Saint-Senier-de-Beuvron;C
50554;50;Saint-Senier-sous-Avranches;C
50556;50;Sainte-Suzanne-sur-Vire;C
50562;50;Saint-Vaast-la-Hougue;C
50563;50;Saint-Vigor-des-Monts;C
50564;50;Terre-et-Marais;C
50565;50;Sartilly-Baie-Bocage;C
50567;50;Saussemesnil;C
50568;50;Saussey;C
50569;50;Savigny;C
50570;50;Savigny-le-Vieux;C
50571;50;Sébeville;C
50572;50;Sénoville;C
50574;50;Servon;C
50575;50;Sideville;C
50576;50;Siouville-Hague;C
50577;50;Sortosville-en-Beaumont;C
50578;50;Sortosville;C
50579;50;Sottevast;C
50580;50;Sotteville;C
50582;50;Sourdeval;C
50584;50;Subligny;C
50585;50;Surtainville;C
50587;50;Taillepied;C
50588;50;Tamerville;C
50589;50;Tanis;C
50590;50;Le Tanu;C
50591;50;Le Teilleul;C
50592;50;Tessy-Bocage;C
50593;50;Teurthéville-Bocage;C
50594;50;Teurthéville-Hague;C
50596;50;Théville;C
50597;50;Tirepied-sur-Sée;C
50598;50;Tocqueville;C
50599;50;Tollevast;B2
50601;50;Torigny-les-Villes;C
50603;50;Tourville-sur-Sienne;C
50604;50;Tréauville;C
50606;50;Tribehou;C
50607;50;La Trinité;C
50609;50;Turqueville;C
50610;50;Urville;C
50612;50;Vains;C
50613;50;Valcanville;C
50615;50;Valognes;B2
50616;50;Le Val-Saint-Père;C
50617;50;Varenguebec;C
50618;50;Varouville;C
50619;50;Le Vast;C
50621;50;Vaudreville;C
50624;50;La Vendelée;C
50626;50;Ver;C
50628;50;Vernix;C
50629;50;Vesly;C
50633;50;Le Vicel;C
50634;50;Videcosville;C
50637;50;Villebaudon;C
50639;50;Villedieu-les-Poêles-Rouffigny;C
50641;50;Villiers-Fossard;C
50643;50;Virandeville;C
50647;50;Yquelon;B2
50648;50;Yvetot-Bocage;C
51001;51;Ablancourt;C
51002;51;Saint-Martin-d'Ablois;C
51003;51;Aigny;C
51004;51;Allemanche-Launay-et-Soyer;C
51005;51;Allemant;C
51006;51;Alliancelles;C
51007;51;Ambonnay;C
51008;51;Ambrières;C
51009;51;Anglure;C
51010;51;Angluzelles-et-Courcelles;C
51012;51;Anthenay;C
51013;51;Aougny;C
51014;51;Arcis-le-Ponsart;C
51015;51;Argers;C
51016;51;Arrigny;C
51017;51;Arzillières-Neuville;C
51018;51;Athis;C
51019;51;Aubérive;C
51020;51;Aubilly;C
51022;51;Aulnay-l'Aître;C
51023;51;Aulnay-sur-Marne;C
51025;51;Auménancourt;C
51027;51;Auve;C
51028;51;Avenay-Val-d'Or;C
51029;51;Avize;C
51030;51;Aÿ-Champagne;B2
51031;51;Baconnes;C
51032;51;Bagneux;C
51033;51;Le Baizil;C
51034;51;Bannay;C
51035;51;Bannes;C
51036;51;Barbonne-Fayel;C
51037;51;Baslieux-lès-Fismes;C
51038;51;Baslieux-sous-Châtillon;C
51039;51;Bassu;C
51040;51;Bassuet;C
51041;51;Baudement;C
51042;51;Baye;C
51043;51;Bazancourt;C
51044;51;Beaumont-sur-Vesle;C
51045;51;Beaunay;C
51046;51;Beine-Nauroy;C
51047;51;Belval-en-Argonne;C
51048;51;Belval-sous-Châtillon;C
51049;51;Bergères-lès-Vertus;C
51050;51;Bergères-sous-Montmirail;C
51051;51;Berméricourt;C
51052;51;Berru;C
51053;51;Berzieux;C
51054;51;Bétheniville;C
51055;51;Bétheny;B1
51056;51;Bethon;C
51057;51;Bettancourt-la-Longue;C
51058;51;Bezannes;B1
51059;51;Bignicourt-sur-Marne;C
51060;51;Bignicourt-sur-Saulx;C
51061;51;Billy-le-Grand;C
51062;51;Binarville;C
51065;51;Blacy;C
51066;51;Blaise-sous-Arzillières;C
51068;51;Blesme;C
51069;51;Bligny;C
51070;51;Boissy-le-Repos;C
51071;51;Bouchy-Saint-Genest;C
51072;51;Bouilly;C
51073;51;Bouleuse;C
51074;51;Boult-sur-Suippe;C
51075;51;Bourgogne-Fresne;C
51076;51;Boursault;C
51077;51;Bouvancourt;C
51078;51;Bouy;C
51079;51;Bouzy;C
51080;51;Brandonvillers;C
51081;51;Branscourt;C
51082;51;Braux-Sainte-Cohière;C
51083;51;Braux-Saint-Remy;C
51084;51;Bréban;C
51085;51;Le Breuil;C
51086;51;Breuil-sur-Vesle;C
51087;51;Breuvery-sur-Coole;C
51088;51;Brimont;C
51089;51;Brouillet;C
51090;51;Broussy-le-Grand;C
51091;51;Broussy-le-Petit;C
51092;51;Broyes;C
51093;51;Brugny-Vaudancourt;C
51094;51;Brusson;C
51095;51;Le Buisson;C
51097;51;Bussy-le-Château;C
51098;51;Bussy-le-Repos;C
51099;51;Bussy-Lettrée;C
51100;51;La Caure;C
51101;51;Caurel;C
51102;51;Cauroy-lès-Hermonville;C
51103;51;La Celle-sous-Chantemerle;C
51104;51;Cernay-en-Dormois;C
51105;51;Cernay-lès-Reims;C
51106;51;Cernon;C
51107;51;Chaintrix-Bierges;C
51108;51;Châlons-en-Champagne;B2
51109;51;Châlons-sur-Vesle;C
51110;51;Chaltrait;C
51111;51;Chambrecy;C
51112;51;Chamery;C
51113;51;Champaubert;C
51115;51;Champfleury;C
51116;51;Champguyon;C
51117;51;Champigneul-Champagne;C
51118;51;Champigny;C
51119;51;Champillon;C
51120;51;Champlat-et-Boujacourt;C
51121;51;Champvoisy;C
51122;51;Changy;C
51124;51;Chantemerle;C
51125;51;Chapelaine;C
51126;51;La Chapelle-Felcourt;C
51127;51;La Chapelle-Lasson;C
51128;51;La Chapelle-sous-Orbais;C
51129;51;Charleville;C
51130;51;Charmont;C
51132;51;Les Charmontois;C
51133;51;Le Châtelier;C
51134;51;Châtelraould-Saint-Louvent;C
51135;51;Châtillon-sur-Broué;C
51136;51;Châtillon-sur-Marne;C
51137;51;Châtillon-sur-Morin;C
51138;51;Châtrices;C
51139;51;Chaudefontaine;C
51140;51;Chaumuzy;C
51141;51;La Chaussée-sur-Marne;C
51142;51;Chavot-Courcourt;C
51143;51;Le Chemin;C
51144;51;Cheminon;C
51145;51;Chenay;C
51146;51;Cheniers;C
51147;51;La Cheppe;C
51148;51;Cheppes-la-Prairie;C
51149;51;Chepy;C
51150;51;Cherville;C
51151;51;Chichey;C
51152;51;Chigny-les-Roses;C
51153;51;Chouilly;C
51154;51;Clamanges;C
51155;51;Clesles;C
51156;51;Cloyes-sur-Marne;C
51157;51;Coizard-Joches;C
51158;51;Val-des-Marais;C
51160;51;Compertrix;B2
51161;51;Condé-sur-Marne;C
51162;51;Conflans-sur-Seine;C
51163;51;Congy;C
51164;51;Connantray-Vaurefroy;C
51165;51;Connantre;C
51166;51;Contault;C
51167;51;Coole;C
51168;51;Coolus;B2
51169;51;Corbeil;C
51170;51;Corfélix;C
51171;51;Cormicy;C
51172;51;Cormontreuil;B1
51173;51;Cormoyeux;C
51174;51;Corribert;C
51175;51;Corrobert;C
51176;51;Corroy;C
51177;51;Coulommes-la-Montagne;C
51178;51;Coupetz;C
51179;51;Coupéville;C
51181;51;Courcelles-Sapicourt;C
51182;51;Courcemain;C
51183;51;Courcy;C
51184;51;Courdemanges;C
51185;51;Courgivaux;C
51186;51;Courjeonnet;C
51187;51;Courlandon;C
51188;51;Courmas;C
51190;51;Courtagnon;C
51191;51;Courtémont;C
51192;51;Courthiézy;C
51193;51;Courtisols;C
51194;51;Courville;C
51195;51;Couvrot;C
51196;51;Cramant;C
51197;51;La Croix-en-Champagne;C
51198;51;Crugny;C
51199;51;Cuchery;C
51200;51;Cuis;C
51201;51;Cuisles;C
51202;51;Cumières;C
51203;51;Cuperly;C
51204;51;Damery;C
51206;51;Dampierre-le-Château;C
51208;51;Dampierre-sur-Moivre;C
51210;51;Dizy;B2
51211;51;Dommartin-Dampierre;C
51212;51;Dommartin-Lettrée;C
51213;51;Dommartin-sous-Hans;C
51214;51;Dommartin-Varimont;C
51215;51;Dompremy;C
51216;51;Dontrien;C
51217;51;Dormans;C
51218;51;Val-de-Vière;C
51219;51;Drosnay;C
51220;51;Drouilly;C
51222;51;Éclaires;C
51223;51;Écollemont;C
51224;51;Écriennes;C
51225;51;Écueil;C
51226;51;Écury-le-Repos;C
51227;51;Écury-sur-Coole;C
51228;51;Élise-Daucourt;C
51229;51;Épense;C
51230;51;Épernay;B2
51231;51;L'Épine;B2
51232;51;Époye;C
51233;51;Escardes;C
51234;51;Esclavolles-Lurey;C
51235;51;Les Essarts-lès-Sézanne;C
51236;51;Les Essarts-le-Vicomte;C
51237;51;Esternay;C
51238;51;Étoges;C
51239;51;Étréchy;C
51240;51;Étrepy;C
51241;51;Euvy;C
51242;51;Fagnières;B2
51243;51;Faux-Fresnay;C
51244;51;Faux-Vésigneul;C
51245;51;Faverolles-et-Coëmy;C
51246;51;Favresse;C
51247;51;Fèrebrianges;C
51248;51;Fère-Champenoise;C
51249;51;Festigny;C
51250;51;Fismes;C
51251;51;Flavigny;C
51252;51;Fleury-la-Rivière;C
51253;51;Florent-en-Argonne;C
51254;51;Fontaine-Denis-Nuisy;C
51255;51;Fontaine-en-Dormois;C
51256;51;Fontaine-sur-Ay;C
51258;51;La Forestière;C
51259;51;Francheville;C
51260;51;Le Fresne;C
51262;51;Frignicourt;C
51263;51;Fromentières;C
51264;51;Le Gault-Soigny;C
51265;51;Gaye;C
51266;51;Germaine;C
51267;51;Germigny;C
51268;51;Germinon;C
51269;51;Giffaumont-Champaubert;C
51270;51;Gigny-Bussy;C
51272;51;Givry-en-Argonne;C
51273;51;Givry-lès-Loisy;C
51274;51;Gizaucourt;C
51275;51;Glannes;C
51276;51;Gourgançon;C
51277;51;Sainte-Marie-du-Lac-Nuisement;C
51278;51;Les Grandes-Loges;C
51279;51;Granges-sur-Aube;C
51280;51;Gratreuil;C
51281;51;Grauves;C
51282;51;Gueux;C
51283;51;Hans;C
51284;51;Haussignémont;C
51285;51;Haussimont;C
51286;51;Hauteville;C
51287;51;Hautvillers;C
51288;51;Heiltz-le-Hutier;C
51289;51;Heiltz-le-Maurupt;C
51290;51;Heiltz-l'Évêque;C
51291;51;Hermonville;C
51292;51;Herpont;C
51293;51;Heutrégiville;C
51294;51;Hourges;C
51295;51;Huiron;C
51296;51;Humbauville;C
51298;51;Igny-Comblizy;C
51299;51;Isles-sur-Suippe;C
51300;51;Isle-sur-Marne;C
51301;51;Isse;C
51302;51;Les Istres-et-Bury;C
51303;51;Jâlons;C
51304;51;Janvilliers;C
51305;51;Janvry;C
51306;51;Joiselle;C
51307;51;Jonchery-sur-Suippe;C
51308;51;Jonchery-sur-Vesle;C
51309;51;Jonquery;C
51310;51;Jouy-lès-Reims;C
51311;51;Jussecourt-Minecourt;C
51312;51;Juvigny;C
51313;51;Lachy;C
51314;51;Lagery;C
51315;51;Landricourt;C
51316;51;Larzicourt;C
51317;51;Laval-sur-Tourbe;C
51318;51;Lavannes;C
51319;51;Lenharrée;C
51320;51;Leuvrigny;C
51321;51;Lhéry;C
51322;51;Lignon;C
51323;51;Linthelles;C
51324;51;Linthes;C
51325;51;Lisse-en-Champagne;C
51326;51;Livry-Louvercy;C
51327;51;Loisy-en-Brie;C
51328;51;Loisy-sur-Marne;C
51329;51;Loivre;C
51333;51;Ludes;C
51334;51;Luxémont-et-Villotte;C
51336;51;Maffrécourt;C
51337;51;Magneux;C
51338;51;Mailly-Champagne;C
51339;51;Mairy-sur-Marne;C
51340;51;Maisons-en-Champagne;C
51341;51;Malmy;C
51342;51;Mancy;C
51343;51;Marcilly-sur-Seine;C
51344;51;Mardeuil;B2
51345;51;Mareuil-en-Brie;C
51346;51;Mareuil-le-Port;C
51348;51;Marfaux;C
51349;51;Margerie-Hancourt;C
51350;51;Margny;C
51351;51;Marigny;C
51352;51;Marolles;C
51353;51;Marsangis;C
51354;51;Marson;C
51355;51;Massiges;C
51356;51;Matignicourt-Goncourt;C
51357;51;Matougues;C
51358;51;Maurupt-le-Montois;C
51359;51;Mécringes;C
51360;51;Le Meix-Saint-Epoing;C
51361;51;Le Meix-Tiercelin;C
51362;51;Merfy;C
51363;51;Merlaut;C
51364;51;Méry-Prémecy;C
51365;51;Les Mesneux;C
51367;51;Le Mesnil-sur-Oger;C
51368;51;Minaucourt-le-Mesnil-lès-Hurlus;C
51369;51;Mœurs-Verdey;C
51370;51;Moiremont;C
51371;51;Moivre;C
51372;51;Moncetz-Longevas;B2
51373;51;Moncetz-l'Abbaye;C
51374;51;Mondement-Montgivroux;C
51375;51;Montbré;C
51376;51;Montgenost;C
51377;51;Montépreux;C
51378;51;Monthelon;C
51379;51;Montigny-sur-Vesle;C
51380;51;Montmirail;C
51381;51;Montmort-Lucy;C
51382;51;Mont-sur-Courville;C
51384;51;Morangis;C
51386;51;Morsains;C
51387;51;Moslins;C
51388;51;Mourmelon-le-Grand;C
51389;51;Mourmelon-le-Petit;C
51390;51;Moussy;B2
51391;51;Muizon;C
51392;51;Mutigny;C
51393;51;Nanteuil-la-Forêt;C
51395;51;Nesle-la-Reposte;C
51396;51;Nesle-le-Repons;C
51397;51;La Neuville-aux-Bois;C
51398;51;La Neuville-aux-Larris;C
51399;51;La Neuville-au-Pont;C
51402;51;Neuvy;C
51403;51;Nogent-l'Abbesse;C
51404;51;Noirlieu;C
51406;51;Norrois;C
51407;51;La Noue;C
51409;51;Nuisement-sur-Coole;C
51410;51;Œuilly;C
51412;51;Ognes;C
51413;51;Oiry;C
51414;51;Olizy;C
51415;51;Omey;C
51416;51;Orbais-l'Abbaye;C
51417;51;Orconte;C
51418;51;Ormes;C
51419;51;Outines;C
51420;51;Outrepont;C
51421;51;Oyes;C
51422;51;Pargny-lès-Reims;C
51423;51;Pargny-sur-Saulx;C
51424;51;Passavant-en-Argonne;C
51425;51;Passy-Grigny;C
51426;51;Péas;C
51428;51;Les Petites-Loges;C
51429;51;Pévy;C
51430;51;Pierre-Morains;C
51431;51;Pierry;B2
51432;51;Pleurs;C
51433;51;Plichancourt;C
51434;51;Plivot;C
51435;51;Pocancy;C
51436;51;Pogny;C
51437;51;Poilly;C
51438;51;Poix;C
51439;51;Pomacle;C
51440;51;Pontfaverger-Moronvilliers;C
51441;51;Ponthion;C
51442;51;Possesse;C
51443;51;Potangis;C
51444;51;Pouillon;C
51445;51;Pourcy;C
51446;51;Pringy;C
51447;51;Prosnes;C
51448;51;Prouilly;C
51449;51;Prunay;C
51450;51;Puisieulx;C
51451;51;Queudes;C
51452;51;Rapsécourt;C
51453;51;Recy;B2
51454;51;Reims;B1
51455;51;Reims-la-Brûlée;C
51456;51;Remicourt;C
51457;51;Cœur-de-la-Vallée;C
51458;51;Reuves;C
51459;51;Réveillon;B2
51460;51;Rieux;C
51461;51;Rilly-la-Montagne;C
51463;51;Les Rivières-Henruel;C
51464;51;Romain;C
51465;51;Romery;C
51466;51;Romigny;C
51468;51;Rosnay;C
51469;51;Rouffy;C
51470;51;Rouvroy-Ripont;C
51471;51;Sacy;C
51472;51;Saint-Amand-sur-Fion;C
51473;51;Saint-Bon;C
51474;51;Saint-Brice-Courcelles;B1
51475;51;Saint-Chéron;C
51476;51;Saint-Étienne-au-Temple;B2
51477;51;Saint-Étienne-sur-Suippe;C
51478;51;Saint-Eulien;C
51479;51;Saint-Euphraise-et-Clairizet;C
51480;51;Sainte-Gemme;C
51482;51;Saint-Germain-la-Ville;C
51483;51;Saint-Gibrien;B2
51484;51;Saint-Gilles;C
51485;51;La-Neuville-au-Temple;C
51486;51;Saint-Hilaire-le-Grand;C
51487;51;Saint-Hilaire-le-Petit;C
51488;51;Saint-Imoges;C
51489;51;Saint-Jean-devant-Possesse;C
51490;51;Saint-Jean-sur-Moivre;C
51491;51;Saint-Jean-sur-Tourbe;C
51492;51;Saint-Just-Sauvage;C
51493;51;Saint-Léonard;B1
51495;51;Saint-Loup;C
51496;51;Saint-Lumier-en-Champagne;C
51497;51;Saint-Lumier-la-Populeuse;C
51498;51;Saint-Mard-sur-Auve;C
51499;51;Saint-Mard-lès-Rouffy;C
51500;51;Saint-Mard-sur-le-Mont;C
51501;51;Sainte-Marie-à-Py;C
51502;51;Saint-Martin-aux-Champs;C
51503;51;Saint-Martin-l'Heureux;C
51504;51;Saint-Martin-sur-le-Pré;B2
51505;51;Saint-Masmes;C
51506;51;Saint-Memmie;B2
51507;51;Sainte-Menehould;C
51508;51;Saint-Ouen-Domprot;C
51509;51;Saint-Pierre;C
51510;51;Saint-Quentin-les-Marais;C
51511;51;Saint-Quentin-le-Verger;C
51512;51;Saint-Quentin-sur-Coole;C
51513;51;Saint-Remy-en-Bouzemont-Saint-Genest-et-Isson;C
51514;51;Saint-Remy-sous-Broyes;C
51515;51;Saint-Remy-sur-Bussy;C
51516;51;Saint-Saturnin;C
51517;51;Saint-Souplet-sur-Py;C
51518;51;Saint-Thierry;C
51519;51;Saint-Thomas-en-Argonne;C
51520;51;Saint-Utin;C
51521;51;Saint-Vrain;C
51522;51;Sapignicourt;C
51523;51;Sarcy;C
51524;51;Saron-sur-Aube;C
51525;51;Sarry;B2
51526;51;Saudoy;C
51527;51;Savigny-sur-Ardres;C
51528;51;Scrupt;C
51529;51;Selles;C
51530;51;Sept-Saulx;C
51531;51;Sermaize-les-Bains;C
51532;51;Sermiers;C
51533;51;Servon-Melzicourt;C
51534;51;Serzy-et-Prin;C
51535;51;Sézanne;C
51536;51;Sillery;C
51537;51;Sivry-Ante;C
51538;51;Sogny-aux-Moulins;C
51539;51;Sogny-en-l'Angle;C
51542;51;Soizy-aux-Bois;C
51543;51;Somme-Bionne;C
51544;51;Sommepy-Tahure;C
51545;51;Sommesous;C
51546;51;Somme-Suippe;C
51547;51;Somme-Tourbe;C
51548;51;Somme-Vesle;C
51549;51;Somme-Yèvre;C
51550;51;Sompuis;C
51551;51;Somsois;C
51552;51;Songy;C
51553;51;Souain-Perthes-lès-Hurlus;C
51555;51;Soudé;C
51556;51;Soudron;C
51557;51;Soulanges;C
51558;51;Soulières;C
51559;51;Suippes;C
51560;51;Suizy-le-Franc;C
51562;51;Taissy;B1
51563;51;Talus-Saint-Prix;C
51564;51;Val de Livre;C
51565;51;Thaas;C
51566;51;Thibie;C
51567;51;Thiéblemont-Farémont;C
51568;51;Thil;C
51569;51;Thillois;C
51570;51;Le Thoult-Trosnay;C
51571;51;Val-de-Vesle;C
51572;51;Tilloy-et-Bellay;C
51573;51;Tinqueux;B1
51574;51;Togny-aux-Bœufs;C
51576;51;Tours-sur-Marne;C
51577;51;Tramery;C
51578;51;Trécon;C
51579;51;Tréfols;C
51580;51;Trépail;C
51581;51;Treslon;C
51582;51;Trigny;C
51583;51;Trois-Fontaines-l'Abbaye;C
51584;51;Trois-Puits;C
51585;51;Troissy;C
51586;51;Unchair;C
51587;51;Vadenay;C
51588;51;Valmy;C
51589;51;Vanault-le-Châtel;C
51590;51;Vanault-les-Dames;C
51591;51;Vandeuil;C
51592;51;Vandières;C
51594;51;Vassimont-et-Chapelaine;C
51595;51;Vatry;C
51596;51;Vauchamps;C
51597;51;Vauciennes;C
51598;51;Vauclerc;C
51599;51;Vaudemange;C
51600;51;Vaudesincourt;C
51601;51;Vavray-le-Grand;C
51602;51;Vavray-le-Petit;C
51603;51;Vélye;C
51604;51;Ventelay;C
51605;51;Venteuil;C
51607;51;Verdon;C
51608;51;Vernancourt;C
51609;51;Verneuil;C
51610;51;Verrières;C
51611;51;Vert-Toulon;C
51612;51;Blancs-Coteaux;C
51613;51;Verzenay;C
51614;51;Verzy;C
51616;51;Vésigneul-sur-Marne;C
51617;51;La Veuve;C
51618;51;Le Vézier;B2
51619;51;Le Vieil-Dampierre;C
51620;51;Vienne-la-Ville;C
51621;51;Vienne-le-Château;C
51622;51;Ville-Dommange;C
51623;51;Ville-en-Selve;C
51624;51;Ville-en-Tardenois;C
51625;51;Villeneuve-la-Lionne;B2
51626;51;La Villeneuve-lès-Charleville;C
51627;51;Villeneuve-Renneville-Chevigny;C
51628;51;Villeneuve-Saint-Vistre-et-Villevotte;C
51629;51;Villers-Allerand;C
51630;51;Villers-aux-Bois;C
51631;51;Villers-aux-Nœuds;C
51632;51;Villers-en-Argonne;C
51633;51;Villers-Franqueux;C
51634;51;Villers-le-Château;C
51635;51;Villers-le-Sec;C
51636;51;Villers-Marmery;C
51638;51;Villeseneux;C
51639;51;La Ville-sous-Orbais;C
51640;51;Ville-sur-Tourbe;C
51641;51;Villevenard;C
51642;51;Villiers-aux-Corneilles;C
51643;51;Vinay;B2
51644;51;Vincelles;C
51645;51;Vindey;C
51646;51;Virginy;C
51647;51;Vitry-en-Perthois;C
51648;51;Vitry-la-Ville;C
51649;51;Vitry-le-François;C
51650;51;Voilemont;C
51652;51;Vouarces;C
51654;51;Vouillers;C
51655;51;Vouzy;C
51656;51;Vraux;C
51657;51;Vrigny;C
51658;51;Vroil;C
51659;51;Wargemoulin-Hurlus;C
51660;51;Warmeriville;C
51662;51;Witry-lès-Reims;B1
51663;51;Magenta;B2
52001;52;Ageville;C
52002;52;Aigremont;C
52003;52;Aillianville;C
52004;52;Aingoulaincourt;C
52005;52;Aizanville;C
52006;52;Allichamps;C
52007;52;Ambonville;C
52008;52;Andelot-Blancheville;C
52009;52;Andilly-en-Bassigny;C
52011;52;Annéville-la-Prairie;C
52012;52;Annonville;C
52013;52;Anrosey;C
52014;52;Aprey;C
52015;52;Arbigny-sous-Varennes;C
52016;52;Arbot;C
52017;52;Arc-en-Barrois;C
52019;52;Arnancourt;C
52021;52;Attancourt;C
52022;52;Aubepierre-sur-Aube;C
52023;52;Auberive;C
52025;52;Audeloncourt;C
52027;52;Aujeurres;C
52028;52;Aulnoy-sur-Aube;C
52029;52;Autigny-le-Grand;C
52030;52;Autigny-le-Petit;C
52031;52;Autreville-sur-la-Renne;C
52033;52;Avrecourt;C
52034;52;Bailly-aux-Forges;C
52035;52;Baissey;C
52037;52;Bannes;C
52038;52;Bassoncourt;C
52039;52;Baudrecourt;C
52040;52;Bay-sur-Aube;C
52042;52;Beauchemin;C
52043;52;Belmont;C
52044;52;Roches-Bettaincourt;C
52045;52;Bettancourt-la-Ferrée;C
52047;52;Beurville;C
52050;52;Biesles;C
52051;52;Bize;C
52053;52;Blaisy;C
52055;52;Blécourt;C
52056;52;Blessonville;C
52057;52;Blumeray;C
52058;52;Bologne;C
52059;52;Bonnecourt;C
52060;52;Bourbonne-les-Bains;C
52061;52;Bourdons-sur-Rognon;C
52062;52;Bourg;C
52063;52;Bourg-Sainte-Marie;C
52064;52;Bourmont-entre-Meuse-et-Mouzon;C
52065;52;Bouzancourt;C
52066;52;Brachay;C
52067;52;Brainville-sur-Meuse;C
52069;52;Braux-le-Châtel;C
52070;52;Brennes;C
52072;52;Brethenay;C
52074;52;Breuvannes-en-Bassigny;C
52075;52;Briaucourt;C
52076;52;Bricon;C
52079;52;Brousseval;C
52082;52;Bugnières;C
52083;52;Champsevraine;C
52084;52;Busson;C
52085;52;Buxières-lès-Clefmont;C
52087;52;Buxières-lès-Villiers;C
52088;52;Ceffonds;C
52089;52;Celles-en-Bassigny;C
52090;52;Celsoy;C
52091;52;Cerisières;C
52092;52;Chalancey;C
52093;52;Chalindrey;C
52094;52;Vals-des-Tilles;C
52095;52;Chalvraines;C
52097;52;Chambroncourt;C
52099;52;Chamouilley;C
52101;52;Champigneulles-en-Bassigny;C
52102;52;Champigny-lès-Langres;C
52103;52;Champigny-sous-Varennes;C
52104;52;Chancenay;C
52105;52;Changey;C
52106;52;Chanoy;C
52107;52;Chantraines;C
52108;52;Charmes;C
52109;52;Charmes-en-l'Angle;C
52110;52;Charmes-la-Grande;C
52113;52;Chassigny;C
52114;52;Châteauvillain;C
52115;52;Chatenay-Mâcheron;C
52116;52;Chatenay-Vaudin;C
52118;52;Chatonrupt-Sommermont;C
52119;52;Chaudenay;C
52120;52;Chauffourt;C
52121;52;Chaumont;C
52122;52;Chaumont-la-Ville;C
52123;52;Chevillon;C
52124;52;Chézeaux;C
52125;52;Chamarandes-Choignes;C
52126;52;Choilley-Dardenay;C
52127;52;Choiseul;C
52128;52;Cirey-lès-Mareilles;C
52129;52;Cirey-sur-Blaise;C
52130;52;Cirfontaines-en-Azois;C
52131;52;Cirfontaines-en-Ornois;C
52132;52;Clefmont;C
52133;52;Clinchamp;C
52134;52;Cohons;C
52135;52;Coiffy-le-Bas;C
52136;52;Coiffy-le-Haut;C
52137;52;Colmier-le-Bas;C
52138;52;Colmier-le-Haut;C
52140;52;Colombey les Deux Églises;C
52141;52;Condes;C
52142;52;Consigny;C
52145;52;Coublanc;C
52146;52;Coupray;C
52147;52;Courcelles-en-Montagne;C
52149;52;Courcelles-sur-Blaise;C
52151;52;Cour-l'Évêque;C
52155;52;Culmont;C
52156;52;Curel;C
52157;52;Curmont;C
52158;52;Cusey;C
52159;52;Cuves;C
52160;52;Daillancourt;C
52161;52;Daillecourt;C
52162;52;Dammartin-sur-Meuse;C
52163;52;Dampierre;C
52164;52;Damrémont;C
52165;52;Dancevoir;C
52167;52;Darmannes;C
52168;52;Dinteville;C
52169;52;Domblain;C
52170;52;Dommarien;C
52171;52;Dommartin-le-Franc;C
52172;52;Dommartin-le-Saint-Père;C
52173;52;Domremy-Landéville;C
52174;52;Doncourt-sur-Meuse;C
52175;52;Donjeux;C
52177;52;Doulaincourt-Saucourt;C
52178;52;Doulevant-le-Château;C
52179;52;Doulevant-le-Petit;C
52181;52;Échenay;C
52182;52;Éclaron-Braucourt-Sainte-Livière;C
52183;52;Ecot-la-Combe;C
52184;52;Effincourt;C
52185;52;Enfonvelle;C
52187;52;Épizon;C
52189;52;Le Val-d'Esnoms;C
52190;52;Esnouveaux;C
52193;52;Euffigneix;C
52194;52;Eurville-Bienville;C
52195;52;Farincourt;C
52196;52;Faverolles;C
52197;52;Fayl-Billot;C
52198;52;Fays;C
52199;52;Ferrière-et-Lafolie;C
52200;52;Flagey;C
52201;52;Flammerécourt;C
52203;52;Fontaines-sur-Marne;C
52204;52;Forcey;C
52205;52;Foulain;C
52206;52;Frampas;C
52207;52;Frécourt;C
52208;52;Fresnes-sur-Apance;C
52211;52;Froncles;C
52212;52;Fronville;C
52213;52;Genevrières;C
52214;52;La Genevroye;C
52216;52;Germaines;C
52217;52;Germainvilliers;C
52218;52;Germay;C
52219;52;Germisay;C
52220;52;Giey-sur-Aujon;C
52221;52;Gillancourt;C
52222;52;Gillaumé;C
52223;52;Gilley;C
52227;52;Graffigny-Chemin;C
52228;52;Grandchamp;C
52229;52;Grenant;C
52230;52;Gudmont-Villiers;C
52231;52;Guindrecourt-aux-Ormes;C
52232;52;Guindrecourt-sur-Blaise;C
52233;52;Guyonvelle;C
52234;52;Hâcourt;C
52235;52;Hallignicourt;C
52237;52;Harréville-les-Chanteurs;C
52240;52;Heuilley-le-Grand;C
52242;52;Haute-Amance;C
52243;52;Huilliécourt;C
52244;52;Humbécourt;C
52245;52;Humberville;C
52246;52;Humes-Jorquenay;C
52247;52;Illoud;C
52248;52;Is-en-Bassigny;C
52249;52;Isômes;C
52250;52;Joinville;C
52251;52;Jonchery;C
52253;52;Juzennecourt;C
52254;52;Lachapelle-en-Blaisy;C
52256;52;Lafauche;C
52257;52;Laferté-sur-Amance;C
52258;52;Laferté-sur-Aube;C
52260;52;Lamancine;C
52264;52;Laneuvelle;C
52265;52;Bayard-sur-Marne;C
52266;52;Laneuville-à-Rémy;C
52267;52;Laneuville-au-Pont;C
52269;52;Langres;C
52271;52;Lanques-sur-Rognon;C
52272;52;Lanty-sur-Aube;C
52273;52;Larivière-Arnoncourt;C
52274;52;Latrecey-Ormoy-sur-Aube;C
52275;52;Lavernoy;C
52276;52;Laville-aux-Bois;C
52277;52;Lavilleneuve;C
52278;52;Lavilleneuve-au-Roi;C
52280;52;Lecey;C
52282;52;Leffonds;C
52284;52;Leschères-sur-le-Blaiseron;C
52285;52;Leuchey;C
52286;52;Leurville;C
52287;52;Levécourt;C
52288;52;Lezéville;C
52289;52;Liffol-le-Petit;C
52290;52;Les Loges;C
52291;52;Longchamp;C
52292;52;Longeau-Percey;C
52294;52;Louvemont;C
52295;52;Louvières;C
52297;52;Luzy-sur-Marne;C
52298;52;Maâtz;C
52300;52;Magneux;C
52301;52;Maisoncelles;C
52302;52;Maizières;C
52303;52;Maizières-sur-Amance;C
52304;52;Malaincourt-sur-Meuse;C
52305;52;Mandres-la-Côte;C
52306;52;Manois;C
52307;52;Marac;C
52308;52;Maranville;C
52310;52;Marbéville;C
52311;52;Marcilly-en-Bassigny;C
52312;52;Mardor;C
52313;52;Mareilles;C
52315;52;Marnay-sur-Marne;C
52316;52;Mathons;C
52318;52;Melay;C
52319;52;Mennouveaux;C
52320;52;Merrey;C
52321;52;Mertrud;C
52322;52;Meures;C
52325;52;Millières;C
52326;52;Mirbel;C
52327;52;Moëslains;C
52328;52;Montcharvot;C
52330;52;Montheries;C
52331;52;La Porte du Der;C
52332;52;Val-de-Meuse;C
52335;52;Montot-sur-Rognon;C
52336;52;Montreuil-sur-Blaise;C
52337;52;Montreuil-sur-Thonnance;C
52341;52;Morancourt;C
52342;52;Morionvilliers;C
52344;52;Mouilleron;C
52346;52;Mussey-sur-Marne;C
52347;52;Narcy;C
52348;52;Neuilly-l'Évêque;C
52349;52;Neuilly-sur-Suize;C
52350;52;Neuvelle-lès-Voisey;C
52352;52;Ninville;C
52353;52;Nogent;C
52354;52;Noidant-Chatenoy;C
52355;52;Noidant-le-Rocheux;C
52356;52;Nomécourt;C
52357;52;Noncourt-sur-le-Rongeant;C
52358;52;Noyers;C
52359;52;Nully;C
52360;52;Occey;C
52362;52;Orbigny-au-Mont;C
52363;52;Orbigny-au-Val;C
52364;52;Orcevaux;C
52365;52;Orges;C
52366;52;Ormancey;C
52367;52;Ormoy-lès-Sexfontaines;C
52369;52;Orquevaux;C
52370;52;Osne-le-Val;C
52371;52;Oudincourt;C
52372;52;Outremécourt;C
52373;52;Ozières;C
52374;52;Le Pailly;C
52375;52;Palaiseul;C
52376;52;Pansey;C
52377;52;Parnoy-en-Bassigny;C
52378;52;Paroy-sur-Saulx;C
52380;52;Peigney;C
52383;52;Perrancey-les-Vieux-Moulins;C
52384;52;Perrogney-les-Fontaines;C
52385;52;Perrusse;C
52386;52;Perthes;C
52388;52;Pierremont-sur-Amance;C
52390;52;Pisseloup;C
52391;52;Planrupt;C
52392;52;Plesnoy;C
52393;52;Poinsenot;C
52394;52;Poinson-lès-Fayl;C
52395;52;Poinson-lès-Grancey;C
52396;52;Poinson-lès-Nogent;C
52397;52;Poiseul;C
52398;52;Poissons;C
52399;52;Pont-la-Ville;C
52400;52;Le Châtelet-sur-Meuse;C
52401;52;Poulangy;C
52403;52;Praslay;C
52405;52;Le Montsaugeonnais;C
52406;52;Pressigny;C
52407;52;Prez-sous-Lafauche;C
52411;52;Rives Dervoises;C
52413;52;Rachecourt-Suzémont;C
52414;52;Rachecourt-sur-Marne;C
52415;52;Rançonnières;C
52416;52;Rangecourt;C
52419;52;Rennepont;C
52420;52;Reynel;C
52421;52;Riaucourt;C
52422;52;Richebourg;C
52423;52;Rimaucourt;C
52424;52;Rivières-le-Bois;C
52425;52;Rivière-les-Fosses;C
52426;52;Rizaucourt-Buchey;C
52428;52;Rochefort-sur-la-Côte;C
52429;52;Roches-sur-Marne;C
52431;52;Rochetaillée;C
52432;52;Rolampont;C
52433;52;Romain-sur-Meuse;C
52436;52;Rouécourt;C
52437;52;Rouelles;C
52438;52;Rougeux;C
52439;52;Rouvres-sur-Aube;C
52440;52;Rouvroy-sur-Marne;C
52442;52;Rupt;C
52443;52;Sailly;C
52444;52;Saint-Blin;C
52445;52;Saint-Broingt-le-Bois;C
52446;52;Saint-Broingt-les-Fosses;C
52447;52;Saint-Ciergues;C
52448;52;Saint-Dizier;C
52449;52;Saints-Geosmes;C
52450;52;Saint-Loup-sur-Aujon;C
52452;52;Saint-Martin-lès-Langres;C
52453;52;Saint-Maurice;C
52455;52;Saint-Thiébault;C
52456;52;Saint-Urbain-Maconcourt;C
52457;52;Saint-Vallier-sur-Marne;C
52459;52;Sarcey;C
52461;52;Sarrey;C
52463;52;Saudron;C
52464;52;Saulles;C
52465;52;Saulxures;C
52467;52;Savigny;C
52468;52;Semilly;C
52469;52;Semoutiers-Montsaon;C
52470;52;Serqueux;C
52472;52;Sexfontaines;C
52473;52;Signéville;C
52474;52;Silvarouvres;C
52475;52;Sommancourt;C
52476;52;Sommerécourt;C
52479;52;Sommevoire;C
52480;52;Soncourt-sur-Marne;C
52482;52;Soulaucourt-sur-Mouzon;C
52483;52;Soyers;C
52484;52;Suzannecourt;C
52486;52;Ternat;C
52487;52;Thilleux;C
52488;52;Thivet;C
52489;52;Thol-lès-Millières;C
52490;52;Thonnance-lès-Joinville;C
52491;52;Thonnance-les-Moulins;C
52492;52;Torcenay;C
52493;52;Tornay;C
52494;52;Treix;C
52495;52;Trémilly;C
52497;52;Troisfontaines-la-Ville;C
52499;52;Vaillant;C
52500;52;Valcourt;C
52502;52;Valleret;C
52503;52;Valleroy;C
52504;52;Varennes-sur-Amance;C
52505;52;Vaudrecourt;C
52506;52;Vaudrémont;C
52507;52;Vauxbons;C
52510;52;Vaux-sur-Blaise;C
52511;52;Vaux-sur-Saint-Urbain;C
52512;52;Vecqueville;C
52513;52;Velles;C
52514;52;Verbiesles;C
52515;52;Verseilles-le-Bas;C
52516;52;Verseilles-le-Haut;C
52517;52;Vesaignes-sous-Lafauche;C
52518;52;Vesaignes-sur-Marne;C
52519;52;Vesvres-sous-Chalancey;C
52520;52;Vicq;C
52522;52;Viéville;C
52523;52;Vignes-la-Côte;C
52524;52;Vignory;C
52525;52;Villars-en-Azois;C
52526;52;Villars-Santenoge;C
52528;52;Ville-en-Blaisois;C
52529;52;Villegusien-le-Lac;C
52534;52;Villiers-en-Lieu;C
52535;52;Villiers-le-Sec;C
52536;52;Villiers-lès-Aprey;C
52538;52;Villiers-sur-Suize;C
52539;52;Violot;C
52540;52;Vitry-en-Montagne;C
52541;52;Vitry-lès-Nogent;C
52542;52;Vivey;C
52543;52;Voillecomte;C
52544;52;Voisey;C
52545;52;Voisines;C
52546;52;Voncourt;C
52547;52;Vouécourt;C
52548;52;Vraincourt;C
52549;52;Vroncourt-la-Côte;C
52550;52;Wassy;C
53001;53;Ahuillé;C
53002;53;Alexain;C
53003;53;Ambrières-les-Vallées;C
53005;53;Andouillé;C
53007;53;Argentré;C
53008;53;Aron;C
53009;53;Arquenay;C
53010;53;Assé-le-Bérenger;C
53011;53;Astillé;C
53012;53;Athée;C
53013;53;Averton;C
53015;53;La Baconnière;C
53016;53;Bais;C
53017;53;Val-du-Maine;C
53018;53;Ballots;C
53019;53;Bannes;C
53021;53;La Bazoge-Montpinçon;C
53022;53;La Bazouge-de-Chemeré;C
53023;53;La Bazouge-des-Alleux;C
53025;53;Bazougers;C
53026;53;Beaulieu-sur-Oudon;C
53027;53;Beaumont-Pied-de-Bœuf;C
53028;53;Belgeard;C
53029;53;Bierné-les-Villages;C
53030;53;Le Bignon-du-Maine;C
53031;53;La Bigottière;C
53033;53;La Boissière;C
53034;53;Bonchamp-lès-Laval;B1
53035;53;Bouchamps-lès-Craon;C
53036;53;Bouère;C
53037;53;Bouessay;C
53038;53;Boulay-les-Ifs;C
53039;53;Le Bourgneuf-la-Forêt;C
53040;53;Bourgon;C
53041;53;Brains-sur-les-Marches;C
53042;53;Brecé;C
53043;53;Brée;C
53045;53;La Brûlatte;C
53046;53;Le Buret;C
53047;53;Carelles;C
53048;53;Chailland;C
53049;53;Châlons-du-Maine;C
53051;53;Champéon;C
53052;53;Champfrémont;C
53053;53;Champgenéteux;C
53054;53;Changé;B1
53055;53;Chantrigné;C
53056;53;La Chapelle-Anthenaise;C
53057;53;La Chapelle-au-Riboul;C
53058;53;La Chapelle-Craonnaise;C
53059;53;La Chapelle-Rainsouin;C
53061;53;Charchigné;C
53062;53;Château-Gontier-sur-Mayenne;C
53063;53;Châtelain;C
53064;53;Châtillon-sur-Colmont;C
53066;53;Chemazé;C
53067;53;Chémeré-le-Roi;C
53068;53;Chérancé;C
53069;53;Chevaigné-du-Maine;C
53071;53;Colombiers-du-Plessis;C
53072;53;Commer;C
53073;53;Congrier;C
53074;53;Contest;C
53075;53;Cosmes;C
53076;53;Cossé-en-Champagne;C
53077;53;Cossé-le-Vivien;C
53078;53;Coudray;C
53079;53;Couesmes-Vaucé;C
53080;53;Couptrain;C
53082;53;Courbeveille;C
53083;53;Courcité;C
53084;53;Craon;C
53085;53;Crennes-sur-Fraubée;C
53086;53;La Croixille;C
53087;53;La Cropte;C
53088;53;Cuillé;C
53089;53;Daon;C
53090;53;Denazé;C
53091;53;Désertines;C
53093;53;La Dorée;C
53094;53;Entrammes;C
53096;53;Ernée;C
53097;53;Évron;C
53098;53;Fontaine-Couverte;C
53099;53;Forcé;C
53100;53;Fougerolles-du-Plessis;C
53101;53;Fromentières;C
53102;53;Gastines;C
53103;53;Le Genest-Saint-Isle;C
53104;53;Gennes-Longuefuye;C
53105;53;Gesnes;C
53106;53;Gesvres;C
53107;53;Gorron;C
53108;53;La Gravelle;C
53109;53;Grazay;C
53110;53;Grez-en-Bouère;C
53111;53;La Haie-Traversaine;C
53112;53;Le Ham;C
53113;53;Hambers;C
53114;53;Hardanges;C
53115;53;Hercé;C
53116;53;Le Horps;C
53117;53;Houssay;C
53118;53;Le Housseau-Brétignolles;C
53119;53;L'Huisserie;B1
53120;53;Izé;C
53121;53;Javron-les-Chapelles;C
53122;53;Jublains;C
53123;53;Juvigné;C
53124;53;Prée-d'Anjou;C
53125;53;Landivy;C
53126;53;Larchamp;C
53127;53;Lassay-les-Châteaux;C
53128;53;Laubrières;C
53129;53;Launay-Villiers;C
53130;53;Laval;B1
53131;53;Lesbois;C
53132;53;Levaré;C
53133;53;Lignières-Orgères;C
53134;53;Livet;C
53135;53;Livré-la-Touche;C
53136;53;La Roche-Neuville;C
53137;53;Loiron-Ruillé;C
53139;53;Loupfougères;C
53140;53;Louverné;B1
53141;53;Louvigné;C
53142;53;Madré;C
53143;53;Maisoncelles-du-Maine;C
53144;53;Marcillé-la-Ville;C
53145;53;Marigné-Peuton;C
53146;53;Martigné-sur-Mayenne;C
53147;53;Mayenne;C
53148;53;Mée;C
53150;53;Ménil;C
53151;53;Méral;C
53152;53;Meslay-du-Maine;C
53153;53;Mézangers;C
53154;53;Montaudin;C
53155;53;Montenay;C
53156;53;Montflours;C
53157;53;Montigné-le-Brillant;C
53158;53;Montjean;C
53160;53;Montreuil-Poulay;C
53161;53;Montsûrs;C
53162;53;Moulay;C
53163;53;Neau;C
53164;53;Neuilly-le-Vendin;C
53165;53;Niafles;C
53168;53;Nuillé-sur-Vicoin;C
53169;53;Olivet;C
53170;53;Oisseau;C
53172;53;Origné;C
53173;53;La Pallu;C
53174;53;Parigné-sur-Braye;C
53175;53;Parné-sur-Roc;C
53176;53;Le Pas;C
53177;53;La Pellerine;C
53178;53;Peuton;C
53179;53;Placé;C
53180;53;Pommerieux;C
53181;53;Pontmain;C
53182;53;Port-Brillet;C
53184;53;Préaux;C
53185;53;Pré-en-Pail-Saint-Samson;C
53186;53;Quelaines-Saint-Gault;C
53187;53;Ravigny;C
53188;53;Renazé;C
53189;53;Rennes-en-Grenouilles;C
53190;53;Le Ribay;C
53191;53;La Roë;C
53192;53;La Rouaudière;C
53193;53;Ruillé-Froid-Fonds;C
53195;53;Sacé;C
53196;53;Saint-Aignan-de-Couptrain;C
53197;53;Saint-Aignan-sur-Roë;C
53198;53;Saint-Aubin-du-Désert;C
53199;53;Saint-Aubin-Fosse-Louvain;C
53200;53;Saint-Baudelle;C
53201;53;Saint-Berthevin;B1
53202;53;Saint-Berthevin-la-Tannière;C
53203;53;Saint-Brice;C
53204;53;Saint-Calais-du-Désert;C
53206;53;Saint-Charles-la-Forêt;C
53208;53;Saint-Cyr-en-Pail;C
53209;53;Saint-Cyr-le-Gravelais;C
53210;53;Saint-Denis-d'Anjou;C
53211;53;Saint-Denis-de-Gastines;C
53212;53;Saint-Denis-du-Maine;C
53213;53;Saint-Ellier-du-Maine;C
53214;53;Saint-Erblon;C
53216;53;Saint-Fraimbault-de-Prières;C
53218;53;Sainte-Gemmes-le-Robert;C
53219;53;Saint-Georges-Buttavent;C
53220;53;Saint-Georges-le-Fléchard;C
53221;53;Saint-Georges-sur-Erve;C
53222;53;Saint-Germain-d'Anxure;C
53223;53;Saint-Germain-de-Coulamer;C
53224;53;Saint-Germain-le-Fouilloux;C
53225;53;Saint-Germain-le-Guillaume;C
53226;53;Saint-Hilaire-du-Maine;C
53228;53;Blandouet-Saint Jean;C
53229;53;Saint-Jean-sur-Mayenne;C
53230;53;Saint-Julien-du-Terroux;C
53232;53;Saint-Léger;C
53233;53;Saint-Loup-du-Dorat;C
53234;53;Saint-Loup-du-Gast;C
53235;53;Sainte-Marie-du-Bois;C
53236;53;Saint-Mars-du-Désert;C
53237;53;Saint-Mars-sur-Colmont;C
53238;53;Saint-Mars-sur-la-Futaie;C
53240;53;Saint-Martin-du-Limet;C
53242;53;Saint-Michel-de-la-Roë;C
53243;53;Saint-Ouën-des-Toits;C
53245;53;Saint-Pierre-des-Landes;C
53246;53;Saint-Pierre-des-Nids;C
53247;53;Saint-Pierre-la-Cour;C
53248;53;Saint-Pierre-sur-Erve;C
53249;53;Vimartin-sur-Orthe;C
53250;53;Saint-Poix;C
53251;53;Saint-Quentin-les-Anges;C
53253;53;Saint-Saturnin-du-Limet;C
53255;53;Sainte-Suzanne-et-Chammes;C
53256;53;Saint-Thomas-de-Courceriers;C
53257;53;Saulges;C
53258;53;La Selle-Craonnaise;C
53259;53;Senonnes;C
53260;53;Simplé;C
53261;53;Soucé;C
53262;53;Soulgé-sur-Ouette;C
53263;53;Thubœuf;C
53264;53;Thorigné-en-Charnie;C
53265;53;Torcé-Viviers-en-Charnie;C
53266;53;Trans;C
53267;53;Vaiges;C
53269;53;Vautorte;C
53270;53;Vieuvy;C
53271;53;Villaines-la-Juhel;C
53272;53;Villepail;C
53273;53;Villiers-Charlemagne;C
53276;53;Voutré;C
54001;54;Abaucourt;C
54002;54;Abbéville-lès-Conflans;C
54003;54;Aboncourt;C
54004;54;Affléville;C
54005;54;Affracourt;C
54006;54;Agincourt;C
54007;54;Aingeray;C
54008;54;Allain;C
54009;54;Allamont;C
54010;54;Allamps;C
54011;54;Allondrelle-la-Malmaison;C
54012;54;Amance;C
54013;54;Amenoncourt;C
54014;54;Ancerviller;C
54015;54;Anderny;C
54016;54;Andilly;C
54017;54;Angomont;C
54018;54;Anoux;C
54019;54;Ansauville;C
54020;54;Anthelupt;C
54021;54;Armaucourt;C
54022;54;Arnaville;C
54023;54;Arracourt;C
54024;54;Arraye-et-Han;C
54025;54;Art-sur-Meurthe;B2
54026;54;Athienville;C
54027;54;Atton;C
54028;54;Auboué;B2
54029;54;Audun-le-Roman;C
54030;54;Autrepierre;C
54031;54;Autreville-sur-Moselle;C
54032;54;Autrey;C
54033;54;Avillers;C
54034;54;Avrainville;C
54035;54;Avricourt;C
54036;54;Avril;C
54037;54;Azelot;C
54038;54;Azerailles;C
54039;54;Baccarat;C
54040;54;Badonviller;C
54041;54;Bagneux;C
54042;54;Bainville-aux-Miroirs;C
54043;54;Bainville-sur-Madon;B2
54044;54;Barbas;C
54045;54;Barbonville;C
54046;54;Barisey-au-Plain;C
54047;54;Barisey-la-Côte;C
54048;54;Les Baroches;C
54049;54;Baslieux;C
54050;54;Bathelémont;C
54051;54;Batilly;C
54052;54;Battigny;C
54053;54;Bauzemont;C
54054;54;Bayon;C
54055;54;Bayonville-sur-Mad;C
54056;54;Bazailles;C
54057;54;Beaumont;C
54058;54;Béchamps;C
54059;54;Belleau;C
54060;54;Belleville;B2
54061;54;Bénaménil;C
54062;54;Benney;C
54063;54;Bernécourt;C
54064;54;Bertrambois;C
54065;54;Bertrichamps;C
54066;54;Bettainvillers;C
54067;54;Beuveille;C
54068;54;Beuvezin;C
54069;54;Beuvillers;C
54070;54;Bey-sur-Seille;C
54071;54;Bezange-la-Grande;C
54072;54;Bezaumont;C
54073;54;Bicqueley;C
54074;54;Bienville-la-Petite;C
54075;54;Bionville;C
54076;54;Blainville-sur-l'Eau;C
54077;54;Blâmont;C
54078;54;Blémerey;C
54079;54;Blénod-lès-Pont-à-Mousson;B2
54080;54;Blénod-lès-Toul;C
54081;54;Boismont;C
54082;54;Boncourt;C
54083;54;Bonviller;C
54084;54;Mont-Bonvillers;C
54085;54;Borville;C
54086;54;Boucq;C
54087;54;Bouillonville;C
54088;54;Bouvron;C
54089;54;Bouxières-aux-Chênes;C
54090;54;Bouxières-aux-Dames;B2
54091;54;Bouxières-sous-Froidmont;C
54092;54;Bouzanville;C
54093;54;Brainville;C
54094;54;Bralleville;C
54095;54;Bratte;C
54096;54;Bréhain-la-Ville;C
54097;54;Bréménil;C
54098;54;Brémoncourt;C
54099;54;Val de Briey;B2
54100;54;Brin-sur-Seille;C
54101;54;Brouville;C
54102;54;Bruley;C
54103;54;Bruville;C
54104;54;Buissoncourt;C
54105;54;Bulligny;C
54106;54;Bures;C
54107;54;Buriville;C
54108;54;Burthecourt-aux-Chênes;C
54109;54;Ceintrey;C
54110;54;Cerville;C
54111;54;Chaligny;B2
54112;54;Chambley-Bussières;C
54113;54;Champenoux;C
54114;54;Champey-sur-Moselle;C
54115;54;Champigneulles;B2
54116;54;Chanteheux;B2
54117;54;Chaouilley;C
54118;54;Charency-Vezin;C
54119;54;Charey;C
54120;54;Charmes-la-Côte;C
54121;54;Charmois;C
54122;54;Chaudeney-sur-Moselle;C
54123;54;Chavigny;B2
54124;54;Chazelles-sur-Albe;C
54125;54;Chenevières;C
54126;54;Chenicourt;C
54127;54;Chenières;C
54128;54;Choloy-Ménillot;C
54129;54;Cirey-sur-Vezouze;C
54130;54;Clayeures;C
54131;54;Clémery;C
54132;54;Clérey-sur-Brenon;C
54133;54;Coincourt;C
54134;54;Colmey;C
54135;54;Colombey-les-Belles;C
54136;54;Conflans-en-Jarnisy;C
54137;54;Cons-la-Grandville;C
54138;54;Cosnes-et-Romain;B2
54139;54;Courbesseaux;C
54140;54;Courcelles;C
54141;54;Coyviller;C
54142;54;Crantenoy;C
54143;54;Crépey;C
54144;54;Crévéchamps;C
54145;54;Crévic;C
54146;54;Crézilles;C
54147;54;Crion;C
54148;54;Croismare;C
54149;54;Crusnes;C
54150;54;Custines;B2
54151;54;Cutry;C
54152;54;Damelevières;C
54153;54;Dampvitoux;C
54154;54;Deneuvre;C
54155;54;Deuxville;C
54156;54;Diarville;C
54157;54;Dieulouard;B2
54158;54;Dolcourt;C
54159;54;Dombasle-sur-Meurthe;B2
54160;54;Domèvre-en-Haye;C
54161;54;Domèvre-sur-Vezouze;C
54162;54;Domgermain;C
54163;54;Domjevin;C
54164;54;Dommarie-Eulmont;C
54165;54;Dommartemont;B2
54166;54;Dommartin-la-Chaussée;C
54167;54;Dommartin-lès-Toul;B2
54168;54;Dommartin-sous-Amance;C
54169;54;Domprix;C
54170;54;Domptail-en-l'Air;C
54171;54;Doncourt-lès-Conflans;C
54172;54;Doncourt-lès-Longuyon;C
54173;54;Drouville;C
54174;54;Écrouves;B2
54175;54;Einvaux;C
54176;54;Einville-au-Jard;C
54177;54;Emberménil;C
54178;54;Épiez-sur-Chiers;C
54179;54;Éply;C
54180;54;Erbéviller-sur-Amezule;C
54181;54;Errouville;C
54182;54;Essey-et-Maizerais;C
54183;54;Essey-la-Côte;C
54184;54;Essey-lès-Nancy;B1
54185;54;Étreval;C
54186;54;Eulmont;B2
54187;54;Euvezin;C
54188;54;Faulx;C
54189;54;Favières;C
54190;54;Fécocourt;C
54191;54;Fenneviller;C
54192;54;Ferrières;C
54193;54;Fey-en-Haye;C
54194;54;Fillières;C
54195;54;Flainval;C
54196;54;Flavigny-sur-Moselle;C
54197;54;Fléville-devant-Nancy;B2
54198;54;Fléville-Lixières;C
54199;54;Flin;C
54200;54;Flirey;C
54201;54;Fontenoy-la-Joûte;C
54202;54;Fontenoy-sur-Moselle;C
54203;54;Forcelles-Saint-Gorgon;C
54204;54;Forcelles-sous-Gugney;C
54205;54;Foug;C
54206;54;Fraimbois;C
54207;54;Fraisnes-en-Saintois;C
54208;54;Francheville;C
54209;54;Franconville;C
54210;54;Fréménil;C
54211;54;Frémonville;C
54212;54;Fresnois-la-Montagne;C
54213;54;Friauville;C
54214;54;Frolois;C
54215;54;Frouard;B2
54216;54;Froville;C
54217;54;Gélacourt;C
54218;54;Gélaucourt;C
54219;54;Gellenoncourt;C
54220;54;Gémonville;C
54221;54;Gerbécourt-et-Haplemont;C
54222;54;Gerbéviller;C
54223;54;Germiny;C
54224;54;Germonville;C
54225;54;Gézoncourt;C
54226;54;Gibeaumeix;C
54227;54;Giraumont;C
54228;54;Giriviller;C
54229;54;Glonville;C
54230;54;Gogney;C
54231;54;Gondrecourt-Aix;C
54232;54;Gondreville;B2
54233;54;Gondrexon;C
54234;54;Gorcy;B2
54235;54;Goviller;C
54236;54;Grand-Failly;C
54237;54;Grimonviller;C
54238;54;Gripport;C
54239;54;Griscourt;C
54240;54;Grosrouvres;C
54241;54;Gugney;C
54242;54;Gye;C
54243;54;Hablainville;C
54244;54;Hagéville;C
54245;54;Haigneville;C
54246;54;Halloville;C
54247;54;Hammeville;C
54248;54;Hamonville;C
54249;54;Hannonville-Suzémont;C
54250;54;Haraucourt;C
54251;54;Harbouey;C
54252;54;Haroué;C
54253;54;Hatrize;C
54254;54;Haucourt-Moulaine;B2
54255;54;Haudonville;C
54256;54;Haussonville;C
54257;54;Heillecourt;B2
54258;54;Hénaménil;C
54259;54;Herbéviller;C
54260;54;Hériménil;C
54261;54;Herserange;B1
54262;54;Hoéville;C
54263;54;Homécourt;B2
54264;54;Houdelmont;C
54265;54;Houdemont;B2
54266;54;Houdreville;C
54268;54;Housséville;C
54269;54;Hudiviller;C
54270;54;Hussigny-Godbrange;B2
54271;54;Igney;C
54272;54;Jaillon;C
54273;54;Jarny;C
54274;54;Jarville-la-Malgrange;B1
54275;54;Jaulny;C
54276;54;Jeandelaincourt;C
54277;54;Jeandelize;C
54278;54;Jevoncourt;C
54279;54;Jezainville;C
54280;54;Jœuf;B2
54281;54;Jolivet;C
54282;54;Joppécourt;C
54283;54;Jouaville;C
54284;54;Joudreville;C
54285;54;Juvrecourt;C
54286;54;Labry;C
54287;54;Lachapelle;C
54288;54;Lagney;C
54289;54;Laître-sous-Amance;C
54290;54;Laix;C
54291;54;Lalœuf;C
54292;54;Lamath;C
54293;54;Landécourt;C
54294;54;Landremont;C
54295;54;Landres;C
54296;54;Laneuvelotte;C
54297;54;Laneuveville-aux-Bois;C
54298;54;Laneuveville-derrière-Foug;C
54299;54;Laneuveville-devant-Bayon;C
54300;54;Laneuveville-devant-Nancy;B2
54301;54;Lanfroicourt;C
54302;54;Lantéfontaine;C
54303;54;Laronxe;C
54304;54;Laxou;B1
54305;54;Lay-Saint-Christophe;B2
54306;54;Lay-Saint-Remy;C
54307;54;Lebeuville;C
54308;54;Leintrey;C
54309;54;Lemainville;C
54310;54;Leménil-Mitry;C
54311;54;Lenoncourt;C
54312;54;Lesménils;C
54313;54;Létricourt;C
54314;54;Lexy;B2
54315;54;Leyr;C
54316;54;Limey-Remenauville;C
54317;54;Lironville;C
54318;54;Liverdun;B2
54320;54;Loisy;C
54321;54;Longlaville;B2
54322;54;Longuyon;C
54323;54;Longwy;B1
54324;54;Lorey;C
54325;54;Loromontzey;C
54326;54;Lubey;C
54327;54;Lucey;C
54328;54;Ludres;B2
54329;54;Lunéville;B2
54330;54;Lupcourt;C
54331;54;Magnières;C
54332;54;Maidières;B2
54333;54;Mailly-sur-Seille;C
54334;54;Mairy-Mainville;C
54335;54;Maixe;C
54336;54;Maizières;C
54337;54;Malavillers;C
54338;54;Malleloy;B2
54339;54;Malzéville;B1
54340;54;Mamey;C
54343;54;Mandres-aux-Quatre-Tours;C
54344;54;Mangonville;C
54345;54;Manoncourt-en-Vermois;C
54346;54;Manoncourt-en-Woëvre;C
54348;54;Manonville;C
54349;54;Manonviller;C
54350;54;Marainviller;C
54351;54;Marbache;B2
54352;54;Maron;C
54353;54;Mars-la-Tour;C
54354;54;Marthemont;C
54355;54;Martincourt;C
54356;54;Mattexey;C
54357;54;Maxéville;B1
54358;54;Mazerulles;C
54359;54;Méhoncourt;C
54360;54;Ménil-la-Tour;C
54362;54;Mercy-le-Bas;C
54363;54;Mercy-le-Haut;C
54364;54;Méréville;C
54365;54;Merviller;C
54366;54;Messein;B2
54367;54;Mexy;B2
54368;54;Mignéville;C
54369;54;Millery;C
54370;54;Minorville;C
54371;54;Moineville;C
54372;54;Moivrons;C
54373;54;Moncel-lès-Lunéville;C
54374;54;Moncel-sur-Seille;C
54375;54;Montauville;B2
54376;54;Montenoy;C
54377;54;Montigny;C
54378;54;Montigny-sur-Chiers;C
54379;54;Mont-l'Étroit;C
54380;54;Mont-le-Vignoble;C
54381;54;Montreux;C
54382;54;Mont-Saint-Martin;B1
54383;54;Mont-sur-Meurthe;C
54385;54;Morfontaine;C
54386;54;Moriviller;C
54387;54;Morville-sur-Seille;C
54388;54;Mouacourt;C
54389;54;Mouaville;C
54390;54;Mousson;C
54391;54;Moutiers;B2
54392;54;Moutrot;C
54393;54;Moyen;C
54394;54;Murville;C
54395;54;Nancy;B1
54396;54;Neufmaisons;C
54397;54;Neuves-Maisons;B2
54398;54;Neuviller-lès-Badonviller;C
54399;54;Neuviller-sur-Moselle;C
54400;54;Nomeny;C
54401;54;Nonhigny;C
54402;54;Norroy-le-Sec;C
54403;54;Norroy-lès-Pont-à-Mousson;C
54404;54;Noviant-aux-Prés;C
54405;54;Ochey;C
54406;54;Ogéviller;C
54407;54;Ognéville;C
54408;54;Olley;C
54409;54;Omelmont;C
54410;54;Onville;C
54411;54;Ormes-et-Ville;C
54412;54;Othe;C
54413;54;Ozerailles;C
54414;54;Pagney-derrière-Barine;C
54415;54;Pagny-sur-Moselle;C
54416;54;Pannes;C
54417;54;Parey-Saint-Césaire;C
54418;54;Parroy;C
54419;54;Parux;C
54420;54;Petit-Failly;C
54421;54;Petitmont;C
54422;54;Pettonville;C
54423;54;Pexonne;C
54424;54;Phlin;C
54425;54;Piennes;C
54426;54;Pierre-la-Treiche;C
54427;54;Pierre-Percée;C
54428;54;Pierrepont;C
54429;54;Pierreville;C
54430;54;Pompey;B2
54431;54;Pont-à-Mousson;B2
54432;54;Pont-Saint-Vincent;B2
54433;54;Port-sur-Seille;C
54434;54;Praye;C
54435;54;Prény;C
54436;54;Preutin-Higny;C
54437;54;Pulligny;C
54438;54;Pulney;C
54439;54;Pulnoy;B2
54440;54;Puxe;C
54441;54;Puxieux;C
54442;54;Quevilloncourt;C
54443;54;Raon-lès-Leau;C
54444;54;Raucourt;C
54445;54;Raville-sur-Sânon;C
54446;54;Réchicourt-la-Petite;C
54447;54;Réclonville;C
54449;54;Rehainviller;C
54450;54;Reherrey;C
54451;54;Réhon;B2
54452;54;Reillon;C
54453;54;Rembercourt-sur-Mad;C
54455;54;Remenoville;C
54456;54;Réméréville;C
54457;54;Remoncourt;C
54458;54;Repaix;C
54459;54;Richardménil;C
54460;54;Rogéville;C
54461;54;Romain;C
54462;54;Rosières-aux-Salines;B2
54463;54;Rosières-en-Haye;C
54464;54;Rouves;C
54465;54;Roville-devant-Bayon;C
54466;54;Royaumeix;C
54467;54;Rozelieures;C
54468;54;Saffais;C
54469;54;Saint-Ail;B2
54470;54;Saint-Baussant;C
54471;54;Saint-Boingt;C
54472;54;Saint-Clément;C
54473;54;Saint-Firmin;C
54474;54;Sainte-Geneviève;C
54475;54;Saint-Germain;C
54476;54;Saint-Jean-lès-Longuyon;C
54477;54;Saint-Julien-lès-Gorze;C
54478;54;Saint-Marcel;C
54479;54;Saint-Mard;C
54480;54;Saint-Martin;C
54481;54;Saint-Maurice-aux-Forges;C
54482;54;Saint-Max;B1
54483;54;Saint-Nicolas-de-Port;B2
54484;54;Sainte-Pôle;C
54485;54;Saint-Pancré;C
54486;54;Saint-Remimont;C
54487;54;Saint-Rémy-aux-Bois;C
54488;54;Saint-Sauveur;C
54489;54;Saint-Supplet;C
54490;54;Saizerais;C
54491;54;Sancy;C
54492;54;Sanzey;C
54493;54;Saulnes;B2
54494;54;Saulxerotte;C
54495;54;Saulxures-lès-Nancy;B2
54496;54;Saulxures-lès-Vannes;C
54497;54;Saxon-Sion;C
54498;54;Seichamps;B2
54499;54;Seicheprey;C
54500;54;Selaincourt;C
54501;54;Seranville;C
54502;54;Serres;C
54504;54;Serrouville;C
54505;54;Sexey-aux-Forges;C
54507;54;Sionviller;C
54508;54;Sivry;C
54509;54;Sommerviller;C
54510;54;Sornéville;C
54511;54;Sponville;C
54512;54;Tanconville;C
54513;54;Tantonville;C
54514;54;Tellancourt;C
54515;54;Thélod;C
54516;54;They-sous-Vaudemont;C
54517;54;Thézey-Saint-Martin;C
54518;54;Thiaucourt-Regniéville;C
54519;54;Thiaville-sur-Meurthe;C
54520;54;Thiébauménil;C
54521;54;Thil;B2
54522;54;Thorey-Lyautey;C
54523;54;Thuilley-aux-Groseilles;C
54524;54;Thumeréville;C
54525;54;Tiercelet;C
54526;54;Tomblaine;B1
54527;54;Tonnoy;C
54528;54;Toul;B2
54529;54;Tramont-Émy;C
54530;54;Tramont-Lassus;C
54531;54;Tramont-Saint-André;C
54532;54;Tremblecourt;C
54533;54;Trieux;C
54534;54;Trondes;C
54535;54;Tronville;C
54536;54;Tucquegnieux;C
54537;54;Ugny;C
54538;54;Uruffe;C
54539;54;Vacqueville;C
54540;54;Val-et-Châtillon;C
54541;54;Valhey;C
54542;54;Valleroy;C
54543;54;Vallois;C
54544;54;Vandelainville;C
54545;54;Vandeléville;C
54546;54;Vandières;C
54547;54;Vandœuvre-lès-Nancy;B1
54548;54;Vannes-le-Châtel;C
54549;54;Varangéville;B2
54550;54;Vathiménil;C
54551;54;Vaucourt;C
54552;54;Vaudémont;C
54553;54;Vaudeville;C
54554;54;Vaudigny;C
54555;54;Vaxainville;C
54556;54;Vého;C
54557;54;Bois-de-Haye;C
54558;54;Velaine-sous-Amance;C
54559;54;Velle-sur-Moselle;C
54560;54;Veney;C
54561;54;Vennezey;C
54562;54;Verdenal;C
54563;54;Vézelise;C
54564;54;Viéville-en-Haye;C
54565;54;Vigneulles;C
54566;54;Vilcey-sur-Trey;C
54567;54;Villacourt;C
54568;54;Ville-au-Montois;C
54569;54;Ville-au-Val;C
54570;54;Villecey-sur-Mad;C
54571;54;Ville-en-Vermois;C
54572;54;Ville-Houdlémont;C
54573;54;Villers-en-Haye;C
54574;54;Villers-la-Chèvre;C
54575;54;Villers-la-Montagne;C
54576;54;Villers-le-Rond;C
54577;54;Villers-lès-Moivrons;C
54578;54;Villers-lès-Nancy;B1
54579;54;Villers-sous-Prény;C
54580;54;Villerupt;B1
54581;54;Ville-sur-Yron;C
54582;54;Villette;C
54583;54;Villey-le-Sec;C
54584;54;Villey-Saint-Étienne;C
54585;54;Virecourt;C
54586;54;Viterne;C
54587;54;Vitrey;C
54588;54;Vitrimont;C
54589;54;Vittonville;C
54590;54;Viviers-sur-Chiers;C
54591;54;Voinémont;C
54592;54;Vroncourt;C
54593;54;Waville;C
54594;54;Xammes;C
54595;54;Xermaménil;C
54596;54;Xeuilley;C
54597;54;Xirocourt;C
54598;54;Xivry-Circourt;C
54599;54;Xonville;C
54600;54;Xousse;C
54601;54;Xures;C
54602;54;Han-devant-Pierrepont;C
55001;55;Abainville;C
55002;55;Abaucourt-Hautecourt;C
55004;55;Aincreville;C
55005;55;Amanty;C
55007;55;Ambly-sur-Meuse;C
55008;55;Amel-sur-l'Étang;C
55009;55;Ancemont;C
55010;55;Ancerville;C
55011;55;Andernay;C
55012;55;Apremont-la-Forêt;C
55013;55;Arrancy-sur-Crusnes;C
55014;55;Aubréville;C
55015;55;Aulnois-en-Perthois;C
55017;55;Autrécourt-sur-Aire;C
55018;55;Autréville-Saint-Lambert;C
55021;55;Avillers-Sainte-Croix;C
55022;55;Avioth;C
55023;55;Avocourt;C
55024;55;Azannes-et-Soumazannes;C
55025;55;Baâlon;C
55026;55;Badonvilliers-Gérauvilliers;C
55027;55;Bannoncourt;C
55028;55;Bantheville;C
55029;55;Bar-le-Duc;C
55031;55;Baudonvilliers;C
55032;55;Baudrémont;C
55033;55;Baulny;C
55034;55;Bazeilles-sur-Othain;C
55035;55;Bazincourt-sur-Saulx;C
55036;55;Beauclair;C
55037;55;Beaufort-en-Argonne;C
55038;55;Beaulieu-en-Argonne;C
55039;55;Beaumont-en-Verdunois;C
55040;55;Beausite;C
55041;55;Behonne;C
55042;55;Belleray;C
55043;55;Belleville-sur-Meuse;C
55044;55;Belrain;C
55045;55;Belrupt-en-Verdunois;C
55046;55;Beney-en-Woëvre;C
55047;55;Béthelainville;C
55048;55;Béthincourt;C
55049;55;Beurey-sur-Saulx;C
55050;55;Bezonvaux;C
55051;55;Biencourt-sur-Orge;C
55053;55;Billy-sous-Mangiennes;C
55054;55;Bislée;C
55055;55;Blanzée;C
55057;55;Boinville-en-Woëvre;C
55058;55;Boncourt-sur-Meuse;C
55059;55;Bonnet;C
55060;55;Bonzée;C
55061;55;Le Bouchon-sur-Saulx;C
55062;55;Bouconville-sur-Madt;C
55063;55;Bouligny;C
55064;55;Bouquemont;C
55065;55;Boureuilles;C
55066;55;Bovée-sur-Barboure;C
55067;55;Boviolles;C
55068;55;Brabant-en-Argonne;C
55069;55;Brabant-le-Roi;C
55070;55;Brabant-sur-Meuse;C
55071;55;Brandeville;C
55072;55;Braquis;C
55073;55;Bras-sur-Meuse;C
55075;55;Brauvilliers;C
55076;55;Bréhéville;C
55077;55;Breux;C
55078;55;Brieulles-sur-Meuse;C
55079;55;Brillon-en-Barrois;C
55080;55;Brixey-aux-Chanoines;C
55081;55;Brizeaux;C
55082;55;Brocourt-en-Argonne;C
55083;55;Brouennes;C
55084;55;Broussey-en-Blois;C
55085;55;Broussey-Raulecourt;C
55087;55;Bure;C
55088;55;Burey-en-Vaux;C
55089;55;Burey-la-Côte;C
55093;55;Buxières-sous-les-Côtes;C
55094;55;Buzy-Darmont;C
55095;55;Cesse;C
55096;55;Chaillon;C
55097;55;Chalaines;C
55099;55;Champneuville;C
55100;55;Champougny;C
55101;55;Chardogne;C
55102;55;Charny-sur-Meuse;C
55103;55;Charpentry;C
55104;55;Chassey-Beaupré;C
55105;55;Châtillon-sous-les-Côtes;C
55106;55;Chattancourt;C
55107;55;Chaumont-devant-Damvillers;C
55108;55;Chaumont-sur-Aire;C
55109;55;Chauvency-le-Château;C
55110;55;Chauvency-Saint-Hubert;C
55111;55;Chauvoncourt;C
55113;55;Cheppy;C
55114;55;Chonville-Malaumont;C
55115;55;Cierges-sous-Montfaucon;C
55116;55;Le Claon;C
55117;55;Clermont-en-Argonne;C
55118;55;Cléry-le-Grand;C
55119;55;Cléry-le-Petit;C
55120;55;Combles-en-Barrois;C
55121;55;Combres-sous-les-Côtes;C
55122;55;Commercy;C
55123;55;Les Hauts-de-Chée;C
55124;55;Consenvoye;C
55125;55;Contrisson;C
55127;55;Courcelles-en-Barrois;C
55128;55;Courcelles-sur-Aire;C
55129;55;Courouvre;C
55132;55;Cousances-les-Forges;C
55133;55;Couvertpuis;C
55134;55;Couvonges;C
55137;55;Cuisy;C
55138;55;Culey;C
55139;55;Cumières-le-Mort-Homme;C
55140;55;Cunel;C
55141;55;Dagonville;C
55142;55;Dainville-Bertheléville;C
55143;55;Damloup;C
55144;55;Dammarie-sur-Saulx;C
55145;55;Damvillers;C
55146;55;Dannevoux;C
55148;55;Delouze-Rosières;C
55149;55;Delut;C
55150;55;Demange-Baudignécourt;C
55153;55;Dieppe-sous-Douaumont;C
55154;55;Dieue-sur-Meuse;C
55155;55;Dombasle-en-Argonne;C
55156;55;Dombras;C
55157;55;Dommartin-la-Montagne;C
55158;55;Dommary-Baroncourt;C
55159;55;Dompcevrin;C
55160;55;Dompierre-aux-Bois;C
55162;55;Domremy-la-Canne;C
55163;55;Doncourt-aux-Templiers;C
55165;55;Doulcon;C
55166;55;Dugny-sur-Meuse;C
55167;55;Dun-sur-Meuse;C
55168;55;Duzey;C
55169;55;Écouviez;C
55170;55;Écurey-en-Verdunois;C
55171;55;Eix;C
55172;55;Les Éparges;C
55173;55;Épiez-sur-Meuse;C
55174;55;Épinonville;C
55175;55;Érize-la-Brûlée;C
55177;55;Érize-la-Petite;C
55178;55;Érize-Saint-Dizier;C
55179;55;Erneville-aux-Bois;C
55180;55;Esnes-en-Argonne;C
55181;55;Étain;C
55182;55;Éton;C
55183;55;Étraye;C
55184;55;Euville;C
55185;55;Èvres;C
55186;55;Fains-Véel;C
55188;55;Flassigny;C
55189;55;Fleury-devant-Douaumont;C
55191;55;Foameix-Ornel;C
55192;55;Fontaines-Saint-Clair;C
55193;55;Forges-sur-Meuse;C
55194;55;Foucaucourt-sur-Thabas;C
55195;55;Fouchères-aux-Bois;C
55196;55;Frémeréville-sous-les-Côtes;C
55197;55;Fresnes-au-Mont;C
55198;55;Fresnes-en-Woëvre;C
55199;55;Froidos;C
55200;55;Fromeréville-les-Vallons;C
55201;55;Fromezey;C
55202;55;Futeau;C
55204;55;Génicourt-sur-Meuse;C
55206;55;Gercourt-et-Drillancourt;C
55207;55;Géry;C
55208;55;Gesnes-en-Argonne;C
55210;55;Gimécourt;C
55211;55;Gincrey;C
55212;55;Girauvoisin;C
55214;55;Givrauval;C
55215;55;Gondrecourt-le-Château;C
55216;55;Gouraincourt;C
55217;55;Goussaincourt;C
55218;55;Gremilly;C
55219;55;Grimaucourt-en-Woëvre;C
55220;55;Grimaucourt-près-Sampigny;C
55221;55;Guerpont;C
55222;55;Gussainville;C
55224;55;Haironville;C
55225;55;Halles-sous-les-Côtes;C
55226;55;Han-lès-Juvigny;C
55228;55;Hannonville-sous-les-Côtes;C
55229;55;Han-sur-Meuse;C
55232;55;Harville;C
55236;55;Haudainville;C
55237;55;Haudiomont;C
55239;55;Haumont-près-Samogneux;C
55241;55;Heippes;C
55242;55;Hennemont;C
55243;55;Herbeuville;C
55244;55;Herméville-en-Woëvre;C
55245;55;Heudicourt-sous-les-Côtes;C
55246;55;Hévilliers;C
55247;55;Horville-en-Ornois;C
55248;55;Houdelaincourt;C
55250;55;Inor;C
55251;55;Ippécourt;C
55252;55;Iré-le-Sec;C
55253;55;Les Islettes;C
55254;55;Les Trois-Domaines;C
55255;55;Jametz;C
55256;55;Jonville-en-Woëvre;C
55257;55;Jouy-en-Argonne;C
55258;55;Geville;C
55260;55;Julvécourt;C
55261;55;Juvigny-en-Perthois;C
55262;55;Juvigny-sur-Loison;C
55263;55;Kœur-la-Grande;C
55264;55;Kœur-la-Petite;C
55265;55;Labeuville;C
55266;55;Lachalade;C
55267;55;Lachaussée;C
55268;55;Lacroix-sur-Meuse;C
55269;55;Lahaymeix;C
55270;55;Lahayville;C
55271;55;Laheycourt;C
55272;55;Laimont;C
55274;55;Lamorville;C
55275;55;Lamouilly;C
55276;55;Landrecourt-Lempire;C
55278;55;Laneuville-au-Rupt;C
55279;55;Laneuville-sur-Meuse;C
55280;55;Lanhères;C
55281;55;Latour-en-Woëvre;C
55282;55;Lavallée;C
55284;55;Lavincourt;C
55285;55;Lavoye;C
55286;55;Lemmes;C
55288;55;Lérouville;C
55289;55;Levoncourt;C
55290;55;Lignières-sur-Aire;C
55291;55;Ligny-en-Barrois;C
55292;55;Liny-devant-Dun;C
55293;55;Lion-devant-Dun;C
55295;55;Lisle-en-Barrois;C
55296;55;L'Isle-en-Rigault;C
55297;55;Lissey;C
55298;55;Loisey;C
55299;55;Loison;C
55300;55;Longeaux;C
55301;55;Longchamps-sur-Aire;C
55302;55;Longeville-en-Barrois;C
55303;55;Loupmont;C
55304;55;Louppy-le-Château;C
55306;55;Louppy-sur-Loison;C
55307;55;Louvemont-Côte-du-Poivre;C
55310;55;Luzy-Saint-Martin;C
55311;55;Maizeray;C
55312;55;Maizey;C
55313;55;Malancourt;C
55315;55;Mandres-en-Barrois;C
55316;55;Mangiennes;C
55317;55;Manheulles;C
55320;55;Marchéville-en-Woëvre;C
55321;55;Marre;C
55322;55;Marson-sur-Barboure;C
55323;55;Martincourt-sur-Meuse;C
55324;55;Marville;C
55325;55;Maucourt-sur-Orne;C
55326;55;Maulan;C
55327;55;Mauvages;C
55328;55;Maxey-sur-Vaise;C
55329;55;Mécrin;C
55330;55;Méligny-le-Grand;C
55331;55;Méligny-le-Petit;C
55332;55;Menaucourt;C
55333;55;Ménil-aux-Bois;C
55334;55;Ménil-la-Horgne;C
55335;55;Ménil-sur-Saulx;C
55336;55;Merles-sur-Loison;C
55338;55;Milly-sur-Bradon;C
55339;55;Mogeville;C
55340;55;Mognéville;C
55341;55;Moirey-Flabas-Crépion;C
55343;55;Montblainville;C
55344;55;Montbras;C
55345;55;Mont-devant-Sassey;C
55346;55;Montfaucon-d'Argonne;C
55347;55;Les Monthairons;C
55348;55;Montiers-sur-Saulx;C
55349;55;Montigny-devant-Sassey;C
55350;55;Montigny-lès-Vaucouleurs;C
55351;55;Montmédy;C
55352;55;Montplonne;C
55353;55;Montsec;C
55355;55;Montzéville;C
55356;55;Moranville;C
55357;55;Morgemoulin;C
55358;55;Chanteraine;C
55359;55;Morley;C
55360;55;Mouilly;C
55361;55;Moulainville;C
55362;55;Moulins-Saint-Hubert;C
55363;55;Moulotte;C
55364;55;Mouzay;C
55365;55;Murvaux;C
55366;55;Val-d'Ornain;C
55367;55;Muzeray;C
55368;55;Naives-en-Blois;C
55369;55;Naives-Rosières;C
55370;55;Naix-aux-Forges;C
55371;55;Nançois-le-Grand;C
55372;55;Nançois-sur-Ornain;C
55373;55;Nant-le-Grand;C
55374;55;Nant-le-Petit;C
55375;55;Nantillois;C
55376;55;Nantois;C
55377;55;Nepvant;C
55378;55;Nettancourt;C
55379;55;Le Neufour;C
55380;55;Neuville-en-Verdunois;C
55381;55;Neuville-lès-Vaucouleurs;C
55382;55;Neuville-sur-Ornain;C
55383;55;Neuvilly-en-Argonne;C
55384;55;Nicey-sur-Aire;C
55385;55;Nixéville-Blercourt;C
55386;55;Nonsard-Lamarche;C
55387;55;Nouillonpont;C
55388;55;Noyers-Auzécourt;C
55389;55;Nubécourt;C
55391;55;Olizy-sur-Chiers;C
55394;55;Ornes;C
55395;55;Osches;C
55396;55;Ourches-sur-Meuse;C
55397;55;Pagny-la-Blanche-Côte;C
55398;55;Pagny-sur-Meuse;C
55399;55;Pareid;C
55400;55;Parfondrupt;C
55401;55;Les Paroches;C
55403;55;Peuvillers;C
55404;55;Pierrefitte-sur-Aire;C
55405;55;Pillon;C
55406;55;Pintheville;C
55407;55;Pont-sur-Meuse;C
55408;55;Pouilly-sur-Meuse;C
55409;55;Pretz-en-Argonne;C
55410;55;Quincy-Landzécourt;C
55411;55;Rambluzin-et-Benoite-Vaux;C
55412;55;Rambucourt;C
55414;55;Rancourt-sur-Ornain;C
55415;55;Ranzières;C
55416;55;Rarécourt;C
55419;55;Récicourt;C
55420;55;Récourt-le-Creux;C
55421;55;Reffroy;C
55422;55;Regnéville-sur-Meuse;C
55423;55;Rembercourt-Sommaisne;C
55424;55;Remennecourt;C
55425;55;Remoiville;C
55426;55;Resson;C
55427;55;Revigny-sur-Ornain;C
55428;55;Réville-aux-Bois;C
55429;55;Riaville;C
55430;55;Ribeaucourt;C
55431;55;Richecourt;C
55433;55;Rigny-la-Salle;C
55434;55;Rigny-Saint-Martin;C
55435;55;Robert-Espagne;C
55436;55;Les Roises;C
55437;55;Romagne-sous-les-Côtes;C
55438;55;Romagne-sous-Montfaucon;C
55439;55;Ronvaux;C
55442;55;Raival;C
55443;55;Rouvres-en-Woëvre;C
55444;55;Rouvrois-sur-Meuse;C
55445;55;Rouvrois-sur-Othain;C
55446;55;Rumont;C
55447;55;Rupt-aux-Nonains;C
55448;55;Rupt-devant-Saint-Mihiel;C
55449;55;Rupt-en-Woëvre;C
55450;55;Rupt-sur-Othain;C
55452;55;Saint-Amand-sur-Ornain;C
55453;55;Saint-André-en-Barrois;C
55454;55;Saint-Aubin-sur-Aire;C
55456;55;Saint-Germain-sur-Meuse;C
55457;55;Saint-Hilaire-en-Woëvre;C
55458;55;Saint-Jean-lès-Buzy;C
55459;55;Saint-Joire;C
55460;55;Saint-Julien-sous-les-Côtes;C
55461;55;Saint-Laurent-sur-Othain;C
55462;55;Saint-Maurice-sous-les-Côtes;C
55463;55;Saint-Mihiel;C
55464;55;Saint-Pierrevillers;C
55465;55;Saint-Remy-la-Calonne;C
55466;55;Salmagne;C
55467;55;Sampigny;C
55468;55;Samogneux;C
55469;55;Sassey-sur-Meuse;C
55470;55;Saudrupt;C
55471;55;Saulmory-Villefranche;C
55472;55;Saulvaux;C
55473;55;Saulx-lès-Champlon;C
55474;55;Sauvigny;C
55475;55;Sauvoy;C
55476;55;Savonnières-devant-Bar;C
55477;55;Savonnières-en-Perthois;C
55479;55;Seigneulles;C
55481;55;Senon;C
55482;55;Senoncourt-les-Maujouy;C
55484;55;Septsarges;C
55485;55;Sepvigny;C
55487;55;Seuzey;C
55488;55;Silmont;C
55489;55;Sivry-la-Perche;C
55490;55;Sivry-sur-Meuse;C
55492;55;Sommedieue;C
55493;55;Sommeilles;C
55494;55;Sommelonne;C
55495;55;Sorbey;C
55496;55;Sorcy-Saint-Martin;C
55497;55;Les Souhesmes-Rampont;C
55498;55;Souilly;C
55500;55;Spincourt;C
55501;55;Stainville;C
55502;55;Stenay;C
55503;55;Taillancourt;C
55504;55;Tannois;C
55505;55;Thierville-sur-Meuse;C
55506;55;Thillombois;C
55507;55;Thillot;C
55508;55;Thonne-la-Long;C
55509;55;Thonne-le-Thil;C
55510;55;Thonne-les-Près;C
55511;55;Thonnelle;C
55512;55;Tilly-sur-Meuse;C
55514;55;Trémont-sur-Saulx;C
55515;55;Trésauvaux;C
55516;55;Tréveray;C
55517;55;Seuil-d'Argonne;C
55518;55;Cousances-lès-Triconville;C
55519;55;Tronville-en-Barrois;C
55520;55;Troussey;C
55521;55;Troyon;C
55522;55;Ugny-sur-Meuse;C
55523;55;Vacherauville;C
55525;55;Vadelaincourt;C
55526;55;Vadonville;C
55527;55;Varennes-en-Argonne;C
55528;55;Varnéville;C
55530;55;Valbois;C
55531;55;Vassincourt;C
55532;55;Vaubecourt;C
55533;55;Vaucouleurs;C
55534;55;Vaudeville-le-Haut;C
55535;55;Vaudoncourt;C
55536;55;Vauquois;C
55537;55;Douaumont-Vaux;C
55540;55;Vaux-lès-Palameix;C
55541;55;Vavincourt;C
55543;55;Velaines;C
55544;55;Velosnes;C
55545;55;Verdun;C
55546;55;Verneuil-Grand;C
55547;55;Verneuil-Petit;C
55549;55;Véry;C
55551;55;Vigneulles-lès-Hattonchâtel;C
55552;55;Vigneul-sous-Montmédy;C
55553;55;Vignot;C
55554;55;Villécloye;C
55555;55;Ville-devant-Belrain;C
55556;55;Ville-devant-Chaumont;C
55557;55;Ville-en-Woëvre;C
55559;55;Villeroy-sur-Méholle;C
55560;55;Villers-aux-Vents;C
55561;55;Villers-devant-Dun;C
55562;55;Villers-le-Sec;C
55563;55;Villers-lès-Mangiennes;C
55565;55;Villers-sous-Pareid;C
55566;55;Villers-sur-Meuse;C
55567;55;Ville-sur-Cousances;C
55568;55;Ville-sur-Saulx;C
55569;55;Villotte-devant-Louppy;C
55570;55;Villotte-sur-Aire;C
55571;55;Vilosnes-Haraumont;C
55572;55;Vittarville;C
55573;55;Void-Vacon;C
55574;55;Vouthon-Bas;C
55575;55;Vouthon-Haut;C
55577;55;Waly;C
55578;55;Warcq;C
55579;55;Watronville;C
55580;55;Wavrille;C
55581;55;Willeroncourt;C
55582;55;Wiseppe;C
55583;55;Woël;C
55584;55;Woimbey;C
55586;55;Xivray-et-Marvoisin;C
56001;56;Allaire;C
56002;56;Ambon;C
56003;56;Arradon;B1
56004;56;Arzal;C
56005;56;Arzon;B1
56006;56;Augan;C
56007;56;Auray;B1
56008;56;Baden;B1
56009;56;Bangor;B1
56010;56;Baud;C
56011;56;Béganne;C
56012;56;Beignon;C
56013;56;Belz;B1
56014;56;Berné;C
56015;56;Berric;C
56017;56;Bignan;C
56018;56;Billiers;C
56019;56;Billio;C
56020;56;Bohal;C
56021;56;Brandérion;B2
56022;56;Brandivy;C
56023;56;Brech;B1
56024;56;Bréhan;C
56025;56;Brignac;C
56026;56;Bubry;C
56027;56;Buléon;C
56028;56;Caden;C
56029;56;Calan;C
56030;56;Camoël;B2
56031;56;Camors;C
56032;56;Campénéac;C
56033;56;Carentoir;C
56034;56;Carnac;B1
56035;56;Caro;C
56036;56;Caudan;B1
56039;56;La Chapelle-Neuve;C
56040;56;Cléguer;B2
56041;56;Cléguérec;C
56042;56;Colpo;C
56043;56;Concoret;C
56044;56;Cournon;C
56045;56;Le Cours;C
56046;56;Crach;B1
56047;56;Crédin;C
56048;56;Le Croisty;C
56050;56;La Croix-Helléan;C
56051;56;Cruguel;C
56052;56;Damgan;B1
56053;56;Elven;B2
56054;56;Erdeven;B1
56055;56;Étel;B1
56056;56;Évriguet;C
56057;56;Le Faouët;C
56058;56;Férel;B2
56060;56;Les Fougerêts;C
56061;56;La Gacilly;C
56062;56;Gâvres;B1
56063;56;Gestel;B2
56065;56;Gourhel;C
56066;56;Gourin;C
56067;56;Grand-Champ;B2
56068;56;La Grée-Saint-Laurent;C
56069;56;Groix;B1
56070;56;Guégon;C
56071;56;Guéhenno;C
56072;56;Gueltas;C
56073;56;Guémené-sur-Scorff;C
56074;56;Guénin;C
56075;56;Guer;C
56076;56;Guern;C
56077;56;Le Guerno;C
56078;56;Guidel;B1
56079;56;Guillac;C
56080;56;Guilliers;C
56081;56;Guiscriff;C
56082;56;Helléan;C
56083;56;Hennebont;B1
56084;56;Le Hézo;B2
56085;56;Hœdic;B1
56086;56;Île-d'Houat;B1
56087;56;Île-aux-Moines;B1
56088;56;Île-d'Arz;B1
56089;56;Inguiniel;C
56090;56;Inzinzac-Lochrist;B2
56091;56;Josselin;C
56092;56;Kerfourn;C
56093;56;Kergrist;C
56094;56;Kervignac;B1
56096;56;Landaul;C
56097;56;Landévant;C
56098;56;Lanester;B1
56099;56;Langoëlan;C
56100;56;Langonnet;C
56101;56;Languidic;B2
56102;56;Forges de Lanouée;C
56103;56;Lantillac;C
56104;56;Lanvaudan;C
56105;56;Lanvénégen;C
56106;56;Larmor-Baden;B2
56107;56;Larmor-Plage;B1
56108;56;Larré;C
56109;56;Lauzach;C
56110;56;Lignol;C
56111;56;Limerzel;C
56112;56;Lizio;C
56113;56;Locmalo;C
56114;56;Locmaria;B1
56115;56;Locmaria-Grand-Champ;C
56116;56;Locmariaquer;B1
56117;56;Locminé;C
56118;56;Locmiquélic;B1
56119;56;Locoal-Mendon;C
56120;56;Locqueltas;C
56121;56;Lorient;B1
56122;56;Loyat;C
56123;56;Malansac;C
56124;56;Malestroit;C
56125;56;Malguénac;C
56126;56;Marzan;C
56127;56;Mauron;C
56128;56;Melrand;C
56129;56;Ménéac;C
56130;56;Merlevenez;C
56131;56;Meslan;C
56132;56;Meucon;B2
56133;56;Missiriac;C
56134;56;Mohon;C
56135;56;Molac;C
56136;56;Monteneuf;C
56137;56;Monterblanc;B2
56139;56;Montertelot;C
56140;56;Moréac;C
56141;56;Moustoir-Ac;C
56143;56;Muzillac;B2
56144;56;Évellys;C
56145;56;Néant-sur-Yvel;C
56146;56;Neulliac;C
56147;56;Nivillac;C
56148;56;Nostang;C
56149;56;Noyal-Muzillac;C
56151;56;Noyal-Pontivy;C
56152;56;Le Palais;B1
56153;56;Péaule;C
56154;56;Peillac;C
56155;56;Pénestin;B1
56156;56;Persquen;C
56157;56;Plaudren;C
56158;56;Plescop;B1
56159;56;Pleucadeuc;C
56160;56;Pleugriffet;C
56161;56;Ploemel;C
56162;56;Ploemeur;B1
56163;56;Ploërdut;C
56164;56;Ploeren;B1
56165;56;Ploërmel;C
56166;56;Plouay;B2
56167;56;Plougoumelen;B2
56168;56;Plouharnel;B1
56169;56;Plouhinec;B1
56170;56;Plouray;C
56171;56;Pluherlin;C
56172;56;Plumelec;C
56173;56;Pluméliau-Bieuzy;C
56174;56;Plumelin;C
56175;56;Plumergat;C
56176;56;Pluneret;B1
56177;56;Pluvigner;C
56178;56;Pontivy;C
56179;56;Pont-Scorff;B2
56180;56;Porcaro;C
56181;56;Port-Louis;B1
56182;56;Priziac;C
56184;56;Questembert;C
56185;56;Quéven;B1
56186;56;Quiberon;B1
56188;56;Quistinic;C
56189;56;Radenac;C
56190;56;Réguiny;C
56191;56;Réminiac;C
56193;56;Riantec;B1
56194;56;Rieux;C
56195;56;La Roche-Bernard;C
56196;56;Rochefort-en-Terre;C
56197;56;Val d'Oust;C
56198;56;Rohan;C
56199;56;Roudouallec;C
56200;56;Ruffiac;C
56201;56;Le Saint;C
56202;56;Saint-Abraham;C
56203;56;Saint-Aignan;C
56204;56;Saint-Allouestre;C
56205;56;Saint-Armel;B2
56206;56;Saint-Avé;B1
56207;56;Saint-Barthélemy;C
56208;56;Saint-Brieuc-de-Mauron;C
56209;56;Sainte-Brigitte;C
56210;56;Saint-Caradec-Trégomel;C
56211;56;Saint-Congard;C
56212;56;Saint-Dolay;C
56213;56;Saint-Gérand-Croixanvec;C
56214;56;Saint-Gildas-de-Rhuys;B1
56215;56;Saint-Gonnery;C
56216;56;Saint-Gorgon;C
56218;56;Saint-Gravé;C
56219;56;Saint-Guyomard;C
56220;56;Sainte-Hélène;C
56221;56;Saint-Jacut-les-Pins;C
56222;56;Saint-Jean-Brévelay;C
56223;56;Saint-Jean-la-Poterie;C
56224;56;Saint-Laurent-sur-Oust;C
56225;56;Saint-Léry;C
56226;56;Saint-Malo-de-Beignon;C
56227;56;Saint-Malo-des-Trois-Fontaines;C
56228;56;Saint-Marcel;C
56229;56;Saint-Martin-sur-Oust;C
56230;56;Saint-Nicolas-du-Tertre;C
56231;56;Saint-Nolff;B2
56232;56;Saint-Perreux;C
56233;56;Saint-Philibert;B1
56234;56;Saint-Pierre-Quiberon;B1
56236;56;Saint-Servant;C
56237;56;Saint-Thuriau;C
56238;56;Saint-Tugdual;C
56239;56;Saint-Vincent-sur-Oust;C
56240;56;Sarzeau;B1
56241;56;Sauzon;B1
56242;56;Séglien;C
56243;56;Séné;B1
56244;56;Sérent;C
56245;56;Silfiac;C
56246;56;Le Sourn;C
56247;56;Sulniac;B2
56248;56;Surzur;B1
56249;56;Taupont;C
56250;56;Théhillac;C
56251;56;Theix-Noyalo;B1
56252;56;Le Tour-du-Parc;C
56253;56;Tréal;C
56254;56;Trédion;B2
56255;56;Treffléan;B2
56256;56;Tréhorenteuc;C
56257;56;La Trinité-Porhoët;C
56258;56;La Trinité-sur-Mer;B1
56259;56;La Trinité-Surzur;B2
56260;56;Vannes;B1
56261;56;La Vraie-Croix;C
56262;56;Le Bono;B2
56263;56;Sainte-Anne-d'Auray;C
56264;56;Kernascléden;C
57001;57;Aboncourt;B2
57002;57;Aboncourt-sur-Seille;C
57003;57;Abreschviller;C
57004;57;Achain;C
57006;57;Achen;B2
57007;57;Adaincourt;C
57008;57;Adelange;C
57009;57;Ajoncourt;C
57010;57;Alaincourt-la-Côte;C
57011;57;Albestroff;C
57012;57;Algrange;B1
57013;57;Alsting;B2
57014;57;Altrippe;C
57015;57;Altviller;B2
57016;57;Alzing;C
57017;57;Amanvillers;B2
57018;57;Amelécourt;C
57019;57;Amnéville;B1
57020;57;Ancerville;C
57021;57;Ancy-Dornot;B2
57022;57;Angevillers;B2
57024;57;Antilly;C
57025;57;Anzeling;C
57026;57;Apach;B2
57027;57;Arraincourt;C
57028;57;Argancy;C
57029;57;Arriance;C
57030;57;Arry;C
57031;57;Ars-Laquenexy;B2
57032;57;Ars-sur-Moselle;B2
57033;57;Arzviller;C
57034;57;Aspach;C
57035;57;Assenoncourt;C
57036;57;Attilloncourt;C
57037;57;Aube;C
57038;57;Audun-le-Tiche;B1
57039;57;Augny;B2
57040;57;Aulnois-sur-Seille;C
57041;57;Aumetz;B2
57042;57;Avricourt;C
57043;57;Ay-sur-Moselle;B2
57044;57;Azoudange;C
57045;57;Bacourt;C
57046;57;Baerenthal;C
57047;57;Bambiderstroff;C
57048;57;Bannay;C
57049;57;Le Ban-Saint-Martin;B1
57050;57;Barchain;C
57051;57;Baronville;C
57052;57;Barst;C
57053;57;Bassing;C
57054;57;Baudrecourt;C
57055;57;Bazoncourt;C
57056;57;Bébing;C
57057;57;Béchy;C
57058;57;Behren-lès-Forbach;B2
57059;57;Bellange;C
57060;57;Bénestroff;C
57061;57;Béning-lès-Saint-Avold;B2
57062;57;Berg-sur-Moselle;C
57063;57;Bérig-Vintrange;C
57064;57;Berling;C
57065;57;Bermering;C
57066;57;Berthelming;C
57067;57;Bertrange;B1
57069;57;Berviller-en-Moselle;C
57070;57;Bettange;C
57071;57;Bettborn;C
57072;57;Bettelainville;B2
57073;57;Betting;B2
57074;57;Bettviller;C
57075;57;Beux;C
57076;57;Beyren-lès-Sierck;C
57077;57;Bezange-la-Petite;C
57079;57;Bibiche;C
57080;57;Bickenholtz;C
57081;57;Bidestroff;C
57082;57;Biding;C
57083;57;Bining;C
57084;57;Bioncourt;C
57085;57;Bionville-sur-Nied;C
57086;57;Belles-Forêts;C
57087;57;Bisten-en-Lorraine;C
57088;57;Bistroff;C
57089;57;Bitche;C
57090;57;Blanche-Église;C
57091;57;Bliesbruck;B2
57092;57;Blies-Ébersing;B2
57093;57;Blies-Guersviller;B2
57095;57;Boucheporn;C
57096;57;Boulange;B2
57097;57;Boulay-Moselle;C
57098;57;Bourgaltroff;C
57099;57;Bourdonnay;C
57100;57;Bourscheid;C
57101;57;Bousbach;B2
57102;57;Bousse;B1
57103;57;Bousseviller;C
57104;57;Boust;C
57105;57;Boustroff;C
57106;57;Bouzonville;C
57107;57;Bréhain;C
57108;57;Breidenbach;C
57109;57;Breistroff-la-Grande;C
57110;57;Brettnach;C
57111;57;Bronvaux;B2
57112;57;Brouck;C
57113;57;Brouderdorff;C
57114;57;Brouviller;C
57115;57;Brulange;C
57116;57;Buchy;C
57117;57;Buding;B2
57118;57;Budling;B2
57119;57;Buhl-Lorraine;C
57120;57;Burlioncourt;C
57121;57;Burtoncourt;C
57122;57;Cappel;C
57123;57;Carling;B2
57124;57;Cattenom;C
57125;57;Chailly-lès-Ennery;C
57126;57;Chambrey;C
57127;57;Chanville;C
57128;57;Charleville-sous-Bois;C
57129;57;Charly-Oradour;C
57130;57;Château-Bréhain;C
57131;57;Château-Rouge;C
57132;57;Château-Salins;C
57133;57;Château-Voué;C
57134;57;Châtel-Saint-Germain;B2
57136;57;Chémery-les-Deux;C
57137;57;Cheminot;C
57138;57;Chenois;C
57139;57;Chérisey;C
57140;57;Chesny;C
57141;57;Chicourt;C
57142;57;Chieulles;B2
57143;57;Clouange;B2
57144;57;Cocheren;B2
57145;57;Coincy;C
57146;57;Coin-lès-Cuvry;B2
57147;57;Coin-sur-Seille;B2
57148;57;Colligny-Maizery;C
57149;57;Colmen;C
57150;57;Condé-Northen;C
57151;57;Conthil;C
57152;57;Contz-les-Bains;C
57153;57;Corny-sur-Moselle;C
57154;57;Coume;C
57155;57;Courcelles-Chaussy;C
57156;57;Courcelles-sur-Nied;C
57158;57;Craincourt;C
57159;57;Créhange;C
57160;57;Creutzwald;B2
57161;57;Cutting;C
57162;57;Cuvry;B2
57163;57;Dabo;C
57165;57;Dalem;C
57166;57;Dalhain;C
57167;57;Dalstein;C
57168;57;Danne-et-Quatre-Vents;C
57169;57;Dannelbourg;C
57171;57;Delme;C
57172;57;Denting;C
57173;57;Desseling;C
57174;57;Destry;C
57175;57;Diane-Capelle;C
57176;57;Diebling;B2
57177;57;Dieuze;C
57178;57;Diffembach-lès-Hellimer;C
57179;57;Distroff;B2
57180;57;Dolving;C
57181;57;Domnom-lès-Dieuze;C
57182;57;Donjeux;C
57183;57;Donnelay;C
57186;57;Ébersviller;C
57187;57;Éblange;C
57188;57;Éguelshardt;C
57189;57;Eincheville;C
57190;57;Elvange;C
57191;57;Elzange;B2
57192;57;Enchenberg;C
57193;57;Ennery;B2
57194;57;Entrange;C
57195;57;Epping;C
57196;57;Erching;C
57197;57;Ernestviller;B2
57198;57;Erstroff;C
57199;57;Escherange;C
57200;57;Les Étangs;C
57201;57;Etting;B2
57202;57;Etzling;B2
57203;57;Évrange;B1
57204;57;Failly;C
57205;57;Falck;B2
57206;57;Fameck;B1
57207;57;Farébersviller;B2
57208;57;Farschviller;B2
57209;57;Faulquemont;C
57210;57;Fénétrange;C
57211;57;Fèves;B2
57212;57;Féy;B2
57213;57;Filstroff;C
57214;57;Fixem;C
57215;57;Flastroff;C
57216;57;Fleisheim;C
57217;57;Flétrange;C
57218;57;Fleury;C
57219;57;Flévy;C
57220;57;Flocourt;C
57221;57;Florange;B1
57222;57;Folkling;B2
57224;57;Folschviller;B2
57225;57;Fonteny;C
57226;57;Fontoy;B2
57227;57;Forbach;B2
57228;57;Fossieux;C
57229;57;Foulcrey;C
57230;57;Fouligny;C
57231;57;Foville;C
57232;57;Francaltroff;C
57233;57;Fraquelfing;C
57234;57;Frauenberg;B2
57235;57;Freistroff;C
57236;57;Frémery;C
57237;57;Frémestroff;C
57238;57;Fresnes-en-Saulnois;C
57239;57;Freybouse;C
57240;57;Freyming-Merlebach;B2
57241;57;Fribourg;C
57242;57;Gandrange;B1
57244;57;Garrebourg;C
57245;57;Gavisse;C
57246;57;Gelucourt;C
57247;57;Gerbécourt;C
57248;57;Givrycourt;C
57249;57;Glatigny;C
57250;57;Goetzenbruck;C
57251;57;Goin;C
57252;57;Gomelange;C
57253;57;Gondrexange;C
57254;57;Gorze;C
57255;57;Gosselming;C
57256;57;Gravelotte;B2
57257;57;Grémecey;C
57258;57;Gréning;C
57259;57;Grindorff-Bizing;C
57260;57;Grosbliederstroff;B2
57261;57;Gros-Réderching;C
57262;57;Grostenquin;C
57263;57;Grundviller;B2
57264;57;Guebenhouse;B2
57265;57;Guébestroff;C
57266;57;Guéblange-lès-Dieuze;C
57267;57;Le Val-de-Guéblange;C
57268;57;Guébling;C
57269;57;Guénange;B1
57270;57;Val-de-Bride;C
57271;57;Guenviller;B2
57272;57;Guermange;C
57273;57;Guerstling;C
57274;57;Guerting;C
57275;57;Guessling-Hémering;C
57276;57;Guinglange;C
57277;57;Guinkirchen;C
57278;57;Guinzeling;C
57280;57;Guntzviller;C
57281;57;Haboudange;C
57282;57;Hagen;B1
57283;57;Hagondange;B1
57284;57;Hallering;C
57286;57;Halstroff;C
57287;57;Basse-Ham;B2
57288;57;Ham-sous-Varsberg;B2
57289;57;Hambach;B2
57290;57;Hampont;C
57291;57;Hangviller;C
57292;57;Hannocourt;C
57293;57;Han-sur-Nied;C
57294;57;Hanviller;C
57295;57;Haraucourt-sur-Seille;C
57296;57;Hargarten-aux-Mines;B2
57297;57;Harprich;C
57298;57;Harreberg;C
57299;57;Hartzviller;C
57300;57;Haselbourg;C
57301;57;Haspelschiedt;C
57302;57;Hattigny;C
57303;57;Hauconcourt;B2
57304;57;Haut-Clocher;C
57305;57;Havange;B2
57306;57;Hayange;B2
57307;57;Hayes;C
57308;57;Hazembourg;C
57309;57;Heining-lès-Bouzonville;C
57310;57;Hellering-lès-Fénétrange;C
57311;57;Hellimer;C
57312;57;Helstroff;C
57313;57;Hémilly;C
57314;57;Héming;C
57315;57;Henridorff;C
57316;57;Henriville;B2
57317;57;Hérange;C
57318;57;Hermelange;C
57319;57;Herny;C
57320;57;Hertzing;C
57321;57;Hesse;C
57322;57;Hestroff;C
57323;57;Hettange-Grande;B1
57324;57;Hilbesheim;C
57325;57;Hilsprich;C
57326;57;Hinckange;C
57328;57;Holacourt;C
57329;57;Holling;C
57330;57;Holving;C
57331;57;Hombourg-Budange;B2
57332;57;Hombourg-Haut;B2
57333;57;Hommarting;C
57334;57;Hommert;C
57335;57;Honskirch;C
57336;57;L'Hôpital;B2
57337;57;Hoste;C
57338;57;Hottviller;C
57339;57;Hultehouse;C
57340;57;Hundling;B2
57341;57;Hunting;C
57342;57;Ibigny;C
57343;57;Illange;B2
57344;57;Imling;C
57345;57;Inglange;B2
57346;57;Insming;C
57347;57;Insviller;C
57348;57;Ippling;B2
57349;57;Jallaucourt;C
57350;57;Jouy-aux-Arches;B2
57351;57;Jury;C
57352;57;Jussy;B2
57353;57;Juvelize;C
57354;57;Juville;C
57355;57;Kalhausen;B2
57356;57;Kanfen;C
57357;57;Kappelkinger;C
57358;57;Kédange-sur-Canner;B2
57359;57;Kemplich;B2
57360;57;Kerbach;B2
57361;57;Kerling-lès-Sierck;C
57362;57;Kerprich-aux-Bois;C
57364;57;Kirsch-lès-Sierck;C
57365;57;Kirschnaumen;C
57366;57;Kirviller;C
57367;57;Klang;B2
57368;57;Knutange;B1
57370;57;Kœnigsmacker;B2
57371;57;Haute-Kontz;C
57372;57;Kuntzig;B2
57373;57;Lachambre;B2
57374;57;Lafrimbolle;C
57375;57;Lagarde;C
57376;57;Lambach;C
57377;57;Landange;C
57379;57;Landroff;C
57380;57;Laneuveville-lès-Lorquin;C
57381;57;Laneuveville-en-Saulnois;C
57382;57;Langatte;C
57383;57;Languimberg;C
57384;57;Laning;C
57385;57;Laquenexy;B2
57386;57;Laudrefang;B2
57387;57;Laumesfeld;C
57388;57;Launstroff;C
57389;57;Lelling;C
57390;57;Lemberg;C
57391;57;Lemoncourt;C
57392;57;Lemud;C
57393;57;Lengelsheim;C
57394;57;Léning;C
57395;57;Lesse;C
57396;57;Lessy;B2
57397;57;Ley;C
57398;57;Leyviller;C
57399;57;Lezey;C
57401;57;Lidrezing;C
57402;57;Liederschiedt;C
57403;57;Liéhon;C
57404;57;Lindre-Basse;C
57405;57;Lindre-Haute;C
57406;57;Liocourt;C
57407;57;Lixheim;C
57408;57;Lixing-lès-Rouhling;B2
57409;57;Lixing-lès-Saint-Avold;C
57410;57;Lhor;C
57411;57;Lommerange;B2
57412;57;Longeville-lès-Metz;B1
57413;57;Longeville-lès-Saint-Avold;B2
57414;57;Lorquin;C
57415;57;Lorry-lès-Metz;B2
57416;57;Lorry-Mardigny;C
57417;57;Lostroff;C
57418;57;Loudrefing;C
57419;57;Loupershouse;B2
57421;57;Loutzviller;C
57422;57;Louvigny;C
57423;57;Lubécourt;C
57424;57;Lucy;C
57425;57;Luppy;C
57426;57;Luttange;B2
57427;57;Lutzelbourg;C
57428;57;Macheren;B2
57430;57;Mainvillers;C
57431;57;Maizeroy;C
57433;57;Maizières-lès-Metz;B1
57434;57;Maizières-lès-Vic;C
57436;57;Malaucourt-sur-Seille;C
57437;57;Malling;B2
57438;57;Malroy;C
57439;57;Manderen-Ritzing;C
57440;57;Manhoué;C
57441;57;Manom;B1
57442;57;Many;C
57443;57;Marange-Silvange;B2
57444;57;Marange-Zondrange;C
57445;57;Marieulles;B2
57446;57;Marimont-lès-Bénestroff;C
57447;57;Marly;B1
57448;57;Marsal;C
57449;57;Marsilly;C
57451;57;Marthille;C
57452;57;La Maxe;B2
57453;57;Maxstadt;C
57454;57;Mécleuves;C
57455;57;Mégange;C
57456;57;Meisenthal;C
57457;57;Menskirch;C
57459;57;Merschweiller;C
57460;57;Merten;C
57461;57;Métairies-Saint-Quirin;C
57462;57;Metting;C
57463;57;Metz;B1
57464;57;Metzeresche;B2
57465;57;Metzervisse;B2
57466;57;Metzing;B2
57467;57;Mey;B2
57468;57;Mittelbronn;C
57469;57;Mittersheim;C
57470;57;Molring;C
57471;57;Momerstroff;C
57472;57;Moncheux;C
57473;57;Moncourt;C
57474;57;Mondelange;B1
57475;57;Mondorff;C
57476;57;Monneren;B2
57477;57;Montbronn;C
57478;57;Montdidier;C
57479;57;Montenach;C
57480;57;Montigny-lès-Metz;B1
57481;57;Montois-la-Montagne;B2
57482;57;Ogy-Montoy-Flanville;C
57483;57;Morhange;C
57484;57;Morsbach;B2
57485;57;Morville-lès-Vic;C
57486;57;Morville-sur-Nied;C
57487;57;Moulins-lès-Metz;B1
57488;57;Moussey;C
57489;57;Mouterhouse;C
57490;57;Moyenvic;C
57491;57;Moyeuvre-Grande;B2
57492;57;Moyeuvre-Petite;B2
57493;57;Mulcey;C
57494;57;Munster;C
57495;57;Narbéfontaine;C
57496;57;Nébing;C
57497;57;Nelling;C
57498;57;Neufchef;B2
57499;57;Neufgrange;B2
57500;57;Neufmoulins;C
57501;57;Neufvillage;C
57502;57;Neunkirchen-lès-Bouzonville;C
57504;57;Niderhoff;C
57505;57;Niderviller;C
57506;57;Niederstinzel;C
57507;57;Niedervisse;C
57508;57;Nilvange;B1
57509;57;Nitting;C
57510;57;Noisseville;B2
57511;57;Norroy-le-Veneur;B2
57512;57;Nouilly;B2
57513;57;Nousseviller-lès-Bitche;C
57514;57;Nousseviller-Saint-Nabor;B2
57515;57;Novéant-sur-Moselle;B2
57516;57;Oberdorff;C
57517;57;Obergailbach;C
57518;57;Oberstinzel;C
57519;57;Obervisse;C
57520;57;Obreck;C
57521;57;Œting;B2
57524;57;Ommeray;C
57525;57;Oriocourt;C
57526;57;Ormersviller;C
57527;57;Orny;C
57528;57;Oron;C
57529;57;Ottange;B2
57530;57;Ottonville;C
57531;57;Oudrenne;B2
57532;57;Pagny-lès-Goin;C
57533;57;Pange;C
57534;57;Peltre;B2
57535;57;Petit-Réderching;C
57536;57;Petit-Tenquin;C
57537;57;Petite-Rosselle;B2
57538;57;Pettoncourt;C
57539;57;Pévange;C
57540;57;Phalsbourg;C
57541;57;Philippsbourg;C
57542;57;Piblange;C
57543;57;Pierrevillers;B2
57544;57;Plaine-de-Walsch;C
57545;57;Plappeville;B2
57546;57;Plesnois;B2
57547;57;Pommérieux;C
57548;57;Pontoy;C
57549;57;Pontpierre;C
57550;57;Porcelette;B2
57551;57;Postroff;C
57552;57;Pouilly;B2
57553;57;Pournoy-la-Chétive;B2
57554;57;Pournoy-la-Grasse;C
57555;57;Prévocourt;C
57556;57;Puttelange-aux-Lacs;B2
57557;57;Puttelange-lès-Thionville;C
57558;57;Puttigny;C
57559;57;Puzieux;C
57560;57;Racrange;C
57561;57;Rahling;C
57562;57;Ranguevaux;B2
57563;57;Raville;C
57564;57;Réchicourt-le-Château;C
57565;57;Rédange;B2
57566;57;Réding;C
57567;57;Rémelfang;C
57568;57;Rémelfing;B2
57569;57;Rémeling;C
57570;57;Rémering;C
57571;57;Rémering-lès-Puttelange;C
57572;57;Rémilly;C
57573;57;Réning;C
57574;57;Basse-Rentgen;C
57575;57;Retonfey;C
57576;57;Rettel;B2
57577;57;Reyersviller;C
57578;57;Rezonville-Vionville;C
57579;57;Rhodes;C
57580;57;Riche;C
57581;57;Richeling;C
57582;57;Richemont;B1
57583;57;Richeval;C
57584;57;Rimling;C
57586;57;Rochonvillers;B2
57587;57;Rodalbe;C
57588;57;Rodemack;C
57589;57;Rohrbach-lès-Bitche;C
57590;57;Rolbing;C
57591;57;Rombas;B1
57592;57;Romelfing;C
57593;57;Roncourt;B2
57594;57;Roppeviller;C
57595;57;Rorbach-lès-Dieuze;C
57596;57;Rosbruck;B2
57597;57;Rosselange;B2
57598;57;Rouhling;B2
57599;57;Roupeldange;C
57600;57;Roussy-le-Village;C
57601;57;Rozérieulles;B2
57602;57;Rurange-lès-Thionville;B2
57603;57;Russange;B2
57604;57;Rustroff;B2
57605;57;Sailly-Achâtel;C
57606;57;Saint-Avold;B2
57607;57;Sainte-Barbe;C
57609;57;Saint-Epvre;C
57610;57;Saint-François-Lacroix;C
57611;57;Saint-Georges;C
57612;57;Saint-Hubert;C
57613;57;Saint-Jean-de-Bassel;C
57614;57;Saint-Jean-Kourtzerode;C
57615;57;Saint-Jean-Rohrbach;C
57616;57;Saint-Julien-lès-Metz;B2
57617;57;Saint-Jure;C
57618;57;Saint-Louis;C
57619;57;Saint-Louis-lès-Bitche;C
57620;57;Sainte-Marie-aux-Chênes;B2
57621;57;Saint-Médard;C
57622;57;Saint-Privat-la-Montagne;B2
57623;57;Saint-Quirin;C
57624;57;Sainte-Ruffine;B2
57625;57;Salonnes;C
57626;57;Sanry-lès-Vigy;C
57627;57;Sanry-sur-Nied;C
57628;57;Sarralbe;B2
57629;57;Sarraltroff;C
57630;57;Sarrebourg;C
57631;57;Sarreguemines;B2
57633;57;Sarreinsming;B2
57634;57;Saulny;B2
57635;57;Schalbach;C
57636;57;Schmittviller;B2
57637;57;Schneckenbusch;C
57638;57;Schœneck;B2
57639;57;Schorbach;C
57640;57;Schwerdorff;C
57641;57;Schweyen;C
57642;57;Scy-Chazelles;B2
57643;57;Secourt;C
57644;57;Seingbouse;B2
57645;57;Semécourt;B2
57647;57;Serémange-Erzange;B2
57648;57;Servigny-lès-Raville;C
57649;57;Servigny-lès-Sainte-Barbe;C
57650;57;Sierck-les-Bains;B2
57651;57;Siersthal;C
57652;57;Sillegny;C
57653;57;Silly-en-Saulnois;C
57654;57;Silly-sur-Nied;C
57655;57;Solgne;C
57656;57;Sorbey;C
57657;57;Sotzeling;C
57658;57;Soucht;C
57659;57;Spicheren;B2
57660;57;Stiring-Wendel;B2
57661;57;Sturzelbronn;C
57662;57;Suisse;C
57663;57;Talange;B1
57664;57;Tarquimpol;C
57665;57;Tenteling;B2
57666;57;Terville;B1
57667;57;Téterchen;C
57668;57;Teting-sur-Nied;C
57669;57;Théding;B2
57670;57;Thicourt;C
57671;57;Thimonville;C
57672;57;Thionville;B1
57673;57;Thonville;C
57674;57;Tincry;C
57675;57;Torcheville;C
57676;57;Tragny;C
57677;57;Trémery;B2
57678;57;Tressange;B2
57679;57;Tritteling-Redlach;C
57680;57;Troisfontaines;C
57681;57;Tromborn;C
57682;57;Turquestein-Blancrupt;C
57683;57;Uckange;B1
57684;57;Vahl-Ebersing;C
57685;57;Vahl-lès-Bénestroff;C
57686;57;Vahl-lès-Faulquemont;C
57687;57;Vallerange;C
57689;57;Valmestroff;B2
57690;57;Valmont;B2
57691;57;Valmunster;C
57692;57;Vannecourt;C
57693;57;Vantoux;B2
57694;57;Vany;B2
57695;57;Varize-Vaudoncourt;C
57696;57;Varsberg;B2
57697;57;Vasperviller;C
57698;57;Vatimont;C
57700;57;Vaudreching;C
57701;57;Vaux;B2
57702;57;Vaxy;C
57703;57;Veckersviller;C
57704;57;Veckring;B2
57705;57;Velving;C
57706;57;Vergaville;C
57707;57;Vernéville;B2
57708;57;Verny;C
57709;57;Vescheim;C
57711;57;Vibersviller;C
57712;57;Vic-sur-Seille;C
57713;57;Vieux-Lixheim;C
57714;57;Haute-Vigneulles;C
57715;57;Vigny;C
57716;57;Vigy;C
57717;57;Viller;C
57718;57;Villers-Stoncourt;C
57719;57;Villers-sur-Nied;C
57720;57;Villing;C
57721;57;Vilsberg;C
57723;57;Virming;C
57724;57;Vitry-sur-Orne;B2
57725;57;Vittersbourg;C
57726;57;Vittoncourt;C
57727;57;Viviers;C
57728;57;Voimhaut;C
57730;57;Volmerange-lès-Boulay;C
57731;57;Volmerange-les-Mines;B1
57732;57;Volmunster;C
57733;57;Volstroff;B2
57734;57;Voyer;C
57736;57;Vry;C
57737;57;Vulmont;C
57738;57;Waldhouse;C
57739;57;Waldweistroff;C
57740;57;Waldwisse;C
57741;57;Walschbronn;C
57742;57;Walscheid;C
57743;57;Waltembourg;C
57745;57;Wiesviller;B2
57746;57;Willerwald;B2
57747;57;Wintersbourg;C
57748;57;Wittring;B2
57749;57;Vœlfling-lès-Bouzonville;C
57750;57;Wœlfling-lès-Sarreguemines;B2
57751;57;Woippy;B1
57752;57;Woustviller;B2
57753;57;Wuisse;C
57754;57;Xanrey;C
57755;57;Xocourt;C
57756;57;Xouaxange;C
57757;57;Yutz;B1
57759;57;Zarbeling;C
57760;57;Zetting;B2
57761;57;Zilling;C
57762;57;Zimming;C
57763;57;Zommange;C
57764;57;Zoufftgen;B1
57765;57;Diesen;B2
57767;57;Stuckange;B2
58001;58;Achun;C
58002;58;Alligny-Cosne;C
58003;58;Alligny-en-Morvan;C
58004;58;Alluy;C
58005;58;Amazy;C
58006;58;Anlezy;C
58007;58;Annay;C
58008;58;Anthien;C
58009;58;Arbourse;C
58010;58;Arleuf;C
58011;58;Armes;C
58012;58;Arquian;C
58013;58;Arthel;C
58014;58;Arzembouy;C
58015;58;Asnan;C
58016;58;Asnois;C
58017;58;Aunay-en-Bazois;C
58018;58;Authiou;C
58019;58;Avrée;C
58020;58;Avril-sur-Loire;C
58021;58;Azy-le-Vif;C
58023;58;Bazoches;C
58024;58;Bazolles;C
58025;58;Béard;C
58026;58;Beaulieu;C
58027;58;Beaumont-la-Ferrière;C
58028;58;Beaumont-Sardolles;C
58029;58;Beuvron;C
58030;58;Biches;C
58031;58;Billy-Chevannes;C
58032;58;Billy-sur-Oisy;C
58033;58;Bitry;C
58034;58;Blismes;C
58035;58;Bona;C
58036;58;Bouhy;C
58037;58;Brassy;C
58038;58;Breugnon;C
58039;58;Brèves;C
58040;58;Brinay;C
58041;58;Brinon-sur-Beuvron;C
58042;58;Bulcy;C
58043;58;Bussy-la-Pesle;C
58044;58;La Celle-sur-Loire;C
58045;58;La Celle-sur-Nièvre;C
58046;58;Cercy-la-Tour;C
58047;58;Cervon;C
58048;58;Cessy-les-Bois;C
58049;58;Chalaux;C
58050;58;Challement;C
58051;58;Challuy;B2
58052;58;Champallement;C
58053;58;Champlemy;C
58054;58;Champlin;C
58055;58;Champvert;C
58056;58;Champvoux;C
58057;58;Chantenay-Saint-Imbert;C
58058;58;La Chapelle-Saint-André;C
58059;58;La Charité-sur-Loire;C
58060;58;Charrin;C
58061;58;Chasnay;C
58062;58;Château-Chinon (Ville);C
58063;58;Château-Chinon (Campagne);C
58064;58;Châteauneuf-Val-de-Bargis;C
58065;58;Châtillon-en-Bazois;C
58066;58;Châtin;C
58067;58;Chaulgnes;C
58068;58;Chaumard;C
58069;58;Chaumot;C
58070;58;Chazeuil;C
58071;58;Chevannes-Changy;C
58072;58;Chevenon;C
58073;58;Chevroches;C
58074;58;Chiddes;C
58075;58;Chitry-les-Mines;C
58076;58;Chougny;C
58077;58;Ciez;C
58078;58;Cizely;C
58079;58;Clamecy;C
58080;58;La Collancelle;C
58081;58;Colméry;C
58082;58;Corancy;C
58083;58;Corbigny;C
58084;58;Corvol-d'Embernard;C
58085;58;Corvol-l'Orgueilleux;C
58086;58;Cosne-Cours-sur-Loire;C
58087;58;Cossaye;C
58088;58;Coulanges-lès-Nevers;B2
58089;58;Couloutre;C
58090;58;Courcelles;C
58092;58;Crux-la-Ville;C
58093;58;Cuncy-lès-Varzy;C
58094;58;Dampierre-sous-Bouhy;C
58095;58;Decize;C
58096;58;Devay;C
58097;58;Diennes-Aubigny;C
58098;58;Dirol;C
58099;58;Dommartin;C
58101;58;Dompierre-sur-Nièvre;C
58102;58;Donzy;C
58103;58;Dornecy;C
58104;58;Dornes;C
58105;58;Druy-Parigny;C
58106;58;Dun-les-Places;C
58107;58;Dun-sur-Grandry;C
58108;58;Empury;C
58109;58;Entrains-sur-Nohain;C
58110;58;Epiry;C
58111;58;Fâchin;C
58112;58;La Fermeté;C
58113;58;Fertrève;C
58114;58;Fléty;C
58115;58;Fleury-sur-Loire;C
58116;58;Flez-Cuzy;C
58117;58;Fourchambault;B2
58118;58;Fours;C
58119;58;Frasnay-Reugny;C
58120;58;Gâcogne;C
58121;58;Garchizy;B2
58122;58;Garchy;C
58123;58;Germenay;C
58124;58;Germigny-sur-Loire;B2
58125;58;Gien-sur-Cure;C
58126;58;Gimouille;C
58127;58;Giry;C
58128;58;Glux-en-Glenne;C
58129;58;Gouloux;C
58130;58;Grenois;C
58131;58;Guérigny;C
58132;58;Guipy;C
58133;58;Héry;C
58134;58;Imphy;C
58135;58;Isenay;C
58136;58;Jailly;C
58137;58;Lamenay-sur-Loire;C
58138;58;Langeron;C
58139;58;Lanty;C
58140;58;Larochemillay;C
58141;58;Lavault-de-Frétoy;C
58142;58;Limanton;C
58143;58;Limon;C
58144;58;Livry;C
58145;58;Lormes;C
58146;58;Lucenay-lès-Aix;C
58147;58;Lurcy-le-Bourg;C
58148;58;Luthenay-Uxeloup;C
58149;58;Luzy;C
58150;58;Lys;C
58151;58;La Machine;C
58152;58;Magny-Cours;C
58153;58;Magny-Lormes;C
58154;58;La Maison-Dieu;C
58155;58;La Marche;C
58156;58;Marcy;C
58157;58;Marigny-l'Église;C
58158;58;Mars-sur-Allier;C
58159;58;Marigny-sur-Yonne;C
58160;58;Marzy;C
58161;58;Maux;C
58162;58;Menestreau;C
58163;58;Menou;C
58164;58;Mesves-sur-Loire;C
58165;58;Metz-le-Comte;C
58166;58;Mhère;C
58168;58;Millay;C
58169;58;Moissy-Moulinot;C
58170;58;Monceaux-le-Comte;C
58171;58;Montapas;C
58172;58;Montambert;C
58173;58;Montaron;C
58174;58;Montenoison;C
58175;58;Mont-et-Marré;C
58176;58;Montigny-aux-Amognes;C
58177;58;Montigny-en-Morvan;C
58178;58;Montigny-sur-Canne;C
58179;58;Montreuillon;C
58180;58;Montsauche-les-Settons;C
58181;58;Moraches;C
58182;58;Moulins-Engilbert;C
58183;58;Mouron-sur-Yonne;C
58184;58;Moussy;C
58185;58;Moux-en-Morvan;C
58186;58;Murlin;C
58187;58;Myennes;C
58188;58;Nannay;C
58189;58;Narcy;C
58190;58;Neuffontaines;C
58191;58;Neuilly;C
58192;58;Neuville-lès-Decize;C
58193;58;Neuvy-sur-Loire;C
58194;58;Nevers;B2
58195;58;La Nocle-Maulaix;C
58196;58;Nolay;C
58197;58;Nuars;C
58198;58;Oisy;C
58199;58;Onlay;C
58200;58;Ouagne;C
58201;58;Oudan;C
58202;58;Ougny;C
58203;58;Oulon;C
58204;58;Vaux d'Amognes;C
58205;58;Ouroux-en-Morvan;C
58206;58;Parigny-la-Rose;C
58207;58;Parigny-les-Vaux;C
58208;58;Pazy;C
58209;58;Perroy;C
58210;58;Planchez;C
58211;58;Poil;C
58212;58;Poiseux;C
58213;58;Pougny;C
58214;58;Pougues-les-Eaux;B2
58215;58;Pouilly-sur-Loire;C
58216;58;Pouques-Lormes;C
58217;58;Pousseaux;C
58218;58;Prémery;C
58219;58;Préporché;C
58220;58;Raveau;C
58221;58;Rémilly;C
58222;58;Rix;C
58223;58;Rouy;C
58224;58;Ruages;C
58225;58;Saincaize-Meauce;B2
58226;58;Saint-Agnan;C
58227;58;Saint-Amand-en-Puisaye;C
58228;58;Saint-Andelain;C
58229;58;Saint-André-en-Morvan;C
58230;58;Saint-Aubin-des-Chaumes;C
58231;58;Saint-Aubin-les-Forges;C
58232;58;Saint-Benin-d'Azy;C
58233;58;Saint-Benin-des-Bois;C
58234;58;Saint-Bonnot;C
58235;58;Saint-Brisson;C
58236;58;Sainte-Colombe-des-Bois;C
58237;58;Saint-Didier;C
58238;58;Saint-Éloi;C
58239;58;Saint-Firmin;C
58240;58;Saint-Franchy;C
58241;58;Saint-Germain-Chassenay;C
58242;58;Saint-Germain-des-Bois;C
58243;58;Saint-Gratien-Savigny;C
58244;58;Saint-Hilaire-en-Morvan;C
58245;58;Saint-Hilaire-Fontaine;C
58246;58;Saint-Honoré-les-Bains;C
58247;58;Saint-Jean-aux-Amognes;C
58248;58;Saint-Laurent-l'Abbaye;C
58249;58;Saint-Léger-de-Fougeret;C
58250;58;Saint-Léger-des-Vignes;C
58251;58;Saint-Loup-des-Bois;C
58252;58;Saint-Malo-en-Donziois;C
58253;58;Sainte-Marie;C
58254;58;Saint-Martin-d'Heuille;C
58255;58;Saint-Martin-du-Puy;C
58256;58;Saint-Martin-sur-Nohain;C
58257;58;Saint-Maurice;C
58258;58;Saint-Ouen-sur-Loire;C
58259;58;Saint-Parize-en-Viry;C
58260;58;Saint-Parize-le-Châtel;C
58261;58;Saint-Père;C
58262;58;Saint-Péreuse;C
58263;58;Saint-Pierre-du-Mont;C
58264;58;Saint-Pierre-le-Moûtier;C
58265;58;Saint-Quentin-sur-Nohain;C
58266;58;Saint-Révérien;C
58267;58;Saint-Saulge;C
58268;58;Saint-Seine;C
58269;58;Saint-Sulpice;C
58270;58;Saint-Vérain;C
58271;58;Saizy;C
58272;58;Sardy-lès-Épiry;C
58273;58;Sauvigny-les-Bois;C
58274;58;Savigny-Poil-Fol;C
58275;58;Saxi-Bourdon;C
58276;58;Sémelay;C
58277;58;Sermages;C
58278;58;Sermoise-sur-Loire;B2
58279;58;Sichamps;C
58280;58;Sougy-sur-Loire;C
58281;58;Suilly-la-Tour;C
58282;58;Surgy;C
58283;58;Taconnay;C
58284;58;Talon;C
58285;58;Tamnay-en-Bazois;C
58286;58;Tannay;C
58287;58;Tazilly;C
58288;58;Teigny;C
58289;58;Ternant;C
58290;58;Thaix;C
58291;58;Thianges;C
58292;58;Tintury;C
58293;58;Toury-Lurcy;C
58294;58;Toury-sur-Jour;C
58295;58;Tracy-sur-Loire;C
58296;58;Tresnay;C
58297;58;Trois-Vèvres;C
58298;58;Tronsanges;C
58299;58;Trucy-l'Orgueilleux;C
58300;58;Urzy;C
58301;58;Vandenesse;C
58302;58;Varennes-lès-Narcy;C
58303;58;Varennes-Vauzelles;B2
58304;58;Varzy;C
58305;58;Vauclaix;C
58306;58;Verneuil;C
58307;58;Vielmanay;C
58308;58;Vignol;C
58309;58;Villapourçon;C
58310;58;Villiers-le-Sec;C
58311;58;Ville-Langy;C
58312;58;Villiers-sur-Yonne;C
58313;58;Vitry-Laché;C
59001;59;Abancourt;C
59002;59;Abscon;B2
59003;59;Aibes;C
59004;59;Aix-en-Pévèle;C
59005;59;Allennes-les-Marais;B2
59006;59;L’Orée de Mormal;C
59007;59;Anhiers;B2
59008;59;Aniche;B2
59009;59;Villeneuve-d'Ascq;B1
59010;59;Anneux;C
59011;59;Annœullin;B2
59012;59;Anor;C
59013;59;Anstaing;B1
59014;59;Anzin;B2
59015;59;Arleux;B2
59016;59;Armbouts-Cappel;B2
59017;59;Armentières;B1
59018;59;Arnèke;C
59019;59;Artres;B2
59021;59;Assevent;B2
59022;59;Attiches;B2
59023;59;Aubencheul-au-Bac;C
59024;59;Auberchicourt;B2
59025;59;Aubers;B2
59026;59;Aubigny-au-Bac;B2
59027;59;Aubry-du-Hainaut;B2
59028;59;Auby;B2
59029;59;Auchy-lez-Orchies;C
59031;59;Audignies;C
59032;59;Aulnoy-lez-Valenciennes;B2
59033;59;Aulnoye-Aymeries;B2
59034;59;Avelin;B2
59035;59;Avesnelles;C
59036;59;Avesnes-sur-Helpe;C
59037;59;Avesnes-les-Aubert;C
59038;59;Avesnes-le-Sec;B2
59039;59;Awoingt;B2
59041;59;Bachant;B2
59042;59;Bachy;B2
59043;59;Bailleul;B1
59044;59;Baisieux;B1
59045;59;Baives;C
59046;59;Bambecque;C
59047;59;Banteux;C
59048;59;Bantigny;C
59049;59;Bantouzelle;C
59050;59;Bas-Lieu;C
59051;59;La Bassée;B1
59052;59;Bauvin;B2
59053;59;Bavay;C
59054;59;Bavinchove;C
59055;59;Bazuel;C
59056;59;Beaucamps-Ligny;B2
59057;59;Beaudignies;C
59058;59;Beaufort;C
59059;59;Beaumont-en-Cambrésis;C
59060;59;Beaurain;C
59061;59;Beaurepaire-sur-Sambre;C
59062;59;Beaurieux;C
59063;59;Beauvois-en-Cambrésis;C
59064;59;Bellaing;B2
59065;59;Bellignies;C
59066;59;Bérelles;C
59067;59;Bergues;B1
59068;59;Berlaimont;C
59069;59;Bermerain;C
59071;59;Bersée;B1
59072;59;Bersillies;C
59073;59;Berthen;C
59074;59;Bertry;C
59075;59;Béthencourt;C
59076;59;Bettignies;C
59077;59;Bettrechies;C
59078;59;Beugnies;C
59079;59;Beuvrages;B2
59080;59;Beuvry-la-Forêt;C
59081;59;Bévillers;C
59082;59;Bierne;B2
59083;59;Bissezeele;C
59084;59;Blaringhem;C
59085;59;Blécourt;C
59086;59;Boeschepe;C
59087;59;Boëseghem;C
59088;59;Bois-Grenier;B2
59089;59;Bollezeele;C
59090;59;Bondues;A
59091;59;Borre;C
59092;59;Bouchain;B2
59093;59;Boulogne-sur-Helpe;C
59094;59;Bourbourg;B1
59096;59;Bourghelles;B1
59097;59;Boursies;C
59098;59;Bousbecque;B1
59099;59;Bousies;C
59100;59;Bousignies;C
59101;59;Bousignies-sur-Roc;C
59102;59;Boussières-en-Cambrésis;C
59103;59;Boussières-sur-Sambre;B2
59104;59;Boussois;B2
59105;59;Bouvignies;C
59106;59;Bouvines;B1
59107;59;Bray-Dunes;B1
59108;59;Briastre;C
59109;59;Brillon;C
59110;59;Brouckerque;C
59111;59;Broxeele;C
59112;59;Bruay-sur-l'Escaut;B2
59113;59;Bruille-lez-Marchiennes;B2
59114;59;Bruille-Saint-Amand;B2
59115;59;Brunémont;B2
59116;59;Bry;C
59117;59;Bugnicourt;B2
59118;59;Busigny;C
59119;59;Buysscheure;C
59120;59;Caëstre;C
59121;59;Cagnoncles;C
59122;59;Cambrai;B1
59123;59;Camphin-en-Carembault;B2
59124;59;Camphin-en-Pévèle;B1
59125;59;Cantaing-sur-Escaut;C
59126;59;Cantin;B2
59127;59;Capelle;C
59128;59;Capinghem;B1
59129;59;Cappelle-en-Pévèle;B2
59130;59;Cappelle-Brouck;C
59131;59;Cappelle-la-Grande;B1
59132;59;Carnières;C
59133;59;Carnin;B2
59134;59;Cartignies;C
59135;59;Cassel;C
59136;59;Le Cateau-Cambrésis;C
59137;59;Catillon-sur-Sambre;C
59138;59;Cattenières;C
59139;59;Caudry;C
59140;59;Caullery;C
59141;59;Cauroir;C
59142;59;Cerfontaine;B2
59143;59;La Chapelle-d'Armentières;B1
59144;59;Château-l'Abbaye;B2
59145;59;Chemy;B2
59146;59;Chéreng;B1
59147;59;Choisies;C
59148;59;Clairfayts;C
59149;59;Clary;C
59150;59;Cobrieux;B2
59151;59;Colleret;B2
59152;59;Comines;B1
59153;59;Condé-sur-l'Escaut;B2
59155;59;Coudekerque-Branche;B1
59156;59;Courchelettes;B2
59157;59;Cousolre;C
59158;59;Coutiches;C
59159;59;Craywick;B2
59160;59;Crespin;B2
59161;59;Crèvecœur-sur-l'Escaut;C
59162;59;Crochte;C
59163;59;Croix;B1
59164;59;Croix-Caluyau;C
59165;59;Cuincy;B2
59166;59;Curgies;B2
59167;59;Cuvillers;C
59168;59;Cysoing;B1
59169;59;Damousies;C
59170;59;Dechy;B2
59171;59;Dehéries;C
59172;59;Denain;B2
59173;59;Deûlémont;B2
59174;59;Dimechaux;C
59175;59;Dimont;C
59176;59;Doignies;C
59177;59;Dompierre-sur-Helpe;C
59178;59;Douai;B1
59179;59;Douchy-les-Mines;B2
59180;59;Le Doulieu;C
59181;59;Dourlers;C
59182;59;Drincham;C
59183;59;Dunkerque;B1
59184;59;Ebblinghem;C
59185;59;Écaillon;B2
59186;59;Eccles;C
59187;59;Éclaibes;B2
59188;59;Écuélin;C
59189;59;Eecke;C
59190;59;Élesmes;B2
59191;59;Élincourt;C
59192;59;Émerchicourt;B2
59193;59;Emmerin;B1
59194;59;Englefontaine;C
59195;59;Englos;B1
59196;59;Ennetières-en-Weppes;B1
59197;59;Ennevelin;B2
59198;59;Eppe-Sauvage;C
59199;59;Erchin;B2
59200;59;Eringhem;C
59201;59;Erquinghem-le-Sec;B2
59202;59;Erquinghem-Lys;B1
59203;59;Erre;B2
59204;59;Escarmain;C
59205;59;Escaudain;B2
59206;59;Escaudœuvres;B2
59207;59;Escautpont;B2
59208;59;Escobecques;B2
59209;59;Esnes;C
59210;59;Esquelbecq;C
59211;59;Esquerchin;B2
59212;59;Estaires;C
59213;59;Estourmel;C
59214;59;Estrées;B2
59215;59;Estreux;B2
59216;59;Eswars;C
59217;59;Eth;C
59218;59;Étrœungt;C
59219;59;Estrun;C
59220;59;Faches-Thumesnil;B1
59221;59;Famars;B2
59222;59;Faumont;B2
59223;59;Le Favril;C
59224;59;Féchain;B2
59225;59;Feignies;B2
59226;59;Felleries;C
59227;59;Fenain;B2
59228;59;Férin;B2
59229;59;Féron;C
59230;59;Ferrière-la-Grande;B2
59231;59;Ferrière-la-Petite;B2
59232;59;La Flamengrie;C
59233;59;Flaumont-Waudrechies;C
59234;59;Flers-en-Escrebieux;B2
59236;59;Flesquières;C
59237;59;Flêtre;C
59238;59;Flines-lès-Mortagne;B2
59239;59;Flines-lez-Raches;B2
59240;59;Floursies;C
59241;59;Floyon;C
59242;59;Fontaine-au-Bois;C
59243;59;Fontaine-au-Pire;C
59244;59;Fontaine-Notre-Dame;C
59246;59;Forest-en-Cambrésis;C
59247;59;Forest-sur-Marque;B1
59249;59;Fourmies;C
59250;59;Fournes-en-Weppes;B2
59251;59;Frasnoy;C
59252;59;Frelinghien;B1
59253;59;Fresnes-sur-Escaut;B2
59254;59;Fressain;B2
59255;59;Fressies;C
59256;59;Fretin;B2
59257;59;Fromelles;B2
59258;59;Genech;B2
59259;59;Ghissignies;C
59260;59;Ghyvelde;B2
59261;59;Glageon;C
59262;59;Godewaersvelde;C
59263;59;Gœulzin;B2
59264;59;Gognies-Chaussée;C
59265;59;Gommegnies;C
59266;59;Gondecourt;B2
59267;59;Gonnelieu;C
59268;59;La Gorgue;C
59269;59;Gouzeaucourt;C
59270;59;Grand-Fayt;C
59271;59;Grande-Synthe;B1
59272;59;Grand-Fort-Philippe;B2
59273;59;Gravelines;B1
59274;59;La Groise;C
59275;59;Gruson;B1
59276;59;Guesnain;B2
59277;59;Gussignies;C
59278;59;Hallennes-lez-Haubourdin;B1
59279;59;Halluin;B1
59280;59;Hamel;B2
59281;59;Hantay;B2
59282;59;Hardifort;C
59283;59;Hargnies;C
59284;59;Hasnon;B2
59285;59;Haspres;B2
59286;59;Haubourdin;B1
59287;59;Haucourt-en-Cambrésis;C
59288;59;Haulchin;B2
59289;59;Haussy;C
59290;59;Haut-Lieu;C
59291;59;Hautmont;B2
59292;59;Haveluy;B2
59293;59;Haverskerque;C
59294;59;Haynecourt;C
59295;59;Hazebrouck;B1
59296;59;Hecq;C
59297;59;Hélesmes;B2
59299;59;Hem;B1
59300;59;Hem-Lenglet;C
59301;59;Hergnies;B2
59302;59;Hérin;B2
59303;59;Herlies;B1
59304;59;Herrin;B2
59305;59;Herzeele;C
59306;59;Hestrud;C
59307;59;Holque;C
59308;59;Hondeghem;C
59309;59;Hondschoote;C
59310;59;Hon-Hergies;C
59311;59;Honnechy;C
59312;59;Honnecourt-sur-Escaut;C
59313;59;Hordain;B2
59314;59;Hornaing;B2
59315;59;Houdain-lez-Bavay;C
59316;59;Houplin-Ancoisne;B2
59317;59;Houplines;B1
59318;59;Houtkerque;C
59319;59;Hoymille;B2
59320;59;Illies;B1
59321;59;Inchy;C
59322;59;Iwuy;C
59323;59;Jenlain;C
59324;59;Jeumont;B2
59325;59;Jolimetz;C
59326;59;Killem;C
59327;59;Lallaing;B2
59328;59;Lambersart;A
59329;59;Lambres-lez-Douai;B2
59330;59;Landas;C
59331;59;Landrecies;C
59332;59;Lannoy;B1
59333;59;Larouillies;C
59334;59;Lauwin-Planque;B2
59335;59;Lecelles;B2
59336;59;Lécluse;B2
59337;59;Lederzeele;C
59338;59;Ledringhem;C
59339;59;Leers;B1
59340;59;Leffrinckoucke;B2
59341;59;Lesdain;C
59342;59;Lez-Fontaine;C
59343;59;Lesquin;B1
59344;59;Leval;B2
59345;59;Lewarde;B2
59346;59;Lezennes;B1
59347;59;Liessies;C
59348;59;Lieu-Saint-Amand;B2
59349;59;Ligny-en-Cambrésis;C
59350;59;Lille;A
59351;59;Limont-Fontaine;B2
59352;59;Linselles;B1
59353;59;Locquignol;C
59354;59;Loffre;B2
59356;59;Lompret;B1
59357;59;La Longueville;C
59358;59;Looberghe;C
59359;59;Loon-Plage;B1
59360;59;Loos;A
59361;59;Lourches;B2
59363;59;Louvignies-Quesnoy;C
59364;59;Louvil;B1
59365;59;Louvroil;B2
59366;59;Lynde;C
59367;59;Lys-lez-Lannoy;B1
59368;59;La Madeleine;A
59369;59;Maing;B2
59370;59;Mairieux;B2
59371;59;Le Maisnil;B1
59372;59;Malincourt;C
59374;59;Marbaix;C
59375;59;Marchiennes;C
59377;59;Marcoing;C
59378;59;Marcq-en-Barœul;A
59379;59;Marcq-en-Ostrevent;B2
59381;59;Maresches;C
59382;59;Maretz;C
59383;59;Marly;B1
59384;59;Maroilles;C
59385;59;Marpent;B2
59386;59;Marquette-lez-Lille;B1
59387;59;Marquette-en-Ostrevant;B2
59388;59;Marquillies;B2
59389;59;Masnières;C
59390;59;Masny;B2
59391;59;Mastaing;B2
59392;59;Maubeuge;B2
59393;59;Maulde;B2
59394;59;Maurois;C
59395;59;Mazinghien;C
59396;59;Mecquignies;C
59397;59;Merckeghem;C
59398;59;Mérignies;B2
59399;59;Merris;C
59400;59;Merville;B2
59401;59;Méteren;B2
59402;59;Millam;C
59403;59;Millonfosse;B2
59405;59;Mœuvres;C
59406;59;Monceau-Saint-Waast;B2
59407;59;Monchaux-sur-Écaillon;B2
59408;59;Moncheaux;B2
59409;59;Monchecourt;B2
59410;59;Mons-en-Barœul;B1
59411;59;Mons-en-Pévèle;B2
59412;59;Montay;C
59413;59;Montigny-en-Cambrésis;C
59414;59;Montigny-en-Ostrevent;B2
59415;59;Montrécourt;C
59416;59;Morbecque;C
59418;59;Mortagne-du-Nord;B2
59419;59;Mouchin;B2
59420;59;Moustier-en-Fagne;C
59421;59;Mouvaux;A
59422;59;Naves;C
59423;59;Neuf-Berquin;C
59424;59;Neuf-Mesnil;B2
59425;59;Neuville-en-Avesnois;C
59426;59;Neuville-en-Ferrain;B1
59427;59;La Neuville;B2
59428;59;Neuville-Saint-Rémy;B2
59429;59;Neuville-sur-Escaut;B2
59430;59;Neuvilly;C
59431;59;Nieppe;B1
59432;59;Niergnies;C
59433;59;Nieurlet;C
59434;59;Nivelle;B2
59435;59;Nomain;C
59436;59;Noordpeene;C
59437;59;Noyelles-lès-Seclin;B1
59438;59;Noyelles-sur-Escaut;C
59439;59;Noyelles-sur-Sambre;C
59440;59;Noyelles-sur-Selle;B2
59441;59;Obies;C
59442;59;Obrechies;B2
59443;59;Ochtezeele;C
59444;59;Odomez;B2
59445;59;Ohain;C
59446;59;Oisy;B2
59447;59;Onnaing;B2
59448;59;Oost-Cappel;C
59449;59;Orchies;B1
59450;59;Ors;C
59451;59;Orsinval;C
59452;59;Ostricourt;B2
59453;59;Oudezeele;C
59454;59;Oxelaëre;C
59455;59;Paillencourt;C
59456;59;Pecquencourt;B2
59457;59;Pérenchies;B1
59458;59;Péronne-en-Mélantois;B1
59459;59;Petite-Forêt;B2
59461;59;Petit-Fayt;C
59462;59;Phalempin;B1
59463;59;Pitgam;C
59464;59;Poix-du-Nord;C
59465;59;Pommereuil;C
59466;59;Pont-à-Marcq;B2
59467;59;Pont-sur-Sambre;B2
59468;59;Potelle;C
59469;59;Pradelles;C
59470;59;Prémesques;B1
59471;59;Préseau;B2
59472;59;Preux-au-Bois;C
59473;59;Preux-au-Sart;C
59474;59;Prisches;C
59475;59;Prouvy;B2
59476;59;Proville;B2
59477;59;Provin;B2
59478;59;Quaëdypre;B2
59479;59;Quarouble;B2
59480;59;Quérénaing;B2
59481;59;Le Quesnoy;C
59482;59;Quesnoy-sur-Deûle;B1
59483;59;Quiévelon;C
59484;59;Quiévrechain;B2
59485;59;Quiévy;C
59486;59;Râches;B2
59487;59;Radinghem-en-Weppes;B1
59488;59;Raillencourt-Sainte-Olle;B2
59489;59;Raimbeaucourt;B2
59490;59;Rainsars;C
59491;59;Raismes;B2
59492;59;Ramillies;C
59493;59;Ramousies;C
59494;59;Raucourt-au-Bois;C
59495;59;Recquignies;B2
59496;59;Rejet-de-Beaulieu;C
59497;59;Renescure;C
59498;59;Reumont;C
59499;59;Rexpoëde;C
59500;59;Ribécourt-la-Tour;C
59501;59;Rieulay;B2
59502;59;Rieux-en-Cambrésis;C
59503;59;Robersart;C
59504;59;Rœulx;B2
59505;59;Rombies-et-Marchipont;B2
59506;59;Romeries;C
59507;59;Ronchin;B1
59508;59;Roncq;B1
59509;59;Roost-Warendin;B2
59511;59;Rosult;C
59512;59;Roubaix;B1
59513;59;Roucourt;B2
59514;59;Rousies;B2
59515;59;Rouvignies;B2
59516;59;Rubrouck;C
59517;59;Les Rues-des-Vignes;C
59518;59;Ruesnes;C
59519;59;Rumegies;C
59520;59;Rumilly-en-Cambrésis;C
59521;59;Sailly-lez-Cambrai;B2
59522;59;Sailly-lez-Lannoy;B1
59523;59;Sainghin-en-Mélantois;B1
59524;59;Sainghin-en-Weppes;B2
59525;59;Sains-du-Nord;C
59526;59;Saint-Amand-les-Eaux;B1
59527;59;Saint-André-lez-Lille;A
59528;59;Saint-Aubert;C
59529;59;Saint-Aubin;C
59530;59;Saint-Aybert;B2
59531;59;Saint-Benin;C
59532;59;Saint-Georges-sur-l'Aa;B2
59533;59;Saint-Hilaire-lez-Cambrai;C
59534;59;Saint-Hilaire-sur-Helpe;C
59535;59;Saint-Jans-Cappel;B2
59536;59;Sainte-Marie-Cappel;C
59537;59;Saint-Martin-sur-Écaillon;C
59538;59;Saint-Momelin;C
59539;59;Saint-Pierre-Brouck;C
59541;59;Saint-Python;C
59542;59;Saint-Remy-Chaussée;C
59543;59;Saint-Remy-du-Nord;B2
59544;59;Saint-Saulve;B1
59545;59;Saint-Souplet;C
59546;59;Saint-Sylvestre-Cappel;C
59547;59;Saint-Vaast-en-Cambrésis;C
59548;59;Saint-Waast;C
59549;59;Salesches;C
59550;59;Salomé;B2
59551;59;Saméon;C
59552;59;Sancourt;C
59553;59;Santes;B1
59554;59;Sars-et-Rosières;C
59555;59;Sars-Poteries;C
59556;59;Sassegnies;C
59557;59;Saultain;B2
59558;59;Saulzoir;C
59559;59;Sebourg;B2
59560;59;Seclin;B1
59562;59;Sémeries;C
59563;59;Semousies;C
59564;59;La Sentinelle;B2
59565;59;Sepmeries;C
59566;59;Sequedin;B1
59567;59;Séranvillers-Forenville;C
59568;59;Sercus;C
59569;59;Sin-le-Noble;B1
59570;59;Socx;B2
59571;59;Solesmes;C
59572;59;Solre-le-Château;C
59573;59;Solrinnes;C
59574;59;Somain;B2
59575;59;Sommaing;C
59576;59;Spycker;C
59577;59;Staple;C
59578;59;Steenbecque;C
59579;59;Steene;C
59580;59;Steenvoorde;C
59581;59;Steenwerck;B2
59582;59;Strazeele;C
59583;59;Taisnières-en-Thiérache;C
59584;59;Taisnières-sur-Hon;C
59585;59;Templemars;B1
59586;59;Templeuve-en-Pévèle;B1
59587;59;Terdeghem;C
59588;59;Téteghem-Coudekerque-Village;B1
59589;59;Thiant;B2
59590;59;Thiennes;C
59591;59;Thivencelle;B2
59592;59;Thumeries;B2
59593;59;Thun-l'Évêque;C
59594;59;Thun-Saint-Amand;B2
59595;59;Thun-Saint-Martin;C
59596;59;Tilloy-lez-Marchiennes;C
59597;59;Tilloy-lez-Cambrai;B2
59598;59;Toufflers;B1
59599;59;Tourcoing;B1
59600;59;Tourmignies;B1
59601;59;Trélon;C
59602;59;Tressin;B1
59603;59;Trith-Saint-Léger;B2
59604;59;Troisvilles;C
59605;59;Uxem;C
59606;59;Valenciennes;B1
59607;59;Vendegies-au-Bois;C
59608;59;Vendegies-sur-Écaillon;C
59609;59;Vendeville;B1
59610;59;Verchain-Maugré;B2
59611;59;Verlinghem;B1
59612;59;Vertain;C
59613;59;Vicq;B2
59614;59;Viesly;C
59615;59;Vieux-Berquin;C
59616;59;Vieux-Condé;B2
59617;59;Vieux-Mesnil;B2
59618;59;Vieux-Reng;C
59619;59;Villereau;C
59620;59;Villers-au-Tertre;B2
59622;59;Villers-en-Cauchies;C
59623;59;Villers-Guislain;C
59624;59;Villers-Outréaux;C
59625;59;Villers-Plouich;C
59626;59;Villers-Pol;C
59627;59;Villers-Sire-Nicole;C
59628;59;Volckerinckhove;C
59629;59;Vred;C
59630;59;Wahagnies;B2
59631;59;Walincourt-Selvigny;C
59632;59;Wallers;B2
59633;59;Wallers-en-Fagne;C
59634;59;Wallon-Cappel;C
59635;59;Wambaix;C
59636;59;Wambrechies;A
59637;59;Wandignies-Hamage;C
59638;59;Wannehain;B1
59639;59;Wargnies-le-Grand;C
59640;59;Wargnies-le-Petit;C
59641;59;Warhem;C
59642;59;Warlaing;C
59643;59;Warneton;B2
59645;59;Wasnes-au-Bac;B2
59646;59;Wasquehal;A
59647;59;Watten;C
59648;59;Wattignies;B1
59649;59;Wattignies-la-Victoire;C
59650;59;Wattrelos;B1
59651;59;Wavrechain-sous-Denain;B2
59652;59;Wavrechain-sous-Faulx;B2
59653;59;Wavrin;B2
59654;59;Waziers;B2
59655;59;Wemaers-Cappel;C
59656;59;Wervicq-Sud;B1
59657;59;West-Cappel;C
59658;59;Wicres;B2
59659;59;Wignehies;C
59660;59;Willems;B1
59661;59;Willies;C
59662;59;Winnezeele;C
59663;59;Wormhout;C
59664;59;Wulverdinghe;C
59665;59;Wylder;C
59666;59;Zegerscappel;C
59667;59;Zermezeele;C
59668;59;Zuydcoote;B2
59669;59;Zuytpeene;C
59670;59;Don;B2
60001;60;Abancourt;C
60002;60;Abbecourt;B2
60003;60;Abbeville-Saint-Lucien;C
60004;60;Achy;C
60005;60;Acy-en-Multien;B2
60006;60;Les Ageux;B1
60007;60;Agnetz;B1
60008;60;Airion;C
60009;60;Allonne;B1
60010;60;Amblainville;B2
60011;60;Amy;C
60012;60;Andeville;B2
60013;60;Angicourt;B1
60014;60;Angivillers;C
60015;60;Angy;B1
60016;60;Ansacq;C
60017;60;Ansauvillers;C
60019;60;Antheuil-Portes;C
60020;60;Antilly;B2
60021;60;Appilly;C
60022;60;Apremont;B1
60023;60;Armancourt;B1
60024;60;Arsy;C
60025;60;Attichy;C
60026;60;Auchy-la-Montagne;C
60027;60;Auger-Saint-Vincent;B2
60028;60;Aumont-en-Halatte;A
60029;60;Auneuil;B2
60030;60;Auteuil;B2
60031;60;Autheuil-en-Valois;B2
60032;60;Autrêches;C
60033;60;Avilly-Saint-Léonard;A
60034;60;Avrechy;C
60035;60;Avricourt;C
60036;60;Avrigny;C
60037;60;Babœuf;C
60039;60;Bacouël;C
60040;60;Bailleul-le-Soc;C
60041;60;Bailleul-sur-Thérain;C
60042;60;Bailleval;C
60043;60;Bailly;C
60044;60;Balagny-sur-Thérain;B1
60045;60;Barbery;B1
60046;60;Bargny;B2
60047;60;Baron;B1
60048;60;Baugy;C
60049;60;Bazancourt;C
60050;60;Bazicourt;C
60051;60;Beaudéduit;C
60052;60;Beaugies-sous-Bois;C
60053;60;Beaulieu-les-Fontaines;C
60054;60;Beaumont-les-Nonains;B2
60055;60;Beaurains-lès-Noyon;C
60056;60;Beaurepaire;B1
60057;60;Beauvais;B1
60058;60;Beauvoir;C
60059;60;Béhéricourt;C
60060;60;Belle-Église;A
60061;60;Belloy;C
60062;60;Berlancourt;C
60063;60;Berneuil-en-Bray;B2
60064;60;Berneuil-sur-Aisne;C
60065;60;Berthecourt;C
60066;60;Béthancourt-en-Valois;B2
60067;60;Béthisy-Saint-Martin;C
60068;60;Béthisy-Saint-Pierre;C
60069;60;Betz;B2
60070;60;Bienville;B1
60071;60;Biermont;C
60072;60;Bitry;C
60073;60;Blacourt;C
60074;60;Blaincourt-lès-Précy;B1
60075;60;Blancfossé;C
60076;60;Blargies;C
60077;60;Blicourt;C
60078;60;Blincourt;C
60079;60;Boissy-Fresnoy;B2
60081;60;Bonlier;B2
60082;60;Bonneuil-les-Eaux;C
60083;60;Bonneuil-en-Valois;B2
60084;60;Bonnières;C
60085;60;Bonvillers;C
60086;60;Boran-sur-Oise;A
60087;60;Borest;B1
60088;60;Bornel;A
60089;60;Boubiers;B2
60090;60;Bouconvillers;B2
60091;60;Bouillancy;B2
60092;60;Boullarre;B2
60093;60;Boulogne-la-Grasse;C
60094;60;Boursonne;B2
60095;60;Boury-en-Vexin;B2
60097;60;Boutencourt;B2
60098;60;Bouvresse;C
60099;60;Braisnes-sur-Aronde;C
60100;60;Brasseuse;B1
60101;60;Brégy;B2
60102;60;Brenouille;B1
60103;60;Bresles;C
60104;60;Breteuil;C
60105;60;Brétigny;C
60106;60;Breuil-le-Sec;B1
60107;60;Breuil-le-Vert;B1
60108;60;Briot;C
60109;60;Brombos;C
60110;60;Broquiers;C
60111;60;Broyes;C
60112;60;Brunvillers-la-Motte;C
60113;60;Bucamps;C
60114;60;Buicourt;C
60115;60;Bulles;C
60116;60;Bury;B1
60117;60;Bussy;C
60118;60;Caisnes;C
60119;60;Cambronne-lès-Ribécourt;B1
60120;60;Cambronne-lès-Clermont;C
60121;60;Campagne;C
60122;60;Campeaux;C
60123;60;Campremy;C
60124;60;Candor;C
60125;60;Canly;C
60126;60;Cannectancourt;C
60127;60;Canny-sur-Matz;C
60128;60;Canny-sur-Thérain;C
60129;60;Carlepont;C
60130;60;Catenoy;C
60131;60;Catheux;C
60132;60;Catigny;C
60133;60;Catillon-Fumechon;C
60134;60;Cauffry;B1
60135;60;Cauvigny;B2
60136;60;Cempuis;C
60137;60;Cernoy;C
60138;60;Chamant;B1
60139;60;Chambly;A
60140;60;Chambors;B2
60141;60;Chantilly;Abis
60142;60;La Chapelle-en-Serval;A
60143;60;Chaumont-en-Vexin;B1
60144;60;Chavençon;B2
60145;60;Chelles;C
60146;60;Chepoix;C
60147;60;Chevincourt;C
60148;60;Chèvreville;B2
60149;60;Chevrières;C
60150;60;Chiry-Ourscamp;C
60151;60;Choisy-au-Bac;B1
60152;60;Choisy-la-Victoire;C
60153;60;Choqueuse-les-Bénards;C
60154;60;Cinqueux;B1
60155;60;Cires-lès-Mello;B1
60156;60;Clairoix;B1
60157;60;Clermont;B1
60158;60;Coivrel;C
60159;60;Compiègne;B1
60160;60;Conchy-les-Pots;C
60161;60;Conteville;C
60162;60;Corbeil-Cerf;B2
60163;60;Cormeilles;C
60164;60;Le Coudray-Saint-Germer;C
60165;60;Le Coudray-sur-Thelle;B2
60166;60;Coudun;C
60167;60;Couloisy;C
60168;60;Courcelles-Epayelles;C
60169;60;Courcelles-lès-Gisors;B2
60170;60;Courteuil;A
60171;60;Courtieux;C
60172;60;Coye-la-Forêt;A
60173;60;Cramoisy;B1
60174;60;Crapeaumesnil;C
60175;60;Creil;B1
60176;60;Crépy-en-Valois;B1
60177;60;Cressonsacq;C
60178;60;Crèvecœur-le-Grand;C
60179;60;Crèvecœur-le-Petit;C
60180;60;Crillon;C
60181;60;Crisolles;C
60182;60;Le Crocq;C
60183;60;Croissy-sur-Celle;C
60184;60;Croutoy;C
60185;60;Crouy-en-Thelle;B2
60186;60;Cuignières;C
60187;60;Cuigy-en-Bray;C
60188;60;Cuise-la-Motte;C
60189;60;Cuts;C
60190;60;Cuvergnon;B2
60191;60;Cuvilly;C
60192;60;Cuy;C
60193;60;Daméraucourt;C
60194;60;Dargies;C
60195;60;Delincourt;B2
60196;60;La Drenne;B2
60197;60;Dieudonné;B2
60198;60;Dives;C
60199;60;Doméliers;C
60200;60;Domfront;C
60201;60;Dompierre;C
60203;60;Duvy;B2
60204;60;Écuvilly;C
60205;60;Élencourt;C
60206;60;Élincourt-Sainte-Marguerite;C
60207;60;Éméville;B2
60208;60;Énencourt-Léage;B2
60209;60;La Corne-en-Vexin;B2
60210;60;Épineuse;C
60211;60;Éragny-sur-Epte;B2
60212;60;Ercuis;B2
60213;60;Ermenonville;B1
60214;60;Ernemont-Boutavent;C
60215;60;Erquery;C
60216;60;Erquinvillers;C
60217;60;Escames;C
60218;60;Esches;B2
60219;60;Escles-Saint-Pierre;C
60220;60;Espaubourg;C
60221;60;Esquennoy;C
60222;60;Essuiles;C
60223;60;Estrées-Saint-Denis;C
60224;60;Étavigny;B2
60225;60;Étouy;C
60226;60;Ève;B1
60227;60;Évricourt;C
60228;60;Fay-les-Étangs;B2
60229;60;Le Fayel;C
60230;60;Le Fay-Saint-Quentin;C
60231;60;Feigneux;B2
60232;60;Ferrières;C
60233;60;Feuquières;C
60234;60;Fitz-James;B1
60235;60;Flavacourt;B2
60236;60;Flavy-le-Meldeux;C
60237;60;Fléchy;C
60238;60;Fleurines;B1
60239;60;Fleury;B2
60240;60;Fontaine-Bonneleau;C
60241;60;Fontaine-Chaalis;B1
60242;60;Fontaine-Lavaganne;C
60243;60;Fontaine-Saint-Lucien;B2
60244;60;Fontenay-Torcy;C
60245;60;Formerie;C
60247;60;Fouilleuse;C
60248;60;Fouilloy;C
60249;60;Foulangues;B2
60250;60;Fouquenies;B2
60251;60;Fouquerolles;C
60252;60;Fournival;C
60253;60;Francastel;C
60254;60;Francières;C
60255;60;Fréniches;C
60256;60;Montchevreuil;B2
60257;60;Fresne-Léguillon;B2
60258;60;Fresnières;C
60259;60;Fresnoy-en-Thelle;B2
60260;60;Fresnoy-la-Rivière;B2
60261;60;Fresnoy-le-Luat;B2
60262;60;Le Frestoy-Vaux;C
60263;60;Frétoy-le-Château;C
60264;60;Frocourt;B2
60265;60;Froissy;C
60267;60;Le Gallet;C
60268;60;Gannes;C
60269;60;Gaudechart;C
60270;60;Genvry;C
60271;60;Gerberoy;C
60272;60;Gilocourt;B2
60273;60;Giraumont;C
60274;60;Glaignes;B2
60275;60;Glatigny;C
60276;60;Godenvillers;C
60277;60;Goincourt;B1
60278;60;Golancourt;C
60279;60;Gondreville;B2
60280;60;Gourchelles;C
60281;60;Gournay-sur-Aronde;C
60282;60;Gouvieux;A
60283;60;Gouy-les-Groseillers;C
60284;60;Grandfresnoy;C
60285;60;Grandvillers-aux-Bois;C
60286;60;Grandvilliers;C
60287;60;Grandrû;C
60288;60;Grémévillers;C
60289;60;Grez;C
60290;60;Guignecourt;B2
60291;60;Guiscard;C
60292;60;Gury;C
60293;60;Hadancourt-le-Haut-Clocher;B2
60294;60;Hainvillers;C
60295;60;Halloy;C
60296;60;Hannaches;C
60297;60;Le Hamel;C
60298;60;Hanvoile;C
60299;60;Hardivillers;C
60301;60;Haucourt;C
60302;60;Haudivillers;C
60303;60;Hautbos;C
60304;60;Haute-Épine;C
60305;60;Hautefontaine;C
60306;60;Hécourt;C
60307;60;Heilles;C
60308;60;Hémévillers;C
60309;60;Hénonville;B2
60310;60;Herchies;B2
60311;60;La Hérelle;C
60312;60;Héricourt-sur-Thérain;C
60313;60;Hermes;C
60314;60;Hétomesnil;C
60315;60;Hodenc-en-Bray;C
60316;60;Hodenc-l'Évêque;B2
60317;60;Hondainville;C
60318;60;Houdancourt;C
60319;60;La Houssoye;B2
60320;60;Ivors;B2
60321;60;Ivry-le-Temple;B2
60322;60;Jaméricourt;B2
60323;60;Janville;B1
60324;60;Jaulzy;C
60325;60;Jaux;B1
60326;60;Jonquières;B2
60327;60;Jouy-sous-Thelle;B2
60328;60;Juvignies;B2
60329;60;Laberlière;C
60330;60;Laboissière-en-Thelle;B2
60331;60;Labosse;B2
60332;60;Labruyère;C
60333;60;Lachapelle-aux-Pots;C
60334;60;Lachapelle-Saint-Pierre;B2
60335;60;Lachapelle-sous-Gerberoy;C
60336;60;Lachaussée-du-Bois-d'Écu;C
60337;60;Lachelle;C
60338;60;Lacroix-Saint-Ouen;B1
60339;60;Lafraye;C
60340;60;Lagny;C
60341;60;Lagny-le-Sec;B2
60342;60;Laigneville;B1
60343;60;Lalande-en-Son;B2
60344;60;Lalandelle;C
60345;60;Lamécourt;C
60346;60;Lamorlaye;A
60347;60;Lannoy-Cuillère;C
60348;60;Larbroye;C
60350;60;Lassigny;C
60351;60;Lataule;C
60352;60;Lattainville;B2
60353;60;Lavacquerie;C
60354;60;Laverrière;C
60355;60;Laversines;C
60356;60;Lavilletertre;B2
60357;60;Léglantiers;C
60358;60;Lévignen;B2
60359;60;Lhéraule;C
60360;60;Liancourt;B1
60361;60;Liancourt-Saint-Pierre;B2
60362;60;Libermont;C
60363;60;Lierville;B2
60364;60;Lieuvillers;C
60365;60;Lihus;C
60366;60;Litz;C
60367;60;Loconville;B2
60368;60;Longueil-Annel;B1
60369;60;Longueil-Sainte-Marie;C
60370;60;Lormaison;B2
60371;60;Loueuse;C
60372;60;Luchy;C
60373;60;Machemont;B1
60374;60;Maignelay-Montigny;C
60375;60;Maimbeville;C
60376;60;Maisoncelle-Saint-Pierre;B2
60377;60;Maisoncelle-Tuilerie;C
60378;60;Marest-sur-Matz;C
60379;60;Mareuil-la-Motte;C
60380;60;Mareuil-sur-Ourcq;B2
60381;60;Margny-aux-Cerises;C
60382;60;Margny-lès-Compiègne;B1
60383;60;Margny-sur-Matz;C
60385;60;Marolles;B2
60386;60;Marquéglise;C
60387;60;Marseille-en-Beauvaisis;C
60388;60;Martincourt;C
60389;60;Maucourt;C
60390;60;Maulers;C
60391;60;Maysel;B1
60392;60;Mélicocq;B1
60393;60;Mello;B1
60394;60;Ménévillers;C
60395;60;Méru;A
60396;60;Méry-la-Bataille;C
60397;60;Le Mesnil-Conteville;C
60398;60;Le Mesnil-en-Thelle;A
60399;60;Le Mesnil-Saint-Firmin;C
60400;60;Le Mesnil-sur-Bulles;C
60401;60;Le Mesnil-Théribus;B2
60402;60;Le Meux;B1
60403;60;Milly-sur-Thérain;B2
60404;60;Mogneville;B1
60405;60;Moliens;C
60406;60;Monceaux;B1
60407;60;Monceaux-l'Abbaye;C
60408;60;Monchy-Humières;C
60409;60;Monchy-Saint-Éloi;B1
60410;60;Mondescourt;C
60411;60;Monneville;B2
60412;60;Montagny-en-Vexin;B2
60413;60;Montagny-Sainte-Félicité;B1
60414;60;Montataire;B1
60415;60;Montépilloy;B1
60416;60;Montgérain;C
60418;60;Montiers;C
60420;60;Montjavoult;B2
60421;60;Mont-l'Évêque;B1
60422;60;Montlognon;B1
60423;60;Montmacq;B1
60424;60;Montmartin;C
60425;60;Montreuil-sur-Brêche;C
60426;60;Montreuil-sur-Thérain;C
60427;60;Monts;B2
60428;60;Le Mont-Saint-Adrien;B2
60429;60;Morangles;B2
60430;60;Morienval;B2
60431;60;Morlincourt;C
60432;60;Mortefontaine;B1
60433;60;Mortefontaine-en-Thelle;B2
60434;60;Mortemer;C
60435;60;Morvillers;C
60436;60;Mory-Montcrux;C
60437;60;Mouchy-le-Châtel;C
60438;60;Moulin-sous-Touvent;C
60439;60;Mouy;B1
60440;60;Moyenneville;C
60441;60;Moyvillers;C
60442;60;Muidorge;C
60443;60;Muirancourt;C
60444;60;Mureaumont;C
60445;60;Nampcel;C
60446;60;Nanteuil-le-Haudouin;B1
60447;60;Néry;C
60448;60;Neufchelles;B2
60449;60;Neufvy-sur-Aronde;C
60450;60;Neuilly-en-Thelle;B2
60451;60;Neuilly-sous-Clermont;C
60452;60;Neuville-Bosc;B2
60454;60;La Neuville-en-Hez;C
60456;60;La Neuville-Roy;C
60457;60;La Neuville-Saint-Pierre;C
60458;60;La Neuville-sur-Oudeuil;C
60459;60;La Neuville-sur-Ressons;C
60460;60;La Neuville-Vault;C
60461;60;Nivillers;B2
60462;60;Noailles;B2
60463;60;Nogent-sur-Oise;B1
60464;60;Nointel;C
60465;60;Noirémont;C
60466;60;Noroy;C
60468;60;Nourard-le-Franc;C
60469;60;Novillers;B2
60470;60;Noyers-Saint-Martin;C
60471;60;Noyon;C
60472;60;Offoy;C
60473;60;Ognes;B2
60474;60;Ognolles;C
60476;60;Omécourt;C
60477;60;Ons-en-Bray;C
60478;60;Ormoy-le-Davien;B2
60479;60;Ormoy-Villers;B2
60480;60;Oroër;C
60481;60;Orrouy;B2
60482;60;Orry-la-Ville;A
60483;60;Orvillers-Sorel;C
60484;60;Oudeuil;C
60485;60;Oursel-Maison;C
60486;60;Paillart;C
60487;60;Parnes;B2
60488;60;Passel;C
60489;60;Péroy-les-Gombries;B2
60490;60;Pierrefitte-en-Beauvaisis;B2
60491;60;Pierrefonds;C
60492;60;Pimprez;C
60493;60;Pisseleu;C
60494;60;Plailly;B1
60495;60;Plainval;C
60496;60;Plainville;C
60497;60;Le Plessier-sur-Bulles;C
60498;60;Le Plessier-sur-Saint-Just;C
60499;60;Plessis-de-Roye;C
60500;60;Le Plessis-Belleville;B1
60501;60;Le Plessis-Brion;C
60502;60;Le Plessis-Patte-d'Oie;C
60503;60;Le Ployron;C
60504;60;Ponchon;B2
60505;60;Pontarmé;B1
60506;60;Pont-l'Évêque;C
60507;60;Pontoise-lès-Noyon;C
60508;60;Pontpoint;B1
60509;60;Pont-Sainte-Maxence;B1
60510;60;Porcheux;B2
60511;60;Porquéricourt;C
60512;60;Pouilly;B2
60513;60;Précy-sur-Oise;B1
60514;60;Prévillers;C
60515;60;Pronleroy;C
60516;60;Puiseux-en-Bray;B2
60517;60;Puiseux-le-Hauberger;B2
60518;60;Puits-la-Vallée;C
60519;60;Quesmy;C
60520;60;Le Quesnel-Aubry;C
60521;60;Quincampoix-Fleuzy;C
60522;60;Quinquempoix;C
60523;60;Rainvillers;B2
60524;60;Rantigny;B1
60525;60;Raray;B1
60526;60;Ravenel;C
60527;60;Réez-Fosse-Martin;B2
60528;60;Reilly;B2
60529;60;Rémécourt;C
60530;60;Rémérangles;C
60531;60;Remy;C
60533;60;Ressons-sur-Matz;C
60534;60;Rethondes;C
60535;60;Reuil-sur-Brêche;C
60536;60;Rhuis;C
60537;60;Ribécourt-Dreslincourt;B1
60538;60;Ricquebourg;C
60539;60;Rieux;B1
60540;60;Rivecourt;C
60541;60;Roberval;C
60542;60;Rochy-Condé;B2
60543;60;Rocquemont;B2
60544;60;Rocquencourt;C
60545;60;Romescamps;C
60546;60;Rosières;B2
60547;60;Rosoy;C
60548;60;Rosoy-en-Multien;B2
60549;60;Rotangy;C
60550;60;Rothois;C
60551;60;Rousseloy;C
60552;60;Rouville;B2
60553;60;Rouvillers;C
60554;60;Rouvres-en-Multien;B2
60555;60;Rouvroy-les-Merles;C
60556;60;Royaucourt;C
60557;60;Roy-Boissy;C
60558;60;Roye-sur-Matz;C
60559;60;La Rue-Saint-Pierre;C
60560;60;Rully;B1
60561;60;Russy-Bémont;B2
60562;60;Sacy-le-Grand;C
60563;60;Sacy-le-Petit;C
60564;60;Sains-Morainvillers;C
60565;60;Saint-André-Farivillers;C
60566;60;Saint-Arnoult;C
60567;60;Saint-Aubin-en-Bray;C
60568;60;Saint-Aubin-sous-Erquery;C
60569;60;Saint-Crépin-aux-Bois;C
60570;60;Saint-Crépin-Ibouvillers;B2
60571;60;Saint-Deniscourt;C
60572;60;Saint-Étienne-Roilaye;C
60573;60;Sainte-Eusoye;C
60574;60;Saint-Félix;C
60575;60;Sainte-Geneviève;B2
60576;60;Saint-Germain-la-Poterie;B2
60577;60;Saint-Germer-de-Fly;C
60578;60;Saintines;C
60579;60;Saint-Jean-aux-Bois;B2
60581;60;Saint-Just-en-Chaussée;C
60582;60;Saint-Léger-aux-Bois;C
60583;60;Saint-Léger-en-Bray;B2
60584;60;Saint-Leu-d'Esserent;B1
60585;60;Saint-Martin-aux-Bois;C
60586;60;Saint-Martin-le-Nœud;B2
60587;60;Saint-Martin-Longueau;C
60588;60;Saint-Maur;C
60589;60;Saint-Maximin;B2
60590;60;Saint-Omer-en-Chaussée;C
60591;60;Saint-Paul;B2
60592;60;Saint-Pierre-es-Champs;B2
60593;60;Saint-Pierre-lès-Bitry;C
60594;60;Saint-Quentin-des-Prés;C
60595;60;Saint-Remy-en-l'Eau;C
60596;60;Saint-Samson-la-Poterie;C
60597;60;Saint-Sauveur;B2
60598;60;Saint-Sulpice;B2
60599;60;Saint-Thibault;C
60600;60;Saint-Vaast-de-Longmont;C
60601;60;Saint-Vaast-lès-Mello;C
60602;60;Saint-Valery;C
60603;60;Salency;C
60604;60;Sarcus;C
60605;60;Sarnois;C
60608;60;Le Saulchoy;C
60609;60;Savignies;B2
60610;60;Sempigny;C
60611;60;Senantes;C
60612;60;Senlis;A
60613;60;Senots;B2
60614;60;Serans;B2
60615;60;Sérévillers;C
60616;60;Sérifontaine;B2
60617;60;Sermaize;C
60618;60;Séry-Magneval;B2
60619;60;Silly-le-Long;B1
60620;60;Silly-Tillard;B2
60621;60;Solente;C
60622;60;Sommereux;C
60623;60;Songeons;C
60624;60;Sully;C
60625;60;Suzoy;C
60626;60;Talmontiers;B2
60627;60;Tartigny;C
60628;60;Therdonne;B2
60629;60;Thérines;C
60630;60;Thibivillers;B2
60631;60;Thiers-sur-Thève;B1
60632;60;Thiescourt;C
60633;60;Thieuloy-Saint-Antoine;C
60634;60;Thieux;C
60635;60;Thiverny;B1
60636;60;Thourotte;B1
60637;60;Thury-en-Valois;B2
60638;60;Thury-sous-Clermont;C
60639;60;Tillé;B1
60640;60;Tourly;B2
60641;60;Tracy-le-Mont;C
60642;60;Tracy-le-Val;C
60643;60;Tricot;C
60644;60;Trie-Château;B1
60645;60;Trie-la-Ville;B1
60646;60;Troissereux;B2
60647;60;Trosly-Breuil;C
60648;60;Troussencourt;C
60650;60;Trumilly;B2
60651;60;Ully-Saint-Georges;B2
60652;60;Valdampierre;B2
60653;60;Valescourt;C
60654;60;Vandélicourt;C
60655;60;Varesnes;C
60656;60;Varinfroy;B2
60657;60;Vauchelles;C
60658;60;Vauciennes;B2
60659;60;Vaudancourt;B2
60660;60;Le Vaumain;B2
60661;60;Vaumoise;B2
60662;60;Le Vauroux;B2
60663;60;Velennes;C
60664;60;Vendeuil-Caply;C
60665;60;Venette;B1
60666;60;Ver-sur-Launette;B1
60667;60;Verberie;B1
60668;60;Verderel-lès-Sauqueuse;B2
60669;60;Verderonne;C
60670;60;Verneuil-en-Halatte;B1
60671;60;Versigny;B1
60672;60;Vez;B2
60673;60;Viefvillers;C
60674;60;Vieux-Moulin;B2
60675;60;Vignemont;C
60676;60;Ville;C
60677;60;Villembray;C
60678;60;Villeneuve-les-Sablons;B2
60679;60;La Villeneuve-sous-Thury;B2
60680;60;Villeneuve-sur-Verberie;C
60681;60;Villers-Saint-Barthélemy;C
60682;60;Villers-Saint-Frambourg-Ognon;B1
60683;60;Villers-Saint-Genest;B2
60684;60;Villers-Saint-Paul;B1
60685;60;Villers-Saint-Sépulcre;C
60686;60;Villers-sous-Saint-Leu;B1
60687;60;Villers-sur-Auchy;C
60688;60;Villers-sur-Bonnières;C
60689;60;Villers-sur-Coudun;C
60691;60;Villers-Vermont;C
60692;60;Villers-Vicomte;C
60693;60;Villeselve;C
60694;60;Les Hauts-Talican;B2
60695;60;Vineuil-Saint-Firmin;A
60697;60;Vrocourt;C
60698;60;Wacquemoulin;C
60699;60;Wambez;C
60700;60;Warluis;B2
60701;60;Wavignies;C
60702;60;Welles-Pérennes;C
60703;60;Aux Marais;B2
61001;61;Alençon;B2
61002;61;Almenêches;C
61005;61;Appenai-sous-Bellême;C
61006;61;Argentan;C
61007;61;Athis-Val de Rouvre;C
61008;61;Aube;C
61010;61;Aubry-le-Panthou;C
61011;61;Aubusson;C
61012;61;Auguaise;C
61013;61;Aunay-les-Bois;C
61014;61;Aunou-le-Faucon;C
61015;61;Aunou-sur-Orne;C
61018;61;Avernes-Saint-Gourgon;C
61020;61;Avoine;C
61021;61;Avrilly;C
61023;61;Bailleul;C
61024;61;Banvou;C
61026;61;Barville;C
61028;61;Bazoches-au-Houlme;C
61029;61;Bazoches-sur-Hoëne;C
61030;61;La Bazoque;C
61032;61;Beaufai;C
61034;61;Beaulieu;C
61035;61;Beauvain;C
61036;61;Belfonds;C
61037;61;Bellavilliers;C
61038;61;Bellême;C
61039;61;La Bellière;C
61040;61;Bellou-en-Houlme;C
61041;61;Bellou-le-Trichard;C
61043;61;Berd'huis;C
61044;61;Berjou;C
61046;61;Bizou;C
61048;61;Boëcé;C
61049;61;Boissei-la-Lande;C
61050;61;Cour-Maugis sur Huisne;C
61051;61;Boitron;C
61052;61;Bonnefoi;C
61053;61;Bonsmoulins;C
61054;61;Le Bosc-Renoult;C
61055;61;Boucé;C
61056;61;Le Bouillon;C
61060;61;Brethel;C
61061;61;Bretoncelles;C
61062;61;Brieux;C
61063;61;Briouze;C
61064;61;Brullemail;C
61066;61;Buré;C
61067;61;Bures;C
61068;61;Bursard;C
61069;61;Cahan;C
61070;61;Caligny;C
61071;61;Camembert;C
61072;61;Canapville;C
61074;61;Carrouges;C
61075;61;Ceaucé;C
61076;61;Le Cercueil;C
61077;61;Cerisé;C
61078;61;Cerisy-Belle-Étoile;C
61079;61;Ceton;C
61080;61;Chahains;C
61081;61;Chailloué;C
61082;61;Le Chalange;C
61084;61;Champcerie;C
61085;61;Le Champ-de-la-Pierre;C
61086;61;Les Champeaux;C
61087;61;Champeaux-sur-Sarthe;C
61088;61;Champ-Haut;C
61089;61;Champosoult;C
61091;61;Champsecret;C
61092;61;Chandai;C
61093;61;Chanu;C
61094;61;La Chapelle-au-Moine;C
61095;61;La Chapelle-Biche;C
61096;61;Rives d'Andaine;C
61097;61;La Chapelle-Montligeon;C
61098;61;La Chapelle-près-Sées;C
61099;61;La Chapelle-Souëf;C
61100;61;La Chapelle-Viel;C
61101;61;Le Château-d'Almenêches;C
61102;61;Le Châtellier;C
61103;61;Chaumont;C
61104;61;La Chaux;C
61105;61;Chemilli;C
61107;61;Ciral;C
61108;61;Cisai-Saint-Aubin;C
61111;61;Colombiers;C
61113;61;Comblot;C
61114;61;Commeaux;C
61116;61;Sablons sur Huisne;C
61117;61;Condé-sur-Sarthe;C
61118;61;Corbon;C
61120;61;Coudehard;C
61121;61;Coulimer;C
61122;61;Coulmer;C
61123;61;Coulonces;C
61124;61;La Coulonche;C
61126;61;Coulonges-sur-Sarthe;C
61129;61;Courgeon;C
61130;61;Courgeoût;C
61133;61;Courtomer;C
61137;61;Craménil;C
61138;61;Croisilles;C
61139;61;Crouttes;C
61140;61;Crulai;C
61141;61;Cuissai;C
61142;61;Dame-Marie;C
61143;61;Damigny;C
61145;61;Domfront en Poiraie;C
61146;61;Dompierre;C
61148;61;Durcet;C
61149;61;Échalou;C
61150;61;Échauffour;C
61151;61;Écorcei;C
61152;61;Écorches;C
61153;61;Écouché-les-Vallées;C
61156;61;Essay;C
61158;61;Faverolles;C
61159;61;Fay;C
61160;61;Feings;C
61162;61;La Ferrière-au-Doyen;C
61163;61;La Ferrière-aux-Étangs;C
61164;61;La Ferrière-Béchet;C
61165;61;La Ferrière-Bochard;C
61166;61;Ferrières-la-Verrerie;C
61167;61;La Ferté-en-Ouche;C
61168;61;La Ferté Macé;C
61169;61;Flers;C
61170;61;Fleuré;C
61171;61;Fontaine-les-Bassets;C
61176;61;Francheville;C
61178;61;La Fresnaie-Fayel;C
61180;61;Fresnay-le-Samson;C
61181;61;Gacé;C
61182;61;Gandelain;C
61183;61;Gâprée;C
61187;61;Les Genettes;C
61189;61;Giel-Courteilles;C
61190;61;Ginai;C
61193;61;La Gonfrière;C
61194;61;Monts-sur-Orne;C
61195;61;Le Grais;C
61196;61;Belforêt-en-Perche;C
61197;61;Guêprei;C
61198;61;Guerquesalles;C
61199;61;Habloville;C
61202;61;Hauterive;C
61203;61;Héloup;C
61206;61;L'Hôme-Chamondot;C
61207;61;Igé;C
61208;61;Irai;C
61209;61;Joué-du-Bois;C
61210;61;Joué-du-Plain;C
61211;61;Juvigny Val d'Andaine;C
61212;61;Juvigny-sur-Orne;C
61213;61;Lalacelle;C
61214;61;L'Aigle;C
61215;61;Laleu;C
61216;61;La Lande-de-Goult;C
61217;61;La Lande-de-Lougé;C
61218;61;La Lande-Patry;C
61219;61;La Lande-Saint-Siméon;C
61221;61;Landigou;C
61222;61;Landisacq;C
61224;61;Larré;C
61225;61;Lignères;C
61227;61;Lignou;C
61228;61;L'Orée-d'Écouves;C
61229;61;Loisail;C
61230;61;Longny les Villages;C
61232;61;Lonlay-l'Abbaye;C
61233;61;Lonlay-le-Tesson;C
61234;61;Lonrai;C
61237;61;Lougé-sur-Maire;C
61238;61;Louvières-en-Auge;C
61240;61;Macé;C
61241;61;La Madeleine-Bouvet;C
61242;61;Le Mage;C
61243;61;Magny-le-Désert;C
61244;61;Mahéru;C
61248;61;Mantilly;C
61251;61;Marchemaisons;C
61252;61;Mardilly;C
61255;61;Mauves-sur-Huisne;C
61256;61;Médavy;C
61257;61;Méhoudin;C
61258;61;Le Mêle-sur-Sarthe;C
61259;61;Le Ménil-Bérard;C
61260;61;Le Ménil-de-Briouze;C
61261;61;Le Ménil-Broût;C
61262;61;Le Ménil-Ciboult;C
61263;61;Ménil-Erreux;C
61264;61;Ménil-Froger;C
61265;61;Ménil-Gondouin;C
61266;61;Le Ménil-Guyon;C
61267;61;Ménil-Hermei;C
61268;61;Ménil-Hubert-en-Exmes;C
61269;61;Ménil-Hubert-sur-Orne;C
61271;61;Le Ménil-Scelleur;C
61272;61;Le Ménil-Vicomte;C
61273;61;Ménil-Vin;C
61274;61;Les Menus;C
61275;61;Merlerault-le-Pin;C
61276;61;Merri;C
61277;61;La Mesnière;C
61278;61;Messei;C
61279;61;Mieuxcé;C
61281;61;Moncy;C
61283;61;Montabard;C
61284;61;Montchevrel;C
61286;61;Montgaudry;C
61287;61;Montilly-sur-Noireau;C
61288;61;Montmerrei;C
61289;61;Mont-Ormel;C
61290;61;Montreuil-au-Houlme;C
61291;61;Montreuil-la-Cambe;C
61292;61;Montsecret-Clairefougère;C
61293;61;Mortagne-au-Perche;C
61294;61;Mortrée;C
61295;61;La Motte-Fouquet;C
61297;61;Moulins-la-Marche;C
61298;61;Moulins-sur-Orne;C
61300;61;Moutiers-au-Perche;C
61301;61;Neauphe-sous-Essai;C
61302;61;Neauphe-sur-Dive;C
61303;61;Nécy;C
61304;61;Neuilly-le-Bisson;C
61307;61;Neuville-sur-Touques;C
61308;61;Neuvy-au-Houlme;C
61309;61;Perche en Nocé;C
61314;61;Occagnes;C
61316;61;Ommoy;C
61317;61;Orgères;C
61319;61;Origny-le-Roux;C
61321;61;Pacé;C
61322;61;Parfondeval;C
61323;61;Le Pas-Saint-l'Homer;C
61324;61;Passais Villages;C
61326;61;Perrou;C
61327;61;Pervenchères;C
61328;61;Le Pin-au-Haras;C
61329;61;Le Pin-la-Garenne;C
61330;61;Planches;C
61331;61;Le Plantis;C
61332;61;Pointel;C
61333;61;Pontchardon;C
61336;61;Pouvrai;C
61339;61;Putanges-le-Lac;C
61341;61;Écouves;C
61342;61;Rai;C
61344;61;Rânes;C
61345;61;Rémalard en Perche;C
61346;61;Le Renouard;C
61347;61;Résenlieu;C
61348;61;Réveillon;C
61349;61;Ri;C
61350;61;La Roche-Mabile;C
61351;61;Roiville;C
61352;61;Rônai;C
61357;61;Rouperroux;C
61358;61;Sai;C
61360;61;Saint-Agnan-sur-Sarthe;C
61361;61;Saint-André-de-Briouze;C
61362;61;Saint-André-de-Messei;C
61363;61;Saint-Aquilin-de-Corbion;C
61365;61;Saint-Aubin-d'Appenai;C
61366;61;Saint-Aubin-de-Bonneval;C
61367;61;Saint-Aubin-de-Courteraie;C
61369;61;Saint-Bômer-les-Forges;C
61370;61;Saint-Brice;C
61371;61;Saint-Brice-sous-Rânes;C
61372;61;Saint-Céneri-le-Gérei;C
61373;61;Sainte-Céronne-lès-Mortagne;C
61374;61;Saint-Christophe-de-Chaulieu;C
61375;61;Boischampré;C
61376;61;Saint-Clair-de-Halouze;C
61379;61;Saint-Cyr-la-Rosière;C
61381;61;Saint-Denis-sur-Huisne;C
61382;61;Saint-Denis-sur-Sarthon;C
61384;61;Saint-Ellier-les-Bois;C
61385;61;Saint-Evroult-de-Montfort;C
61386;61;Saint-Evroult-Notre-Dame-du-Bois;C
61387;61;Saint-Fraimbault;C
61388;61;Saint-Fulgent-des-Ormes;C
61389;61;Sainte-Gauburge-Sainte-Colombe;C
61390;61;Saint-Georges-d'Annebecq;C
61391;61;Saint-Georges-des-Groseillers;C
61392;61;Saint-Germain-d'Aunay;C
61393;61;Saint-Germain-de-Clairefeuille;C
61394;61;Saint-Germain-de-la-Coudre;C
61395;61;Saint-Germain-des-Grois;C
61396;61;Saint-Germain-de-Martigny;C
61397;61;Saint-Germain-du-Corbéis;C
61398;61;Saint-Germain-le-Vieux;C
61399;61;Saint-Gervais-des-Sablons;C
61400;61;Saint-Gervais-du-Perron;C
61401;61;Saint-Gilles-des-Marais;C
61402;61;Saint-Hilaire-de-Briouze;C
61404;61;Saint-Hilaire-le-Châtel;C
61405;61;Saint-Hilaire-sur-Erre;C
61406;61;Saint-Hilaire-sur-Risle;C
61407;61;Sainte-Honorine-la-Chardonne;C
61408;61;Sainte-Honorine-la-Guillaume;C
61411;61;Saint-Jouin-de-Blavou;C
61412;61;Saint-Julien-sur-Sarthe;C
61413;61;Saint-Lambert-sur-Dive;C
61414;61;Saint-Langis-lès-Mortagne;C
61415;61;Saint-Léger-sur-Sarthe;C
61416;61;Saint-Léonard-des-Parcs;C
61418;61;Saint-Mard-de-Réno;C
61419;61;Sainte-Marguerite-de-Carrouges;C
61420;61;Sainte-Marie-la-Robert;C
61421;61;Saint-Mars-d'Égrenne;C
61422;61;Les Aspres;C
61423;61;Saint-Martin-d'Écublei;C
61424;61;Saint-Martin-des-Landes;C
61425;61;Saint-Martin-des-Pézerits;C
61426;61;Saint-Martin-du-Vieux-Bellême;C
61427;61;Saint-Martin-l'Aiguillon;C
61429;61;Charencey;C
61432;61;Saint-Michel-Tubœuf;C
61433;61;Saint-Nicolas-des-Bois;C
61435;61;Saint-Nicolas-de-Sommaire;C
61436;61;Sainte-Opportune;C
61438;61;Saint-Ouen-de-Sécherouvre;C
61439;61;Saint-Ouen-le-Brisoult;C
61440;61;Saint-Ouen-sur-Iton;C
61442;61;Saint-Patrice-du-Désert;C
61443;61;Saint-Paul;C
61444;61;Saint-Philbert-sur-Orne;C
61445;61;Saint-Pierre-d'Entremont;C
61446;61;Saint-Pierre-des-Loges;C
61447;61;Saint-Pierre-du-Regard;C
61448;61;Saint-Pierre-la-Bruyère;C
61450;61;Saint-Quentin-de-Blavou;C
61451;61;Saint-Quentin-les-Chardonnets;C
61452;61;Saint-Roch-sur-Égrenne;C
61453;61;Saint-Sauveur-de-Carrouges;C
61454;61;Sainte-Scolasse-sur-Sarthe;C
61456;61;Saint-Sulpice-sur-Risle;C
61457;61;Saint-Symphorien-des-Bruyères;C
61459;61;Saires-la-Verrerie;C
61460;61;Sap-en-Auge;C
61461;61;Le Sap-André;C
61462;61;Sarceaux;C
61463;61;Les Monts d'Andaine;C
61464;61;Sées;C
61466;61;La Selle-la-Forge;C
61467;61;Semallé;C
61472;61;Sévigny;C
61473;61;Sevrai;C
61474;61;Gouffern en Auge;C
61475;61;Soligny-la-Trappe;C
61476;61;Suré;C
61479;61;Tanques;C
61480;61;Tanville;C
61481;61;Tellières-le-Plessis;C
61482;61;Tessé-Froulay;C
61483;61;Bagnoles de l'Orne Normandie;B2
61484;61;Val-au-Perche;C
61485;61;Ticheville;C
61486;61;Tinchebray-Bocage;C
61487;61;Torchamp;C
61488;61;Touquettes;C
61490;61;Tournai-sur-Dive;C
61491;61;Tourouvre au Perche;C
61492;61;Trémont;C
61493;61;La Trinité-des-Laitiers;C
61494;61;Trun;C
61497;61;Valframbert;C
61498;61;Vaunoise;C
61499;61;Les Ventes-de-Bourse;C
61500;61;La Ventrouze;C
61501;61;Verrières;C
61502;61;Vidai;C
61503;61;Vieux-Pont;C
61505;61;Villedieu-lès-Bailleul;C
61507;61;Villiers-sous-Mortagne;C
61508;61;Vimoutiers;C
61510;61;Vitrai-sous-Laigle;C
61512;61;Les Yveteaux;C
62001;62;Ablain-Saint-Nazaire;B2
62002;62;Ablainzevelle;C
62003;62;Acheville;B2
62004;62;Achicourt;B2
62005;62;Achiet-le-Grand;C
62006;62;Achiet-le-Petit;C
62007;62;Acq;C
62008;62;Acquin-Westbécourt;C
62009;62;Adinfer;C
62010;62;Affringues;C
62011;62;Agnez-lès-Duisans;C
62012;62;Agnières;C
62013;62;Agny;B2
62014;62;Aire-sur-la-Lys;B2
62015;62;Airon-Notre-Dame;C
62016;62;Airon-Saint-Vaast;C
62017;62;Aix-en-Ergny;C
62018;62;Aix-en-Issart;C
62019;62;Aix-Noulette;B2
62020;62;Alembon;C
62021;62;Alette;C
62022;62;Alincthun;C
62023;62;Allouagne;B2
62024;62;Alquines;C
62025;62;Ambleteuse;C
62026;62;Ambricourt;C
62027;62;Ambrines;C
62028;62;Ames;C
62029;62;Amettes;C
62030;62;Amplier;C
62031;62;Andres;C
62032;62;Angres;B2
62033;62;Annay;B2
62034;62;Annequin;B2
62035;62;Annezin;B2
62036;62;Anvin;C
62037;62;Anzin-Saint-Aubin;B2
62038;62;Ardres;C
62039;62;Arleux-en-Gohelle;C
62040;62;Arques;B1
62041;62;Arras;B1
62042;62;Athies;B2
62043;62;Les Attaques;C
62044;62;Attin;C
62045;62;Aubigny-en-Artois;C
62046;62;Aubin-Saint-Vaast;C
62047;62;Aubrometz;C
62048;62;Auchel;B2
62049;62;Auchy-au-Bois;C
62050;62;Auchy-lès-Hesdin;C
62051;62;Auchy-les-Mines;B2
62052;62;Audembert;C
62053;62;Audincthun;C
62054;62;Audinghen;C
62055;62;Audrehem;C
62056;62;Audresselles;C
62057;62;Audruicq;C
62058;62;Aumerval;C
62059;62;Autingues;C
62060;62;Auxi-le-Château;C
62061;62;Averdoingt;C
62062;62;Avesnes;C
62063;62;Avesnes-le-Comte;C
62064;62;Avesnes-lès-Bapaume;C
62065;62;Avion;B2
62066;62;Avondance;C
62067;62;Avroult;C
62068;62;Ayette;C
62069;62;Azincourt;C
62070;62;Bailleul-aux-Cornailles;C
62071;62;Bailleul-lès-Pernes;C
62072;62;Bailleulmont;C
62073;62;Bailleul-Sir-Berthoult;B2
62074;62;Bailleulval;C
62075;62;Baincthun;B2
62076;62;Bainghen;C
62077;62;Bajus;B2
62078;62;Balinghem;C
62079;62;Bancourt;C
62080;62;Bapaume;C
62081;62;Baralle;C
62082;62;Barastre;C
62083;62;Barlin;B2
62084;62;Barly;C
62085;62;Basseux;C
62086;62;Bavincourt;C
62087;62;Bayenghem-lès-Éperlecques;C
62088;62;Bayenghem-lès-Seninghem;C
62089;62;Bazinghen;C
62090;62;Béalencourt;C
62091;62;Beaudricourt;C
62092;62;Beaufort-Blavincourt;C
62093;62;Beaulencourt;C
62094;62;Beaumerie-Saint-Martin;C
62095;62;Beaumetz-lès-Aire;C
62096;62;Beaumetz-lès-Cambrai;C
62097;62;Beaumetz-lès-Loges;B2
62099;62;Beaurains;B2
62100;62;Beaurainville;C
62101;62;Beauvois;C
62102;62;Bécourt;C
62103;62;Béhagnies;C
62104;62;Bellebrune;C
62105;62;Belle-et-Houllefort;C
62106;62;Bellonne;C
62107;62;Bénifontaine;B2
62108;62;Berck;B1
62109;62;Bergueneuse;C
62111;62;Berlencourt-le-Cauroy;C
62112;62;Berles-au-Bois;C
62113;62;Berles-Monchel;C
62114;62;Bermicourt;C
62115;62;Berneville;B2
62116;62;Bernieulles;C
62117;62;Bertincourt;C
62118;62;Béthonsart;C
62119;62;Béthune;B1
62120;62;Beugin;B2
62121;62;Beugnâtre;C
62122;62;Beugny;C
62123;62;Beussent;C
62124;62;Beutin;C
62125;62;Beuvrequen;C
62126;62;Beuvry;B2
62127;62;Bezinghem;C
62128;62;Biache-Saint-Vaast;C
62129;62;Biefvillers-lès-Bapaume;C
62130;62;Bienvillers-au-Bois;C
62131;62;Bihucourt;C
62132;62;Billy-Berclau;B2
62133;62;Billy-Montigny;B2
62134;62;Bimont;C
62135;62;Blairville;C
62137;62;Blangerval-Blangermont;C
62138;62;Blangy-sur-Ternoise;C
62139;62;Blendecques;B2
62140;62;Bléquin;C
62141;62;Blessy;C
62142;62;Blingel;C
62143;62;Boffles;C
62144;62;Boiry-Becquerelle;C
62145;62;Boiry-Notre-Dame;C
62146;62;Boiry-Saint-Martin;C
62147;62;Boiry-Sainte-Rictrude;C
62148;62;Bois-Bernard;B2
62149;62;Boisdinghem;C
62150;62;Boisjean;C
62151;62;Boisleux-au-Mont;C
62152;62;Boisleux-Saint-Marc;C
62153;62;Bomy;C
62154;62;Bonnières;C
62155;62;Bonningues-lès-Ardres;C
62156;62;Bonningues-lès-Calais;C
62157;62;Boubers-lès-Hesmond;C
62158;62;Boubers-sur-Canche;C
62160;62;Boulogne-sur-Mer;B1
62161;62;Bouquehault;C
62162;62;Bourecq;C
62163;62;Bouret-sur-Canche;C
62164;62;Bourlon;C
62165;62;Bournonville;C
62166;62;Bours;C
62167;62;Boursin;C
62168;62;Bourthes;C
62169;62;Bouvelinghem;C
62170;62;Bouvigny-Boyeffles;B2
62171;62;Boyaval;C
62172;62;Boyelles;C
62173;62;Brebières;B2
62174;62;Brêmes;C
62175;62;Brévillers;C
62176;62;Bréxent-Énocq;C
62177;62;Brimeux;C
62178;62;Bruay-la-Buissière;B2
62179;62;Brunembert;C
62180;62;Brias;C
62181;62;Bucquoy;C
62182;62;Buire-au-Bois;C
62183;62;Buire-le-Sec;C
62184;62;Buissy;C
62185;62;Bullecourt;C
62186;62;Bully-les-Mines;B2
62187;62;Buneville;C
62188;62;Burbure;B2
62189;62;Bus;C
62190;62;Busnes;C
62191;62;Caffiers;C
62192;62;Cagnicourt;C
62193;62;Calais;B1
62194;62;Calonne-Ricouart;B2
62195;62;Calonne-sur-la-Lys;C
62196;62;La Calotterie;C
62197;62;Camblain-Châtelain;B2
62198;62;Cambligneul;C
62199;62;Camblain-l'Abbé;C
62200;62;Cambrin;B2
62201;62;Camiers;B1
62202;62;Campagne-lès-Boulonnais;C
62203;62;Campagne-lès-Guines;C
62204;62;Campagne-lès-Hesdin;C
62205;62;Campagne-lès-Wardrecques;B2
62206;62;Campigneulles-les-Grandes;C
62207;62;Campigneulles-les-Petites;C
62208;62;Canettemont;C
62209;62;Canlers;C
62211;62;Capelle-Fermont;C
62212;62;Capelle-lès-Hesdin;C
62213;62;Carency;B2
62214;62;Carly;C
62215;62;Carvin;B1
62216;62;La Cauchie;C
62217;62;Cauchy-à-la-Tour;B2
62218;62;Caucourt;B2
62219;62;Caumont;C
62220;62;Cavron-Saint-Martin;C
62221;62;Chelers;C
62222;62;Chériennes;C
62223;62;Chérisy;C
62224;62;Chocques;B2
62225;62;Clairmarais;B2
62227;62;Clenleu;C
62228;62;Clerques;C
62229;62;Cléty;C
62230;62;Colembert;C
62231;62;Colline-Beaumont;C
62232;62;La Comté;B2
62233;62;Conchil-le-Temple;C
62234;62;Conchy-sur-Canche;C
62235;62;Condette;B2
62236;62;Contes;C
62237;62;Conteville-lès-Boulogne;B2
62238;62;Conteville-en-Ternois;C
62239;62;Coquelles;B2
62240;62;Corbehem;B2
62241;62;Cormont;C
62242;62;Couin;C
62243;62;Coullemont;C
62244;62;Coulogne;B2
62245;62;Coulomby;C
62246;62;Coupelle-Neuve;C
62247;62;Coupelle-Vieille;C
62248;62;Courcelles-le-Comte;C
62249;62;Courcelles-lès-Lens;B2
62250;62;Courrières;B2
62251;62;Courset;C
62252;62;La Couture;B2
62253;62;Couturelle;C
62254;62;Coyecques;C
62255;62;Crémarest;C
62256;62;Crépy;C
62257;62;Créquy;C
62258;62;Croisette;C
62259;62;Croisilles;C
62260;62;Croix-en-Ternois;C
62261;62;Cucq;B1
62262;62;Cuinchy;B2
62263;62;Dainville;B1
62264;62;Dannes;B2
62265;62;Delettes;C
62266;62;Denier;C
62267;62;Dennebrœucq;C
62268;62;Desvres;C
62269;62;Diéval;B2
62270;62;Divion;B2
62271;62;Dohem;C
62272;62;Douchy-lès-Ayette;C
62273;62;Doudeauville;C
62274;62;Dourges;B2
62275;62;Douriez;C
62276;62;Douvrin;B2
62277;62;Drocourt;B2
62278;62;Drouvin-le-Marais;B2
62279;62;Duisans;B2
62280;62;Dury;C
62281;62;Echinghen;B2
62282;62;Éclimeux;C
62283;62;Écoivres;C
62284;62;Écourt-Saint-Quentin;C
62285;62;Écoust-Saint-Mein;C
62286;62;Ecquedecques;B2
62288;62;Ecques;C
62289;62;Écuires;C
62290;62;Écurie;C
62291;62;Éleu-dit-Leauwette;B2
62292;62;Elnes;C
62293;62;Embry;C
62295;62;Enquin-lez-Guinegatte;C
62296;62;Enquin-sur-Baillons;C
62297;62;Éperlecques;B1
62298;62;Épinoy;C
62299;62;Eps;C
62300;62;Équihen-Plage;B2
62301;62;Équirre;C
62302;62;Ergny;C
62303;62;Érin;C
62304;62;Erny-Saint-Julien;C
62306;62;Ervillers;C
62307;62;Escalles;C
62308;62;Escœuilles;C
62309;62;Esquerdes;C
62310;62;Essars;B2
62311;62;Estevelles;B2
62312;62;Estrée;C
62313;62;Estrée-Blanche;C
62314;62;Estrée-Cauchy;B2
62315;62;Estréelles;C
62316;62;Estrée-Wamin;C
62317;62;Étaing;C
62318;62;Étaples;B1
62319;62;Éterpigny;C
62320;62;Étrun;B2
62321;62;Évin-Malmaison;B2
62322;62;Famechon;C
62323;62;Fampoux;B2
62324;62;Farbus;B2
62325;62;Fauquembergues;C
62326;62;Favreuil;C
62327;62;Febvin-Palfart;C
62328;62;Ferfay;C
62329;62;Ferques;C
62330;62;Festubert;B2
62331;62;Feuchy;B2
62332;62;Ficheux;C
62333;62;Fiefs;C
62334;62;Fiennes;C
62335;62;Fillièvres;C
62336;62;Fléchin;C
62337;62;Flers;C
62338;62;Fleurbaix;C
62339;62;Fleury;C
62340;62;Floringhem;C
62341;62;Foncquevillers;C
62342;62;Fontaine-lès-Boulans;C
62343;62;Fontaine-lès-Croisilles;C
62344;62;Fontaine-lès-Hermans;C
62345;62;Fontaine-l'Étalon;C
62346;62;Fortel-en-Artois;C
62347;62;Fosseux;C
62348;62;Foufflin-Ricametz;C
62349;62;Fouquereuil;B2
62350;62;Fouquières-lès-Béthune;B2
62351;62;Fouquières-lès-Lens;B2
62352;62;Framecourt;C
62353;62;Frémicourt;C
62354;62;Frencq;C
62355;62;Fresnes-lès-Montauban;C
62356;62;Fresnicourt-le-Dolmen;B2
62357;62;Fresnoy;C
62358;62;Fresnoy-en-Gohelle;C
62359;62;Fressin;C
62360;62;Fréthun;B2
62361;62;Frévent;C
62362;62;Frévillers;C
62363;62;Frévin-Capelle;C
62364;62;Fruges;C
62365;62;Galametz;C
62366;62;Gauchin-Légal;B2
62367;62;Gauchin-Verloingt;C
62368;62;Gaudiempré;C
62369;62;Gavrelle;B2
62370;62;Gennes-Ivergny;C
62371;62;Givenchy-en-Gohelle;B2
62372;62;Givenchy-le-Noble;C
62373;62;Givenchy-lès-la-Bassée;B2
62374;62;Gomiécourt;C
62375;62;Gommecourt;C
62376;62;Gonnehem;B2
62377;62;Gosnay;B2
62378;62;Gouves;C
62379;62;Gouy-en-Artois;C
62380;62;Gouy-Servins;B2
62381;62;Gouy-en-Ternois;C
62382;62;Gouy-Saint-André;C
62383;62;Gouy-sous-Bellonne;C
62384;62;Graincourt-lès-Havrincourt;C
62385;62;Grand-Rullecourt;C
62386;62;Grenay;B2
62387;62;Grévillers;C
62388;62;Grigny;C
62389;62;Grincourt-lès-Pas;C
62390;62;Groffliers;C
62391;62;Guarbecque;C
62392;62;Guémappe;C
62393;62;Guemps;C
62395;62;Guigny;C
62396;62;Guinecourt;C
62397;62;Guînes;B2
62398;62;Guisy;C
62399;62;Habarcq;C
62400;62;Haillicourt;B2
62401;62;Haisnes;B2
62402;62;Halinghen;C
62403;62;Hallines;B2
62404;62;Halloy;C
62405;62;Hamblain-les-Prés;C
62406;62;Hamelincourt;C
62407;62;Ham-en-Artois;C
62408;62;Hames-Boucres;B2
62409;62;Hannescamps;C
62410;62;Haplincourt;C
62411;62;Haravesnes;C
62412;62;Hardinghen;C
62413;62;Harnes;B2
62414;62;Haucourt;C
62415;62;Haute-Avesnes;C
62416;62;Hautecloque;C
62418;62;Hauteville;C
62419;62;Haut-Loquin;C
62421;62;Havrincourt;C
62422;62;Hébuterne;C
62423;62;Helfaut;B2
62424;62;Hendecourt-lès-Cagnicourt;C
62425;62;Hendecourt-lès-Ransart;C
62426;62;Héninel;C
62427;62;Hénin-Beaumont;B2
62428;62;Hénin-sur-Cojeul;C
62429;62;Henneveux;C
62430;62;Hénu;C
62432;62;Herbinghen;C
62433;62;Héricourt;C
62434;62;La Herlière;C
62435;62;Herlincourt;C
62436;62;Herlin-le-Sec;C
62437;62;Herly;C
62438;62;Hermaville;C
62439;62;Hermelinghen;C
62440;62;Hermies;C
62441;62;Hermin;B2
62442;62;Hernicourt;C
62443;62;Hersin-Coupigny;B2
62444;62;Hervelinghen;C
62445;62;Hesdigneul-lès-Béthune;B2
62446;62;Hesdigneul-lès-Boulogne;B2
62447;62;Hesdin-la-Forêt;B2
62448;62;Hesdin-l'Abbé;B2
62449;62;Hesmond;C
62450;62;Hestrus;C
62451;62;Heuchin;C
62452;62;Heuringhem;C
62453;62;Hézecques;C
62454;62;Hinges;B2
62455;62;Hocquinghen;C
62456;62;Houchin;B2
62457;62;Houdain;B2
62458;62;Houlle;B2
62459;62;Houvin-Houvigneul;C
62460;62;Hubersent;C
62462;62;Huclier;C
62463;62;Hucqueliers;C
62464;62;Hulluch;B2
62465;62;Humbercamps;C
62466;62;Humbert;C
62467;62;Humerœuille;C
62468;62;Humières;C
62469;62;Inchy-en-Artois;C
62470;62;Incourt;C
62471;62;Bellinghem;C
62472;62;Inxent;C
62473;62;Isbergues;B2
62474;62;Isques;B2
62475;62;Ivergny;C
62476;62;Izel-lès-Équerchin;C
62477;62;Izel-lès-Hameau;C
62478;62;Journy;C
62479;62;Labeuvrière;B2
62480;62;Labourse;B2
62481;62;Labroye;C
62483;62;Lacres;C
62484;62;Lagnicourt-Marcel;C
62485;62;Laires;C
62486;62;Lambres;C
62487;62;Landrethun-le-Nord;C
62488;62;Landrethun-lès-Ardres;C
62489;62;Lapugnoy;B2
62490;62;Lattre-Saint-Quentin;C
62491;62;Laventie;B1
62492;62;Lebiez;C
62493;62;Lebucquière;C
62494;62;Léchelle;C
62495;62;Ledinghem;C
62496;62;Lefaux;C
62497;62;Leforest;B2
62498;62;Lens;B1
62499;62;Lépine;C
62500;62;Lespesses;C
62501;62;Lespinoy;C
62502;62;Lestrem;C
62503;62;Leubringhen;C
62504;62;Leulinghem;C
62505;62;Leulinghen-Bernes;C
62506;62;Licques;C
62507;62;Liencourt;C
62508;62;Lières;C
62509;62;Liettres;C
62510;62;Liévin;B1
62511;62;Lignereuil;C
62512;62;Ligny-lès-Aire;C
62513;62;Ligny-sur-Canche;C
62514;62;Ligny-Saint-Flochel;C
62515;62;Ligny-Thilloy;C
62516;62;Lillers;B2
62517;62;Linghem;C
62518;62;Linzeux;C
62519;62;Lisbourg;C
62520;62;Locon;B2
62521;62;La Loge;C
62522;62;Loison-sur-Créquoise;C
62523;62;Loison-sous-Lens;B2
62524;62;Longfossé;C
62525;62;Longuenesse;B1
62526;62;Longueville;C
62527;62;Longvilliers;C
62528;62;Loos-en-Gohelle;B2
62529;62;Lorgies;B2
62530;62;Lottinghen;C
62531;62;Louches;C
62532;62;Lozinghem;B2
62533;62;Lugy;C
62534;62;Lumbres;C
62535;62;La Madelaine-sous-Montreuil;C
62536;62;Magnicourt-en-Comte;C
62537;62;Magnicourt-sur-Canche;C
62538;62;Maintenay;C
62539;62;Maisnil;C
62540;62;Maisnil-lès-Ruitz;B2
62541;62;Maisoncelle;C
62542;62;Maizières;C
62543;62;Mametz;C
62544;62;Manin;C
62545;62;Maninghem;C
62546;62;Maninghen-Henne;C
62547;62;Marant;C
62548;62;Marck;B2
62550;62;Marconnelle;C
62551;62;Marenla;C
62552;62;Maresquel-Ecquemicourt;C
62553;62;Marest;C
62554;62;Maresville;C
62555;62;Marles-les-Mines;B2
62556;62;Marles-sur-Canche;C
62557;62;Marœuil;B2
62558;62;Marquay;C
62559;62;Marquion;C
62560;62;Marquise;C
62561;62;Martinpuich;C
62562;62;Matringhem;C
62563;62;Mazingarbe;B2
62564;62;Mazinghem;C
62565;62;Mencas;C
62566;62;Menneville;C
62567;62;Mentque-Nortbécourt;C
62568;62;Mercatel;B2
62569;62;Merck-Saint-Liévin;C
62570;62;Méricourt;B2
62571;62;Merlimont;B1
62572;62;Metz-en-Couture;C
62573;62;Meurchin;B2
62574;62;Mingoval;C
62576;62;Moncheaux-lès-Frévent;C
62577;62;Monchel-sur-Canche;C
62578;62;Monchiet;C
62579;62;Monchy-au-Bois;C
62580;62;Monchy-Breton;C
62581;62;Monchy-Cayeux;C
62582;62;Monchy-le-Preux;B2
62583;62;Mondicourt;C
62584;62;Mont-Bernanchon;C
62585;62;Montcavrel;C
62586;62;Montenescourt;C
62587;62;Montigny-en-Gohelle;B2
62588;62;Montreuil-sur-Mer;C
62589;62;Mont-Saint-Éloi;C
62590;62;Monts-en-Ternois;C
62591;62;Morchies;C
62592;62;Moringhem;B2
62593;62;Morval;C
62594;62;Mory;C
62595;62;Moulle;B2
62596;62;Mouriez;C
62597;62;Moyenneville;C
62598;62;Muncq-Nieurlet;C
62599;62;Nabringhen;C
62600;62;Nédon;C
62601;62;Nédonchel;C
62602;62;Nempont-Saint-Firmin;C
62603;62;Nesles;B2
62604;62;Neufchâtel-Hardelot;B1
62605;62;Neulette;C
62606;62;Neuve-Chapelle;B2
62607;62;Neuville-au-Cornet;C
62608;62;Neuville-Bourjonval;C
62609;62;Neuville-Saint-Vaast;C
62610;62;Neuville-sous-Montreuil;C
62611;62;Neuville-Vitasse;B2
62612;62;Neuvireuil;C
62613;62;Nielles-lès-Bléquin;C
62614;62;Nielles-lès-Ardres;C
62615;62;Nielles-lès-Calais;C
62616;62;Nœux-lès-Auxi;C
62617;62;Nœux-les-Mines;B2
62618;62;Nordausques;C
62619;62;Noreuil;C
62620;62;Norrent-Fontes;C
62621;62;Nortkerque;C
62622;62;Nort-Leulinghem;C
62623;62;Nouvelle-Église;C
62624;62;Noyelles-Godault;B2
62625;62;Noyelles-lès-Humières;C
62626;62;Noyelles-lès-Vermelles;B2
62627;62;Noyelles-sous-Bellonne;C
62628;62;Noyelles-sous-Lens;B2
62629;62;Noyellette;C
62630;62;Noyelle-Vion;C
62631;62;Nuncq-Hautecôte;C
62632;62;Oblinghem;B2
62633;62;Œuf-en-Ternois;C
62634;62;Offekerque;C
62635;62;Offin;C
62636;62;Offrethun;C
62637;62;Oignies;B2
62638;62;Oisy-le-Verger;C
62639;62;Oppy;C
62640;62;Orville;C
62641;62;Ostreville;C
62642;62;Ourton;B2
62643;62;Outreau;B2
62644;62;Ouve-Wirquin;C
62645;62;Oye-Plage;B2
62646;62;Palluel;C
62647;62;Le Parcq;C
62648;62;Parenty;C
62649;62;Pas-en-Artois;C
62650;62;Pelves;C
62651;62;Penin;C
62652;62;Pernes;C
62653;62;Pernes-lès-Boulogne;B2
62654;62;Peuplingues;C
62655;62;Pierremont;C
62656;62;Pihem;C
62657;62;Pihen-lès-Guînes;C
62658;62;Pittefaux;B2
62659;62;Planques;C
62660;62;Plouvain;C
62661;62;Bouin-Plumoison;C
62662;62;Polincove;C
62663;62;Pommera;C
62664;62;Pommier;C
62665;62;Le Ponchel;C
62666;62;Pont-à-Vendin;B2
62667;62;Le Portel;B2
62668;62;Prédefin;C
62669;62;Pressy;C
62670;62;Preures;C
62671;62;Pronville-en-Artois;C
62672;62;Puisieux;C
62673;62;Quéant;C
62674;62;Quelmes;C
62675;62;Quercamps;C
62676;62;Quernes;C
62677;62;Le Quesnoy-en-Artois;C
62678;62;Quesques;C
62679;62;Questrecques;C
62680;62;Quiéry-la-Motte;C
62681;62;Quiestède;C
62682;62;Quilen;C
62683;62;Quœux-Haut-Maînil;C
62684;62;Racquinghem;C
62685;62;Radinghem;C
62686;62;Ramecourt;C
62688;62;Rang-du-Fliers;B2
62689;62;Ransart;C
62690;62;Raye-sur-Authie;C
62691;62;Saint-Augustin;C
62692;62;Rebergues;C
62693;62;Rebreuve-Ranchicourt;B2
62694;62;Rebreuve-sur-Canche;C
62695;62;Rebreuviette;C
62696;62;Reclinghem;C
62697;62;Récourt;C
62698;62;Recques-sur-Course;C
62699;62;Recques-sur-Hem;C
62700;62;Regnauville;C
62701;62;Rely;C
62702;62;Remilly-Wirquin;C
62703;62;Rémy;C
62704;62;Renty;C
62705;62;Rety;C
62706;62;Richebourg;B2
62708;62;Riencourt-lès-Bapaume;C
62709;62;Riencourt-lès-Cagnicourt;C
62710;62;Rimboval;C
62711;62;Rinxent;C
62712;62;Rivière;C
62713;62;Robecq;C
62714;62;Roclincourt;C
62715;62;Rocquigny;C
62716;62;Rodelinghem;C
62717;62;Roëllecourt;C
62718;62;Rœux;C
62719;62;Rollancourt;C
62720;62;Rombly;C
62721;62;Roquetoire;C
62722;62;Rougefay;C
62723;62;Roussent;C
62724;62;Rouvroy;B2
62725;62;Royon;C
62726;62;Ruisseauville;C
62727;62;Ruitz;B2
62728;62;Rumaucourt;C
62729;62;Rumilly;C
62730;62;Ruminghem;C
62731;62;Ruyaulcourt;C
62732;62;Sachin;C
62733;62;Sailly-au-Bois;C
62734;62;Sailly-en-Ostrevent;C
62735;62;Sailly-Labourse;B2
62736;62;Sailly-sur-la-Lys;C
62737;62;Sains-en-Gohelle;B2
62738;62;Sains-lès-Fressin;C
62739;62;Sains-lès-Marquion;C
62740;62;Sains-lès-Pernes;C
62741;62;Saint-Amand;C
62742;62;Saint-Aubin;C
62744;62;Sainte-Catherine;B1
62745;62;Saint-Denœux;C
62746;62;Saint-Étienne-au-Mont;B2
62747;62;Saint-Floris;C
62748;62;Saint-Folquin;C
62749;62;Saint-Georges;C
62750;62;Saint-Hilaire-Cottes;C
62751;62;Saint-Inglevert;C
62752;62;Saint-Josse;C
62753;62;Saint-Laurent-Blangy;B1
62754;62;Saint-Léger;C
62755;62;Saint-Léonard;B2
62756;62;Sainte-Marie-Kerque;C
62757;62;Saint-Martin-lez-Tatinghem;B1
62758;62;Saint-Martin-Boulogne;B1
62759;62;Saint-Martin-Choquel;C
62760;62;Saint-Martin-d'Hardinghem;C
62761;62;Saint-Martin-sur-Cojeul;C
62762;62;Saint-Michel-sous-Bois;C
62763;62;Saint-Michel-sur-Ternoise;C
62764;62;Saint-Nicolas;B1
62765;62;Saint-Omer;B1
62766;62;Saint-Omer-Capelle;C
62767;62;Saint-Pol-sur-Ternoise;C
62768;62;Saint-Rémy-au-Bois;C
62769;62;Saint-Tricat;C
62770;62;Saint-Venant;C
62771;62;Sallaumines;B2
62772;62;Salperwick;B2
62773;62;Samer;C
62774;62;Sangatte;B1
62775;62;Sanghen;C
62776;62;Sapignies;C
62777;62;Le Sars;C
62778;62;Sars-le-Bois;C
62779;62;Sarton;C
62780;62;Sauchy-Cauchy;C
62781;62;Sauchy-Lestrée;C
62782;62;Saudemont;C
62783;62;Saulchoy;C
62784;62;Saulty;C
62785;62;Savy-Berlette;C
62786;62;Selles;C
62787;62;Sempy;C
62788;62;Seninghem;C
62789;62;Senlecques;C
62790;62;Senlis;C
62791;62;Séricourt;C
62792;62;Serques;B2
62793;62;Servins;B2
62794;62;Setques;C
62795;62;Sibiville;C
62796;62;Simencourt;C
62797;62;Siracourt;C
62798;62;Sombrin;C
62799;62;Sorrus;C
62800;62;Souastre;C
62801;62;Souchez;B2
62802;62;Le Souich;C
62803;62;Surques;C
62804;62;Sus-Saint-Léger;C
62805;62;Tangry;C
62806;62;Tardinghen;C
62808;62;Teneur;C
62809;62;Ternas;C
62810;62;Thélus;B2
62811;62;Thérouanne;C
62812;62;Thiembronne;C
62813;62;La Thieuloye;C
62814;62;Thièvres;C
62815;62;Tigny-Noyelle;C
62816;62;Tilloy-lès-Hermaville;C
62817;62;Tilloy-lès-Mofflaines;B2
62818;62;Tilly-Capelle;C
62819;62;Tilques;B2
62820;62;Tincques;C
62821;62;Tingry;C
62822;62;Tollent;C
62823;62;Torcy;C
62824;62;Tortefontaine;C
62825;62;Tortequesne;C
62826;62;Le Touquet-Paris-Plage;A
62827;62;Tournehem-sur-la-Hem;C
62828;62;Tramecourt;C
62829;62;Le Transloy;C
62830;62;Trescault;C
62831;62;Troisvaux;C
62832;62;Tubersent;C
62833;62;Vacquerie-le-Boucq;C
62834;62;Vacqueriette-Erquières;C
62835;62;Valhuon;C
62836;62;Vaudricourt;B2
62837;62;Vaudringhem;C
62838;62;Vaulx;C
62839;62;Vaulx-Vraucourt;C
62840;62;Vélu;C
62841;62;Vendin-lès-Béthune;B2
62842;62;Vendin-le-Vieil;B2
62843;62;Verchin;C
62844;62;Verchocq;C
62845;62;Verlincthun;C
62846;62;Vermelles;B2
62847;62;Verquigneul;B2
62848;62;Verquin;B2
62849;62;Verton;B2
62850;62;Vieil-Hesdin;C
62851;62;Vieille-Chapelle;B2
62852;62;Vieille-Église;C
62853;62;Vieil-Moutier;C
62854;62;Villers-au-Bois;B2
62855;62;Villers-au-Flos;C
62856;62;Villers-Brûlin;C
62857;62;Villers-Châtel;C
62858;62;Villers-lès-Cagnicourt;C
62859;62;Villers-l'Hôpital;C
62860;62;Villers-Sir-Simon;C
62861;62;Vimy;B2
62862;62;Vincly;C
62863;62;Violaines;B2
62864;62;Vis-en-Artois;C
62865;62;Vitry-en-Artois;B2
62866;62;Waben;C
62867;62;Wacquinghen;C
62868;62;Wail;C
62869;62;Wailly;B2
62870;62;Wailly-Beaucamp;C
62871;62;Wambercourt;C
62872;62;Wamin;C
62873;62;Wancourt;B2
62874;62;Wanquetin;C
62875;62;Wardrecques;B2
62876;62;Warlencourt-Eaucourt;C
62877;62;Warlincourt-lès-Pas;C
62878;62;Warlus;C
62879;62;Warluzel;C
62880;62;Le Wast;C
62881;62;Beauvoir-Wavans;C
62882;62;Wavrans-sur-l'Aa;C
62883;62;Wavrans-sur-Ternoise;C
62885;62;Westrehem;C
62886;62;Wicquinghem;C
62887;62;Widehem;C
62888;62;Wierre-au-Bois;C
62889;62;Wierre-Effroy;C
62890;62;Willeman;C
62891;62;Willencourt;C
62892;62;Willerval;B2
62893;62;Wimereux;B1
62894;62;Wimille;B2
62895;62;Wingles;B2
62896;62;Wirwignes;C
62897;62;Wismes;C
62898;62;Wisques;C
62899;62;Wissant;C
62900;62;Witternesse;C
62901;62;Wittes;C
62902;62;Wizernes;B2
62903;62;Zoteux;C
62904;62;Zouafques;C
62905;62;Zudausques;C
62906;62;Zutkerque;C
62907;62;Libercourt;B2
62908;62;La Capelle-lès-Boulogne;B2
62909;62;Ytres;C
63001;63;Aigueperse;C
63002;63;Aix-la-Fayette;C
63003;63;Ambert;C
63004;63;Les Ancizes-Comps;C
63005;63;Antoingt;C
63006;63;Anzat-le-Luguet;C
63007;63;Apchat;C
63008;63;Arconsat;C
63009;63;Ardes;C
63010;63;Arlanc;C
63011;63;Ars-les-Favets;C
63012;63;Artonne;C
63013;63;Aubiat;C
63014;63;Aubière;B1
63015;63;Aubusson-d'Auvergne;C
63016;63;Augerolles;C
63017;63;Augnat;C
63019;63;Aulnat;B2
63020;63;Aurières;C
63021;63;Authezat;C
63022;63;Auzat-la-Combelle;C
63023;63;Auzelles;C
63024;63;Avèze;C
63025;63;Ayat-sur-Sioule;C
63026;63;Aydat;C
63027;63;Baffie;C
63028;63;Bagnols;C
63029;63;Bansat;C
63030;63;Bas-et-Lezat;C
63031;63;Beaulieu;C
63032;63;Beaumont;B1
63033;63;Beaumont-lès-Randan;C
63034;63;Beauregard-l'Évêque;C
63035;63;Beauregard-Vendon;C
63036;63;Bergonne;C
63037;63;Bertignat;C
63038;63;Besse-et-Saint-Anastaise;C
63039;63;Beurières;C
63040;63;Billom;C
63041;63;Biollet;C
63042;63;Blanzat;B2
63043;63;Blot-l'Église;C
63044;63;Bongheat;C
63045;63;Bort-l'Étang;C
63046;63;Boudes;C
63047;63;La Bourboule;C
63048;63;Bourg-Lastic;C
63049;63;Bouzel;C
63050;63;Brassac-les-Mines;C
63051;63;Brenat;C
63052;63;Le Breuil-sur-Couze;C
63053;63;Briffons;C
63054;63;Le Broc;C
63055;63;Bromont-Lamothe;C
63056;63;Brousse;C
63057;63;Le Brugeron;C
63058;63;Bulhon;C
63059;63;Busséol;C
63060;63;Bussières;C
63061;63;Bussières-et-Pruns;C
63062;63;Buxières-sous-Montaigut;C
63063;63;Cébazat;B1
63064;63;La Celle;C
63065;63;Ceilloux;C
63066;63;Celles-sur-Durolle;C
63067;63;La Cellette;C
63069;63;Le Cendre;B2
63070;63;Ceyrat;B1
63071;63;Ceyssat;C
63072;63;Chabreloche;C
63073;63;Chadeleuf;C
63074;63;Chalus;C
63075;63;Chamalières;B1
63076;63;Chambon-sur-Dolore;C
63077;63;Chambon-sur-Lac;C
63079;63;Champagnat-le-Jeune;C
63080;63;Champeix;C
63081;63;Champétières;C
63082;63;Champs;C
63083;63;Chanat-la-Mouteyre;C
63084;63;Chanonat;C
63085;63;Chapdes-Beaufort;C
63086;63;La Chapelle-Agnon;C
63087;63;La Chapelle-Marcousse;C
63088;63;La Chapelle-sur-Usson;C
63089;63;Chappes;C
63090;63;Chaptuzat;C
63091;63;Charbonnier-les-Mines;C
63092;63;Charbonnières-les-Varennes;C
63093;63;Charbonnières-les-Vieilles;C
63094;63;Charensat;C
63095;63;Charnat;C
63096;63;Chas;C
63097;63;Chassagne;C
63098;63;Chastreix;C
63099;63;Châteaugay;B2
63100;63;Châteauneuf-les-Bains;C
63101;63;Château-sur-Cher;C
63102;63;Châteldon;C
63103;63;Châtel-Guyon;B2
63104;63;La Chaulme;C
63105;63;Chaumont-le-Bourg;C
63106;63;Chauriat;C
63107;63;Chavaroux;C
63108;63;Le Cheix-sur-Morge;C
63109;63;Les Deux-Rives;C
63110;63;Cisternes-la-Forêt;C
63111;63;Clémensat;C
63112;63;Clerlande;C
63113;63;Clermont-Ferrand;B1
63114;63;Collanges;C
63115;63;Combrailles;C
63116;63;Combronde;C
63117;63;Compains;C
63118;63;Condat-en-Combraille;C
63119;63;Condat-lès-Montboissier;C
63120;63;Corent;C
63121;63;Coudes;C
63122;63;Courgoul;C
63123;63;Cournols;C
63124;63;Cournon-d'Auvergne;B1
63125;63;Courpière;C
63126;63;Le Crest;C
63128;63;Crevant-Laveine;C
63129;63;Cros;C
63130;63;La Crouzille;C
63131;63;Culhat;C
63132;63;Cunlhat;C
63134;63;Dauzat-sur-Vodable;C
63135;63;Davayat;C
63136;63;Domaize;C
63137;63;Doranges;C
63138;63;Dorat;C
63139;63;Dore-l'Église;C
63140;63;Durmignat;C
63141;63;Durtol;B2
63142;63;Échandelys;C
63143;63;Effiat;C
63144;63;Égliseneuve-d'Entraigues;C
63145;63;Égliseneuve-des-Liards;C
63146;63;Égliseneuve-près-Billom;C
63147;63;Églisolles;C
63148;63;Ennezat;C
63149;63;Entraigues;C
63150;63;Enval;B2
63151;63;Escoutoux;C
63152;63;Espinasse;C
63153;63;Espinchal;C
63154;63;Espirat;C
63155;63;Estandeuil;C
63156;63;Esteil;C
63157;63;Fayet-le-Château;C
63158;63;Fayet-Ronaye;C
63159;63;Fernoël;C
63160;63;Aulhat-Flat;C
63161;63;La Forie;C
63162;63;Fournols;C
63163;63;Gelles;C
63164;63;Gerzat;B2
63165;63;Giat;C
63166;63;Gignat;C
63167;63;Gimeaux;C
63168;63;Glaine-Montaigut;C
63169;63;La Godivelle;C
63170;63;La Goutelle;C
63171;63;Gouttières;C
63172;63;Grandeyrolles;C
63173;63;Grandrif;C
63174;63;Grandval;C
63175;63;Herment;C
63176;63;Heume-l'Église;C
63177;63;Isserteaux;C
63178;63;Issoire;C
63179;63;Job;C
63180;63;Joze;C
63181;63;Jozerand;C
63182;63;Jumeaux;C
63183;63;Labessette;C
63184;63;Lachaux;C
63185;63;Lamontgie;C
63186;63;Landogne;C
63187;63;Lapeyrouse;C
63188;63;Laps;C
63189;63;Laqueuille;C
63190;63;Larodde;C
63191;63;Lastic;C
63192;63;La Tour-d'Auvergne;C
63193;63;Lempdes;B2
63194;63;Lempty;C
63195;63;Lezoux;C
63196;63;Limons;C
63197;63;Lisseuil;C
63198;63;Loubeyrat;C
63199;63;Ludesse;C
63200;63;Lussat;C
63201;63;Luzillat;C
63202;63;Madriat;C
63203;63;Malauzat;C
63204;63;Malintrat;C
63205;63;Manglieu;C
63206;63;Manzat;C
63207;63;Marat;C
63208;63;Marcillat;C
63209;63;Mareugheol;C
63210;63;Maringues;C
63211;63;Marsac-en-Livradois;C
63212;63;Marsat;B2
63213;63;Les Martres-d'Artière;C
63214;63;Les Martres-de-Veyre;C
63215;63;Martres-sur-Morge;C
63216;63;Mauzun;C
63218;63;Mayres;C
63219;63;Mazaye;C
63220;63;Mazoires;C
63221;63;Medeyrolles;C
63222;63;Meilhaud;C
63223;63;Menat;C
63224;63;Ménétrol;B2
63225;63;Messeix;C
63226;63;Mur-sur-Allier;C
63227;63;Mirefleurs;C
63228;63;Miremont;C
63229;63;Moissat;C
63230;63;Le Monestier;C
63231;63;La Monnerie-le-Montel;C
63232;63;Mons;C
63233;63;Montaigut-en-Combraille;C
63234;63;Montaigut-le-Blanc;C
63235;63;Montcel;C
63236;63;Mont-Dore;C
63237;63;Montel-de-Gelat;C
63238;63;Montfermy;C
63239;63;Montmorin;C
63240;63;Montpensier;C
63241;63;Montpeyroux;C
63242;63;Moriat;C
63243;63;Moureuille;C
63244;63;Chambaron sur Morge;C
63245;63;Mozac;B2
63246;63;Murat-le-Quaire;C
63247;63;Murol;C
63248;63;Nébouzat;C
63249;63;Néronde-sur-Dore;C
63250;63;Neschers;C
63251;63;Neuf-Église;C
63252;63;Neuville;C
63253;63;Noalhat;C
63254;63;Nohanent;B2
63255;63;Nonette-Orsonnette;C
63256;63;Novacelles;C
63257;63;Olby;C
63258;63;Olliergues;C
63259;63;Olloix;C
63260;63;Olmet;C
63261;63;Orbeil;C
63262;63;Orcet;C
63263;63;Orcines;C
63264;63;Orcival;C
63265;63;Orléat;C
63267;63;Palladuc;C
63268;63;Pardines;C
63269;63;Parent;C
63270;63;Parentignat;C
63271;63;Paslières;C
63272;63;Pérignat-lès-Sarliève;B2
63273;63;Pérignat-sur-Allier;C
63274;63;Perpezat;C
63275;63;Perrier;C
63276;63;Peschadoires;C
63277;63;Peslières;C
63278;63;Pessat-Villeneuve;C
63279;63;Picherande;C
63280;63;Pignols;C
63281;63;Pionsat;C
63282;63;Plauzat;C
63283;63;Pontaumur;C
63284;63;Pont-du-Château;B2
63285;63;Pontgibaud;C
63286;63;Pouzol;C
63287;63;Les Pradeaux;C
63288;63;Prompsat;C
63289;63;Prondines;C
63290;63;Pulvérières;C
63291;63;Puy-Guillaume;C
63292;63;Puy-Saint-Gulmier;C
63293;63;Le Quartier;C
63294;63;Queuille;C
63295;63;Randan;C
63296;63;Ravel;C
63297;63;Reignat;C
63298;63;La Renaudie;C
63299;63;Rentières;C
63300;63;Riom;B2
63301;63;Ris;C
63302;63;La Roche-Blanche;C
63303;63;Roche-Charles-la-Mayrand;C
63304;63;Roche-d'Agoux;C
63305;63;Rochefort-Montagne;C
63306;63;La Roche-Noire;C
63307;63;Romagnat;B1
63308;63;Royat;B1
63309;63;Saillant;C
63310;63;Sainte-Agathe;C
63311;63;Saint-Agoulin;C
63312;63;Saint-Alyre-d'Arlanc;C
63313;63;Saint-Alyre-ès-Montagne;C
63314;63;Saint-Amant-Roche-Savine;C
63315;63;Saint-Amant-Tallende;C
63317;63;Saint-André-le-Coq;C
63318;63;Saint-Angel;C
63319;63;Saint-Anthème;C
63320;63;Saint-Avit;C
63321;63;Saint-Babel;C
63322;63;Saint-Beauzire;C
63323;63;Saint-Bonnet-le-Bourg;C
63324;63;Saint-Bonnet-le-Chastel;C
63325;63;Saint-Bonnet-lès-Allier;C
63326;63;Saint-Bonnet-près-Orcival;C
63327;63;Saint-Bonnet-près-Riom;C
63328;63;Sainte-Catherine;C
63329;63;Sainte-Christine;C
63331;63;Saint-Clément-de-Valorgue;C
63332;63;Saint-Clément-de-Régnat;C
63333;63;Saint-Denis-Combarnazat;C
63334;63;Saint-Dier-d'Auvergne;C
63335;63;Saint-Diéry;C
63336;63;Saint-Donat;C
63337;63;Saint-Éloy-la-Glacière;C
63338;63;Saint-Éloy-les-Mines;C
63339;63;Saint-Étienne-des-Champs;C
63340;63;Saint-Étienne-sur-Usson;C
63341;63;Saint-Ferréol-des-Côtes;C
63342;63;Saint-Floret;C
63343;63;Saint-Flour-l'Étang;C
63344;63;Saint-Gal-sur-Sioule;C
63345;63;Saint-Genès-Champanelle;C
63346;63;Saint-Genès-Champespe;C
63347;63;Saint-Genès-du-Retz;C
63348;63;Saint-Genès-la-Tourette;C
63349;63;Saint-Georges-de-Mons;C
63350;63;Saint-Georges-sur-Allier;C
63351;63;Saint-Germain-près-Herment;C
63352;63;Saint-Germain-Lembron;C
63353;63;Saint-Germain-l'Herm;C
63354;63;Saint-Gervais-d'Auvergne;C
63355;63;Saint-Gervais-sous-Meymont;C
63356;63;Saint-Gervazy;C
63357;63;Saint-Hérent;C
63358;63;Saint-Hilaire-la-Croix;C
63359;63;Saint-Hilaire-les-Monges;C
63360;63;Saint-Hilaire;C
63362;63;Saint-Ignat;C
63363;63;Saint-Jacques-d'Ambur;C
63364;63;Saint-Jean-d'Heurs;C
63365;63;Saint-Jean-des-Ollières;C
63366;63;Saint-Jean-en-Val;C
63367;63;Saint-Jean-Saint-Gervais;C
63368;63;Saint-Julien-de-Coppel;C
63369;63;Saint-Julien-la-Geneste;C
63370;63;Saint-Julien-Puy-Lavèze;C
63371;63;Saint-Just;C
63372;63;Saint-Laure;C
63373;63;Saint-Maigner;C
63374;63;Saint-Martin-des-Olmes;C
63375;63;Saint-Martin-des-Plains;C
63376;63;Saint-Martin-d'Ollières;C
63377;63;Saint-Maurice-près-Pionsat;C
63378;63;Saint-Maurice;C
63379;63;Saint-Myon;C
63380;63;Saint-Nectaire;C
63381;63;Saint-Ours;C
63382;63;Saint-Pardoux;C
63383;63;Saint-Pierre-Colamine;C
63384;63;Saint-Pierre-la-Bourlhonne;C
63385;63;Saint-Pierre-le-Chastel;C
63386;63;Saint-Pierre-Roche;C
63387;63;Saint-Priest-Bramefant;C
63388;63;Saint-Priest-des-Champs;C
63389;63;Saint-Quentin-sur-Sauxillanges;C
63390;63;Saint-Quintin-sur-Sioule;C
63391;63;Saint-Rémy-de-Blot;C
63392;63;Saint-Rémy-de-Chargnat;C
63393;63;Saint-Rémy-sur-Durolle;C
63394;63;Saint-Romain;C
63395;63;Saint-Sandoux;C
63396;63;Saint-Saturnin;C
63397;63;Saint-Sauves-d'Auvergne;C
63398;63;Saint-Sauveur-la-Sagne;C
63399;63;Saint-Sulpice;C
63400;63;Saint-Sylvestre-Pragoulin;C
63401;63;Saint-Victor-la-Rivière;C
63402;63;Saint-Victor-Montvianeix;C
63403;63;Saint-Vincent;C
63404;63;Saint-Yvoine;C
63405;63;Sallèdes;C
63406;63;Sardon;C
63407;63;Saulzet-le-Froid;C
63408;63;Sauret-Besserve;C
63409;63;Saurier;C
63410;63;Sauvagnat;C
63411;63;Sauvagnat-Sainte-Marthe;C
63412;63;Sauvessanges;C
63413;63;La Sauvetat;C
63414;63;Sauviat;C
63415;63;Sauxillanges;C
63416;63;Savennes;C
63417;63;Sayat;C
63418;63;Sermentizon;C
63419;63;Servant;C
63420;63;Seychalles;C
63421;63;Singles;C
63422;63;Solignat;C
63423;63;Sugères;C
63424;63;Surat;C
63425;63;Tallende;C
63426;63;Tauves;C
63427;63;Teilhède;C
63428;63;Teilhet;C
63429;63;Ternant-les-Eaux;C
63430;63;Thiers;C
63431;63;Thiolières;C
63432;63;Thuret;C
63433;63;Tortebesse;C
63434;63;Tours-sur-Meymont;C
63435;63;Tourzel-Ronzières;C
63436;63;Tralaigues;C
63437;63;Trémouille-Saint-Loup;C
63438;63;Trézioux;C
63439;63;Usson;C
63440;63;Valbeleix;C
63441;63;Valcivières;C
63442;63;Valz-sous-Châteauneuf;C
63443;63;Varennes-sur-Morge;C
63444;63;Varennes-sur-Usson;C
63445;63;Vassel;C
63446;63;Vensat;C
63447;63;Vergheas;C
63448;63;Le Vernet-Chaméane;C
63449;63;Le Vernet-Sainte-Marguerite;C
63450;63;Verneugheol;C
63451;63;Vernines;C
63452;63;Verrières;C
63453;63;Vertaizon;C
63454;63;Vertolaye;C
63455;63;Veyre-Monton;C
63456;63;Vichel;C
63457;63;Vic-le-Comte;C
63458;63;Villeneuve;C
63459;63;Villeneuve-les-Cerfs;C
63460;63;Villossanges;C
63461;63;Vinzelles;C
63462;63;Virlet;C
63463;63;Viscomtat;C
63464;63;Vitrac;C
63465;63;Viverols;C
63466;63;Vodable;C
63467;63;Voingt;C
63468;63;Vollore-Montagne;C
63469;63;Vollore-Ville;C
63470;63;Volvic;C
63471;63;Youx;C
63472;63;Yronde-et-Buron;C
63473;63;Yssac-la-Tourette;C
64001;64;Aast;C
64002;64;Abère;C
64003;64;Abidos;C
64004;64;Abitain;C
64005;64;Abos;C
64006;64;Accous;C
64007;64;Agnos;C
64008;64;Ahaxe-Alciette-Bascassan;C
64009;64;Ahetze;B1
64010;64;Aïcirits-Camou-Suhast;C
64011;64;Aincille;C
64012;64;Ainharp;C
64013;64;Ainhice-Mongelos;C
64014;64;Ainhoa;C
64015;64;Alçay-Alçabéhéty-Sunharette;C
64016;64;Aldudes;C
64017;64;Alos-Sibas-Abense;C
64018;64;Amendeuix-Oneix;C
64019;64;Amorots-Succos;C
64021;64;Andoins;B2
64022;64;Andrein;C
64023;64;Angaïs;B2
64024;64;Anglet;A
64025;64;Angous;C
64026;64;Anhaux;C
64027;64;Anos;C
64028;64;Anoye;C
64029;64;Aramits;C
64031;64;Arancou;C
64032;64;Araujuzon;C
64033;64;Araux;C
64034;64;Arbérats-Sillègue;C
64035;64;Arbonne;B1
64036;64;Arbouet-Sussaute;C
64037;64;Arbus;B2
64038;64;Arcangues;B1
64039;64;Aren;C
64040;64;Arette;C
64041;64;Aressy;B2
64042;64;Argagnon;C
64043;64;Argelos;C
64044;64;Arget;C
64045;64;Arhansus;C
64046;64;Armendarits;C
64047;64;Arnéguy;C
64048;64;Arnos;C
64049;64;Aroue-Ithorots-Olhaïby;C
64050;64;Arrast-Larrebieu;C
64051;64;Arraute-Charritte;C
64052;64;Arricau-Bordes;C
64053;64;Arrien;C
64054;64;Arros-de-Nay;B2
64056;64;Arrosès;C
64057;64;Arthez-de-Béarn;C
64058;64;Arthez-d'Asson;C
64059;64;Artigueloutan;C
64060;64;Artiguelouve;B2
64061;64;Artix;C
64062;64;Arudy;C
64063;64;Arzacq-Arraziguet;C
64064;64;Asasp-Arros;C
64065;64;Ascain;B1
64066;64;Ascarat;C
64067;64;Assat;B2
64068;64;Asson;C
64069;64;Aste-Béon;C
64070;64;Astis;C
64071;64;Athos-Aspis;C
64072;64;Aubertin;C
64073;64;Aubin;C
64074;64;Aubous;C
64075;64;Audaux;C
64077;64;Auga;C
64078;64;Auriac;C
64079;64;Aurions-Idernes;C
64080;64;Aussevielle;B2
64081;64;Aussurucq;C
64082;64;Auterrive;C
64083;64;Autevielle-Saint-Martin-Bideren;C
64084;64;Aydie;C
64085;64;Aydius;C
64086;64;Ayherre;C
64087;64;Baigts-de-Béarn;C
64088;64;Balansun;C
64089;64;Baleix;C
64090;64;Baliracq-Maumusson;C
64091;64;Baliros;B2
64092;64;Banca;C
64093;64;Barcus;C
64094;64;Bardos;B2
64095;64;Barinque;C
64096;64;Barraute-Camu;C
64097;64;Barzun;C
64098;64;Bassillon-Vauzé;C
64099;64;Bastanès;C
64100;64;Bassussarry;B1
64101;64;Baudreix;B2
64102;64;Bayonne;B1
64103;64;Bédeille;C
64104;64;Bedous;C
64105;64;Béguios;C
64106;64;Béhasque-Lapiste;C
64107;64;Béhorléguy;C
64108;64;Bellocq;C
64109;64;Bénéjacq;B2
64110;64;Béost;C
64111;64;Bentayou-Sérée;C
64112;64;Bérenx;C
64113;64;Bergouey-Viellenave;C
64114;64;Bernadets;C
64115;64;Berrogain-Laruns;C
64116;64;Bescat;C
64117;64;Bésingrand;C
64118;64;Bétracq;C
64119;64;Beuste;C
64120;64;Beyrie-sur-Joyeuse;C
64121;64;Beyrie-en-Béarn;C
64122;64;Biarritz;A
64123;64;Bidache;C
64124;64;Bidarray;C
64125;64;Bidart;A
64126;64;Bidos;C
64127;64;Bielle;C
64128;64;Bilhères;C
64129;64;Billère;B1
64130;64;Biriatou;B1
64131;64;Biron;C
64132;64;Bizanos;B1
64133;64;Boeil-Bezing;B2
64134;64;Bonloc;C
64135;64;Bonnut;C
64136;64;Borce;C
64137;64;Bordères;B2
64138;64;Bordes;B2
64139;64;Bosdarros;C
64140;64;Boucau;B1
64141;64;Boueilh-Boueilho-Lasque;C
64142;64;Bougarber;C
64143;64;Bouillon;C
64144;64;Boumourt;C
64145;64;Bourdettes;B2
64146;64;Bournos;C
64147;64;Briscous;B2
64148;64;Bruges-Capbis-Mifaget;C
64149;64;Bugnein;C
64150;64;Bunus;C
64151;64;Burgaronne;C
64152;64;Buros;B2
64153;64;Burosse-Mendousse;C
64154;64;Bussunarits-Sarrasquette;C
64155;64;Bustince-Iriberry;C
64156;64;Buziet;C
64157;64;Buzy;C
64158;64;Cabidos;C
64159;64;Cadillon;C
64160;64;Cambo-les-Bains;B1
64161;64;Came;C
64162;64;Camou-Cihigue;C
64165;64;Cardesse;C
64166;64;Caro;C
64167;64;Carrère;C
64168;64;Carresse-Cassaber;C
64170;64;Castagnède;C
64171;64;Casteide-Cami;C
64172;64;Casteide-Candau;C
64173;64;Casteide-Doat;C
64174;64;Castéra-Loubix;C
64175;64;Castet;C
64176;64;Castetbon;C
64177;64;Castétis;C
64178;64;Castetnau-Camblong;C
64179;64;Castetner;C
64180;64;Castetpugon;C
64181;64;Castillon (Canton d'Arthez-de-Béarn);C
64182;64;Castillon (Canton de Lembeye);C
64183;64;Caubios-Loos;C
64184;64;Cescau;C
64185;64;Cette-Eygun;C
64186;64;Charre;C
64187;64;Charritte-de-Bas;C
64188;64;Chéraute;C
64189;64;Ciboure;A
64190;64;Claracq;C
64191;64;Coarraze;B2
64192;64;Conchez-de-Béarn;C
64193;64;Corbère-Abères;C
64194;64;Coslédaà-Lube-Boast;C
64195;64;Coublucq;C
64196;64;Crouseilles;C
64197;64;Cuqueron;C
64198;64;Denguin;B2
64199;64;Diusse;C
64200;64;Doazon;C
64201;64;Dognen;C
64202;64;Domezain-Berraute;C
64203;64;Doumy;C
64204;64;Eaux-Bonnes;C
64205;64;Escos;C
64206;64;Escot;C
64207;64;Escou;C
64208;64;Escoubès;C
64209;64;Escout;C
64210;64;Escurès;C
64211;64;Eslourenties-Daban;C
64212;64;Espéchède;C
64213;64;Espelette;B2
64214;64;Espès-Undurein;C
64215;64;Espiute;C
64216;64;Espoey;C
64217;64;Esquiule;C
64218;64;Estérençuby;C
64219;64;Estialescq;C
64220;64;Estos;C
64221;64;Etcharry;C
64222;64;Etchebar;C
64223;64;Etsaut;C
64224;64;Eysus;C
64225;64;Ance Féas;C
64226;64;Fichous-Riumayou;C
64227;64;Gabaston;B2
64228;64;Gabat;C
64229;64;Gamarthe;C
64230;64;Gan;B2
64231;64;Garindein;C
64232;64;Garlède-Mondebat;C
64233;64;Garlin;C
64234;64;Garos;C
64235;64;Garris;C
64236;64;Gayon;C
64237;64;Gelos;B1
64238;64;Ger;C
64239;64;Gerderest;C
64240;64;Gère-Bélesten;C
64241;64;Géronce;C
64242;64;Gestas;C
64243;64;Géus-d'Arzacq;C
64244;64;Geüs-d'Oloron;C
64245;64;Goès;C
64246;64;Gomer;C
64247;64;Gotein-Libarrenx;C
64249;64;Guéthary;A
64250;64;Guiche;C
64251;64;Guinarthe-Parenties;C
64252;64;Gurmençon;C
64253;64;Gurs;C
64254;64;Hagetaubin;C
64255;64;Halsou;B2
64256;64;Hasparren;B2
64257;64;Haut-de-Bosdarros;C
64258;64;Haux;C
64259;64;Hélette;C
64260;64;Hendaye;B1
64261;64;Herrère;C
64262;64;Higuères-Souye;C
64263;64;L'Hôpital-d'Orion;C
64264;64;L'Hôpital-Saint-Blaise;C
64265;64;Hosta;C
64266;64;Hours;C
64267;64;Ibarrolle;C
64268;64;Idaux-Mendy;C
64269;64;Idron;B1
64270;64;Igon;B2
64271;64;Iholdy;C
64272;64;Ilharre;C
64273;64;Irissarry;C
64274;64;Irouléguy;C
64275;64;Ispoure;C
64276;64;Issor;C
64277;64;Isturits;C
64279;64;Itxassou;C
64280;64;Izeste;C
64281;64;Jasses;C
64282;64;Jatxou;B1
64283;64;Jaxu;C
64284;64;Jurançon;B1
64285;64;Juxue;C
64286;64;Laà-Mondrans;C
64287;64;Laàs;C
64288;64;Labastide-Cézéracq;C
64289;64;La Bastide-Clairence;C
64290;64;Labastide-Monréjeau;C
64291;64;Labastide-Villefranche;C
64292;64;Labatmale;C
64293;64;Labatut-Figuières;C
64294;64;Labets-Biscay;C
64295;64;Labeyrie;C
64296;64;Lacadée;C
64297;64;Lacarre;C
64298;64;Lacarry-Arhan-Charritte-de-Haut;C
64299;64;Lacommande;C
64300;64;Lacq;C
64301;64;Lagor;C
64302;64;Lagos;B2
64303;64;Laguinge-Restoue;C
64304;64;Lahonce;B1
64305;64;Lahontan;C
64306;64;Lahourcade;C
64307;64;Lalongue;C
64308;64;Lalonquette;C
64309;64;Lamayou;C
64310;64;Lanne-en-Barétous;C
64311;64;Lannecaube;C
64312;64;Lanneplaà;C
64313;64;Lantabat;C
64314;64;Larceveau-Arros-Cibits;C
64315;64;Laroin;B2
64316;64;Larrau;C
64317;64;Larressore;B1
64318;64;Larreule;C
64319;64;Larribar-Sorhapuru;C
64320;64;Laruns;C
64321;64;Lasclaveries;C
64322;64;Lasse;C
64323;64;Lasserre;C
64324;64;Lasseube;C
64325;64;Lasseubetat;C
64326;64;Lay-Lamidou;C
64327;64;Lecumberry;C
64328;64;Ledeuix;C
64329;64;Lée;B2
64330;64;Lées-Athas;C
64331;64;Lembeye;C
64332;64;Lème;C
64334;64;Léren;C
64335;64;Lescar;B1
64336;64;Lescun;C
64337;64;Lespielle;C
64338;64;Lespourcy;C
64339;64;Lestelle-Bétharram;C
64340;64;Lichans-Sunhar;C
64341;64;Lichos;C
64342;64;Licq-Athérey;C
64343;64;Limendous;C
64344;64;Livron;C
64345;64;Lohitzun-Oyhercq;C
64346;64;Lombia;C
64347;64;Lonçon;C
64348;64;Lons;B1
64349;64;Loubieng;C
64350;64;Louhossoa;C
64351;64;Lourdios-Ichère;C
64352;64;Lourenties;C
64353;64;Louvie-Juzon;C
64354;64;Louvie-Soubiron;C
64355;64;Louvigny;C
64356;64;Luc-Armau;C
64357;64;Lucarré;C
64358;64;Lucgarier;C
64359;64;Lucq-de-Béarn;C
64360;64;Lurbe-Saint-Christau;C
64361;64;Lussagnet-Lusson;C
64362;64;Luxe-Sumberraute;C
64363;64;Lys;C
64364;64;Macaye;C
64365;64;Malaussanne;C
64366;64;Mascaraàs-Haron;C
64367;64;Maslacq;C
64368;64;Masparraute;C
64369;64;Maspie-Lalonquère-Juillacq;C
64370;64;Maucor;B2
64371;64;Mauléon-Licharre;C
64372;64;Maure;C
64373;64;Mazères-Lezons;B2
64374;64;Mazerolles;C
64375;64;Méharin;C
64376;64;Meillon;B2
64377;64;Mendionde;C
64378;64;Menditte;C
64379;64;Mendive;C
64380;64;Méracq;C
64381;64;Méritein;C
64382;64;Mesplède;C
64383;64;Mialos;C
64385;64;Miossens-Lanusse;C
64386;64;Mirepeix;B2
64387;64;Momas;C
64388;64;Momy;C
64389;64;Monassut-Audiracq;C
64390;64;Moncaup;C
64391;64;Moncayolle-Larrory-Mendibieu;C
64392;64;Moncla;C
64393;64;Monein;C
64394;64;Monpezat;C
64395;64;Monségur;C
64396;64;Mont;C
64397;64;Montagut;C
64398;64;Montaner;C
64399;64;Montardon;B2
64400;64;Montaut;C
64401;64;Mont-Disse;C
64403;64;Montfort;C
64404;64;Montory;C
64405;64;Morlaàs;B2
64406;64;Morlanne;C
64407;64;Mouguerre;B1
64408;64;Mouhous;C
64409;64;Moumour;C
64410;64;Mourenx;C
64411;64;Musculdy;C
64412;64;Nabas;C
64413;64;Narcastet;B2
64414;64;Narp;C
64415;64;Navailles-Angos;B2
64416;64;Navarrenx;C
64417;64;Nay;B2
64418;64;Noguères;C
64419;64;Nousty;C
64420;64;Ogenne-Camptort;C
64421;64;Ogeu-les-Bains;C
64422;64;Oloron-Sainte-Marie;C
64423;64;Oraàs;C
64424;64;Ordiarp;C
64425;64;Orègue;C
64426;64;Orin;C
64427;64;Orion;C
64428;64;Orriule;C
64429;64;Orsanco;C
64430;64;Orthez;C
64431;64;Os-Marsillon;C
64432;64;Ossas-Suhare;C
64433;64;Osse-en-Aspe;C
64434;64;Ossenx;C
64435;64;Osserain-Rivareyte;C
64436;64;Ossès;C
64437;64;Ostabat-Asme;C
64438;64;Ouillon;C
64439;64;Ousse;B2
64440;64;Ozenx-Montestrucq;C
64441;64;Pagolle;C
64442;64;Parbayse;C
64443;64;Pardies;C
64444;64;Pardies-Piétat;B2
64445;64;Pau;B1
64446;64;Peyrelongue-Abos;C
64447;64;Piets-Plasence-Moustrou;C
64448;64;Poey-de-Lescar;B2
64449;64;Poey-d'Oloron;C
64450;64;Pomps;C
64451;64;Ponson-Debat-Pouts;C
64452;64;Ponson-Dessus;C
64453;64;Pontacq;C
64454;64;Pontiacq-Viellepinte;C
64455;64;Portet;C
64456;64;Pouliacq;C
64457;64;Poursiugues-Boucoue;C
64458;64;Préchacq-Josbaig;C
64459;64;Préchacq-Navarrenx;C
64460;64;Précilhon;C
64461;64;Puyoô;C
64462;64;Ramous;C
64463;64;Rébénacq;C
64464;64;Ribarrouy;C
64465;64;Riupeyrous;C
64466;64;Rivehaute;C
64467;64;Rontignon;B2
64468;64;Roquiague;C
64469;64;Saint-Abit;B2
64470;64;Saint-Armou;C
64471;64;Saint-Boès;C
64472;64;Saint-Castin;C
64473;64;Sainte-Colome;C
64474;64;Saint-Dos;C
64475;64;Sainte-Engrâce;C
64476;64;Saint-Esteben;C
64477;64;Saint-Étienne-de-Baïgorry;C
64478;64;Saint-Faust;C
64479;64;Saint-Girons-en-Béarn;C
64480;64;Saint-Gladie-Arrive-Munein;C
64481;64;Saint-Goin;C
64482;64;Saint-Jammes;B2
64483;64;Saint-Jean-de-Luz;A
64484;64;Saint-Jean-le-Vieux;C
64485;64;Saint-Jean-Pied-de-Port;C
64486;64;Saint-Jean-Poudge;C
64487;64;Saint-Just-Ibarre;C
64488;64;Saint-Laurent-Bretagne;C
64489;64;Saint-Martin-d'Arberoue;C
64490;64;Saint-Martin-d'Arrossa;C
64491;64;Saint-Médard;C
64492;64;Saint-Michel;C
64493;64;Saint-Palais;C
64494;64;Saint-Pé-de-Léren;C
64495;64;Saint-Pée-sur-Nivelle;B1
64496;64;Saint-Pierre-d'Irube;B1
64498;64;Saint-Vincent;C
64499;64;Salies-de-Béarn;C
64500;64;Salles-Mongiscard;C
64501;64;Sallespisse;C
64502;64;Sames;C
64503;64;Samsons-Lion;C
64504;64;Sare;C
64505;64;Sarpourenx;C
64506;64;Sarrance;C
64507;64;Saubole;C
64508;64;Saucède;C
64509;64;Sauguis-Saint-Étienne;C
64510;64;Sault-de-Navailles;C
64511;64;Sauvagnon;B2
64512;64;Sauvelade;C
64513;64;Sauveterre-de-Béarn;C
64514;64;Séby;C
64515;64;Sedze-Maubecq;C
64516;64;Sedzère;C
64517;64;Séméacq-Blachon;C
64518;64;Sendets;B2
64519;64;Serres-Castet;B2
64520;64;Serres-Morlaàs;B2
64521;64;Serres-Sainte-Marie;C
64522;64;Sévignacq-Meyracq;C
64523;64;Sévignacq;C
64524;64;Simacourbe;C
64525;64;Siros;B2
64526;64;Soumoulou;C
64527;64;Souraïde;C
64528;64;Suhescun;C
64529;64;Sus;C
64530;64;Susmiou;C
64531;64;Tabaille-Usquain;C
64532;64;Tadousse-Ussau;C
64533;64;Tardets-Sorholus;C
64534;64;Taron-Sadirac-Viellenave;C
64535;64;Tarsacq;C
64536;64;Thèze;C
64537;64;Trois-Villes;C
64538;64;Uhart-Cize;C
64539;64;Uhart-Mixe;C
64540;64;Urcuit;B1
64542;64;Urdos;C
64543;64;Urepel;C
64544;64;Urost;C
64545;64;Urrugne;B1
64546;64;Urt;B2
64547;64;Ustaritz;B1
64548;64;Uzan;C
64549;64;Uzein;C
64550;64;Uzos;B2
64551;64;Verdets;C
64552;64;Vialer;C
64554;64;Viellenave-d'Arthez;C
64555;64;Viellenave-de-Navarrenx;C
64556;64;Vielleségure;C
64557;64;Vignes;C
64558;64;Villefranque;B1
64559;64;Viodos-Abense-de-Bas;C
64560;64;Viven;C
65001;65;Adast;C
65002;65;Adé;C
65003;65;Adervielle-Pouchergues;C
65004;65;Agos-Vidalos;C
65005;65;Allier;C
65006;65;Ancizan;C
65007;65;Andrest;C
65009;65;Anères;C
65010;65;Angos;C
65011;65;Les Angles;C
65012;65;Anla;C
65013;65;Ansost;C
65014;65;Antichan;C
65015;65;Antin;C
65016;65;Antist;C
65017;65;Aragnouet;C
65018;65;Arbéost;C
65019;65;Arcizac-Adour;C
65020;65;Arcizac-ez-Angles;C
65021;65;Arcizans-Avant;C
65022;65;Arcizans-Dessus;C
65023;65;Ardengost;C
65024;65;Argelès-Bagnères;C
65025;65;Argelès-Gazost;C
65026;65;Aries-Espénan;C
65028;65;Arné;C
65029;65;Arras-en-Lavedan;C
65031;65;Arreau;C
65032;65;Arrens-Marsous;C
65033;65;Arrodets-ez-Angles;C
65034;65;Arrodets;C
65035;65;Artagnan;C
65036;65;Artalens-Souin;C
65037;65;Artiguemy;C
65038;65;Artigues;C
65039;65;Aspin-Aure;C
65040;65;Aspin-en-Lavedan;C
65041;65;Asque;C
65042;65;Asté;C
65043;65;Astugue;C
65044;65;Aubarède;C
65045;65;Aucun;C
65046;65;Aulon;C
65047;65;Aureilhan;B2
65048;65;Aurensan;C
65049;65;Auriébat;C
65050;65;Avajan;C
65051;65;Aventignan;C
65052;65;Averan;C
65053;65;Aveux;C
65054;65;Avezac-Prat-Lahitte;C
65055;65;Ayros-Arbouix;C
65056;65;Ayzac-Ost;C
65057;65;Azereix;C
65058;65;Azet;C
65059;65;Bagnères-de-Bigorre;C
65060;65;Banios;C
65061;65;Barbachen;C
65062;65;Barbazan-Debat;B2
65063;65;Barbazan-Dessus;C
65064;65;Bareilles;C
65065;65;Barlest;C
65066;65;Barrancoueu;C
65067;65;Barry;C
65068;65;Barthe;C
65069;65;La Barthe-de-Neste;C
65070;65;Bartrès;C
65071;65;Batsère;C
65072;65;Bazet;C
65073;65;Bazillac;C
65074;65;Bazordan;C
65075;65;Bazus-Aure;C
65076;65;Bazus-Neste;C
65077;65;Beaucens;C
65078;65;Beaudéan;C
65079;65;Bégole;C
65080;65;Bénac;C
65081;65;Benqué-Molère;C
65082;65;Berbérust-Lias;C
65083;65;Bernac-Debat;C
65084;65;Bernac-Dessus;C
65085;65;Bernadets-Debat;C
65086;65;Bernadets-Dessus;C
65087;65;Bertren;C
65088;65;Betbèze;C
65089;65;Betpouey;C
65090;65;Betpouy;C
65091;65;Bettes;C
65092;65;Beyrède-Jumet-Camous;C
65093;65;Bize;C
65094;65;Bizous;C
65095;65;Bonnefont;C
65096;65;Bonnemazon;C
65097;65;Bonrepos;C
65098;65;Boô-Silhen;C
65099;65;Bordères-Louron;C
65100;65;Bordères-sur-l'Échez;B2
65101;65;Bordes;C
65102;65;Bouilh-Devant;C
65103;65;Bouilh-Péreuilh;C
65104;65;Boulin;C
65105;65;Bourg-de-Bigorre;C
65106;65;Bourisp;C
65107;65;Bourréac;C
65108;65;Bours;B2
65109;65;Bramevaque;C
65110;65;Bugard;C
65111;65;Bulan;C
65112;65;Bun;C
65113;65;Burg;C
65114;65;Buzon;C
65115;65;Cabanac;C
65116;65;Cadéac;C
65117;65;Cadeilhan-Trachère;C
65118;65;Caharet;C
65119;65;Caixon;C
65120;65;Calavanté;C
65121;65;Camalès;C
65123;65;Campan;C
65124;65;Camparan;C
65125;65;Campistrous;C
65126;65;Campuzan;C
65127;65;Capvern;C
65128;65;Castelbajac;C
65129;65;Castelnau-Magnoac;C
65130;65;Castelnau-Rivière-Basse;C
65131;65;Castelvieilh;C
65132;65;Castéra-Lanusse;C
65133;65;Castéra-Lou;C
65134;65;Casterets;C
65135;65;Castillon;C
65136;65;Caubous;C
65137;65;Caussade-Rivière;C
65138;65;Cauterets;C
65139;65;Cazarilh;C
65140;65;Cazaux-Debat;C
65141;65;Cazaux-Fréchet-Anéran-Camors;C
65142;65;Chelle-Debat;C
65143;65;Chelle-Spou;C
65144;65;Cheust;C
65145;65;Chèze;C
65146;65;Chis;B2
65147;65;Cieutat;C
65148;65;Cizos;C
65149;65;Clarac;C
65150;65;Clarens;C
65151;65;Collongues;C
65153;65;Coussan;C
65154;65;Créchets;C
65155;65;Devèze;C
65156;65;Dours;C
65157;65;Ens;C
65158;65;Esbareich;C
65159;65;Escala;C
65160;65;Escaunets;C
65161;65;Escondeaux;C
65162;65;Esconnets;C
65163;65;Escots;C
65164;65;Escoubès-Pouts;C
65165;65;Esparros;C
65166;65;Espèche;C
65167;65;Espieilh;C
65168;65;Esquièze-Sère;C
65169;65;Estaing;C
65170;65;Estampures;C
65171;65;Estarvielle;C
65172;65;Estensan;C
65173;65;Esterre;C
65174;65;Estirac;C
65175;65;Ferrère;C
65176;65;Ferrières;C
65177;65;Fontrailles;C
65178;65;Fréchède;C
65179;65;Fréchendets;C
65180;65;Fréchet-Aure;C
65181;65;Fréchou-Fréchet;C
65182;65;Gaillagos;C
65183;65;Galan;C
65184;65;Galez;C
65185;65;Gardères;C
65186;65;Gaudent;C
65187;65;Gaussan;C
65189;65;Gayan;C
65190;65;Gazave;C
65191;65;Gazost;C
65192;65;Gavarnie-Gèdre;C
65193;65;Gembrie;C
65194;65;Générest;C
65195;65;Génos;C
65196;65;Gensac;C
65197;65;Ger;C
65198;65;Gerde;C
65199;65;Germ;C
65200;65;Germs-sur-l'Oussouet;C
65201;65;Geu;C
65202;65;Gez;C
65203;65;Gez-ez-Angles;C
65204;65;Gonez;C
65205;65;Gouaux;C
65206;65;Goudon;C
65207;65;Gourgue;C
65208;65;Grailhen;C
65209;65;Grézian;C
65210;65;Grust;C
65211;65;Guchan;C
65212;65;Guchen;C
65213;65;Guizerix;C
65214;65;Hachan;C
65215;65;Hagedet;C
65216;65;Hauban;C
65217;65;Hautaget;C
65218;65;Hèches;C
65219;65;Hères;C
65220;65;Hibarette;C
65221;65;Hiis;C
65222;65;Hitte;C
65223;65;Horgues;B2
65224;65;Houeydets;C
65225;65;Hourc;C
65226;65;Ibos;C
65228;65;Ilhet;C
65229;65;Ilheu;C
65230;65;Izaourt;C
65231;65;Izaux;C
65232;65;Jacque;C
65233;65;Jarret;C
65234;65;Jézeau;C
65235;65;Juillan;C
65236;65;Julos;C
65237;65;Juncalas;C
65238;65;Labassère;C
65239;65;Labastide;C
65240;65;Labatut-Rivière;C
65241;65;Laborde;C
65242;65;Lacassagne;C
65243;65;Lafitole;C
65244;65;Lagarde;C
65245;65;Lagrange;C
65247;65;Arrayou-Lahitte;C
65248;65;Lahitte-Toupière;C
65249;65;Lalanne;C
65250;65;Lalanne-Trie;C
65251;65;Laloubère;B2
65252;65;Lamarque-Pontacq;C
65253;65;Lamarque-Rustaing;C
65254;65;Laméac;C
65255;65;Lançon;C
65256;65;Lanespède;C
65257;65;Lanne;C
65258;65;Lannemezan;C
65259;65;Lansac;C
65260;65;Lapeyre;C
65261;65;Laran;C
65262;65;Larreule;C
65263;65;Larroque;C
65264;65;Lascazères;C
65265;65;Laslades;C
65266;65;Lassales;C
65267;65;Lau-Balagnas;C
65268;65;Layrisse;C
65269;65;Lescurry;C
65270;65;Lespouey;C
65271;65;Lézignan;C
65272;65;Lhez;C
65273;65;Liac;C
65274;65;Libaros;C
65275;65;Lies;C
65276;65;Lizos;C
65277;65;Lombrès;C
65278;65;Lomné;C
65279;65;Lortet;C
65280;65;Loubajac;C
65281;65;Loucrup;C
65282;65;Loudenvielle;C
65283;65;Loudervielle;C
65284;65;Louey;C
65285;65;Louit;C
65286;65;Lourdes;C
65287;65;Loures-Barousse;C
65288;65;Lubret-Saint-Luc;C
65289;65;Luby-Betmont;C
65290;65;Luc;C
65291;65;Lugagnan;C
65292;65;Luquet;C
65293;65;Lustar;C
65294;65;Lutilhous;C
65295;65;Luz-Saint-Sauveur;C
65296;65;Madiran;C
65297;65;Mansan;C
65298;65;Marquerie;C
65299;65;Marsac;C
65300;65;Marsas;C
65301;65;Marseillan;C
65303;65;Mascaras;C
65304;65;Maubourguet;C
65305;65;Mauléon-Barousse;C
65306;65;Mauvezin;C
65307;65;Mazères-de-Neste;C
65308;65;Mazerolles;C
65309;65;Mazouau;C
65310;65;Mérilheu;C
65311;65;Mingot;C
65313;65;Momères;B2
65314;65;Monfaucon;C
65315;65;Monléon-Magnoac;C
65316;65;Monlong;C
65317;65;Mont;C
65318;65;Montastruc;C
65319;65;Montégut;C
65320;65;Montgaillard;C
65321;65;Montignac;C
65322;65;Montoussé;C
65323;65;Montsérié;C
65324;65;Moulédous;C
65325;65;Moumoulous;C
65326;65;Mun;C
65327;65;Nestier;C
65328;65;Neuilh;C
65329;65;Nistos;C
65330;65;Nouilhan;C
65331;65;Odos;B2
65332;65;Oléac-Debat;C
65333;65;Oléac-Dessus;C
65334;65;Omex;C
65335;65;Ordizan;C
65336;65;Organ;C
65337;65;Orieux;C
65338;65;Orignac;C
65339;65;Orincles;C
65340;65;Orleix;B2
65341;65;Oroix;C
65342;65;Osmets;C
65343;65;Ossen;C
65344;65;Ossun;C
65345;65;Ossun-ez-Angles;C
65346;65;Oueilloux;C
65347;65;Ourde;C
65348;65;Ourdis-Cotdoussan;C
65349;65;Ourdon;C
65350;65;Oursbelille;C
65351;65;Ousté;C
65352;65;Ouzous;C
65353;65;Ozon;C
65354;65;Pailhac;C
65355;65;Paréac;C
65356;65;Péré;C
65357;65;Peyraube;C
65358;65;Peyret-Saint-André;C
65359;65;Peyriguère;C
65360;65;Peyrouse;C
65361;65;Peyrun;C
65362;65;Pierrefitte-Nestalas;C
65363;65;Pinas;C
65364;65;Pintac;C
65366;65;Poueyferré;C
65367;65;Poumarous;C
65368;65;Pouy;C
65369;65;Pouyastruc;C
65370;65;Pouzac;C
65371;65;Préchac;C
65372;65;Pujo;C
65373;65;Puntous;C
65374;65;Puydarrieux;C
65375;65;Rabastens-de-Bigorre;C
65376;65;Recurt;C
65377;65;Réjaumont;C
65378;65;Ricaud;C
65379;65;Ris;C
65380;65;Sabalos;C
65381;65;Sabarros;C
65382;65;Sacoué;C
65383;65;Sadournin;C
65384;65;Sailhan;C
65385;65;Saint-Arroman;C
65386;65;Saint-Créac;C
65387;65;Saint-Lanne;C
65388;65;Saint-Lary-Soulan;B1
65389;65;Saint-Laurent-de-Neste;C
65390;65;Saint-Lézer;C
65391;65;Sainte-Marie;C
65392;65;Saint-Martin;C
65393;65;Saint-Pastous;C
65394;65;Saint-Paul;C
65395;65;Saint-Pé-de-Bigorre;C
65396;65;Saint-Savin;C
65397;65;Saint-Sever-de-Rustan;C
65398;65;Saléchan;C
65399;65;Saligos;C
65400;65;Salles;C
65401;65;Salles-Adour;C
65402;65;Samuran;C
65403;65;Sanous;C
65404;65;Sariac-Magnoac;C
65405;65;Sarlabous;C
65406;65;Sarniguet;C
65407;65;Sarp;C
65408;65;Sarrancolin;C
65409;65;Sarriac-Bigorre;C
65410;65;Sarrouilles;B2
65411;65;Sassis;C
65412;65;Sauveterre;C
65413;65;Sazos;C
65414;65;Ségalas;C
65415;65;Ségus;C
65416;65;Seich;C
65417;65;Séméac;B2
65418;65;Sénac;C
65419;65;Sentous;C
65420;65;Sère-en-Lavedan;C
65421;65;Sère-Lanso;C
65422;65;Séron;C
65423;65;Sère-Rustaing;C
65424;65;Sers;C
65425;65;Siarrouy;C
65426;65;Sinzos;C
65427;65;Siradan;C
65428;65;Sireix;C
65429;65;Sombrun;C
65430;65;Soréac;C
65431;65;Sost;C
65432;65;Soublecause;C
65433;65;Soues;B2
65435;65;Soulom;C
65436;65;Souyeaux;C
65437;65;Tajan;C
65438;65;Talazac;C
65439;65;Tarasteix;C
65440;65;Tarbes;B2
65441;65;Thèbe;C
65442;65;Thermes-Magnoac;C
65443;65;Thuy;C
65444;65;Tibiran-Jaunac;C
65445;65;Tilhouse;C
65446;65;Tostat;C
65447;65;Tournay;C
65448;65;Tournous-Darré;C
65449;65;Tournous-Devant;C
65450;65;Tramezaïgues;C
65451;65;Trébons;C
65452;65;Trie-sur-Baïse;C
65453;65;Troubat;C
65454;65;Trouley-Labarthe;C
65455;65;Tuzaguet;C
65456;65;Uglas;C
65457;65;Ugnouas;C
65458;65;Uz;C
65459;65;Uzer;C
65460;65;Vic-en-Bigorre;C
65461;65;Vidou;C
65462;65;Vidouze;C
65463;65;Viella;C
65464;65;Vielle-Adour;C
65465;65;Vielle-Aure;C
65466;65;Vielle-Louron;C
65467;65;Vier-Bordes;C
65468;65;Vieuzos;C
65469;65;Viey;C
65470;65;Viger;C
65471;65;Vignec;C
65472;65;Villefranque;C
65473;65;Villelongue;C
65474;65;Villembits;C
65475;65;Villemur;C
65476;65;Villenave-près-Béarn;C
65477;65;Villenave-près-Marsac;C
65478;65;Viscos;C
65479;65;Visker;C
65481;65;Barèges;C
65482;65;Cantaous;C
66001;66;L'Albère;C
66002;66;Alénya;B2
66003;66;Amélie-les-Bains-Palalda;C
66004;66;Les Angles;C
66005;66;Angoustrine-Villeneuve-des-Escaldes;C
66006;66;Ansignan;C
66007;66;Arboussols;C
66008;66;Argelès-sur-Mer;B1
66009;66;Arles-sur-Tech;C
66010;66;Ayguatébia-Talau;C
66011;66;Bages;B2
66012;66;Baho;B2
66013;66;Baillestavy;C
66014;66;Baixas;B2
66015;66;Banyuls-dels-Aspres;C
66016;66;Banyuls-sur-Mer;B1
66017;66;Le Barcarès;B1
66018;66;La Bastide;C
66019;66;Bélesta;C
66020;66;Bolquère;C
66021;66;Bompas;B2
66022;66;Boule-d'Amont;C
66023;66;Bouleternère;C
66024;66;Le Boulou;B2
66025;66;Bourg-Madame;C
66026;66;Brouilla;C
66027;66;La Cabanasse;C
66028;66;Cabestany;B1
66029;66;Caixas;C
66030;66;Calce;C
66032;66;Calmeilles;C
66033;66;Camélas;C
66034;66;Campôme;C
66035;66;Campoussy;C
66036;66;Canaveilles;C
66037;66;Canet-en-Roussillon;B1
66038;66;Canohès;B2
66039;66;Caramany;C
66040;66;Casefabre;C
66041;66;Cases-de-Pène;C
66042;66;Cassagnes;C
66043;66;Casteil;C
66044;66;Castelnou;C
66045;66;Catllar;C
66046;66;Caudiès-de-Fenouillèdes;C
66047;66;Caudiès-de-Conflent;C
66048;66;Cerbère;B2
66049;66;Céret;B1
66050;66;Claira;B2
66051;66;Clara-Villerach;C
66052;66;Codalet;C
66053;66;Collioure;B1
66054;66;Conat;C
66055;66;Corbère;C
66056;66;Corbère-les-Cabanes;C
66057;66;Corneilla-de-Conflent;C
66058;66;Corneilla-la-Rivière;C
66059;66;Corneilla-del-Vercol;B2
66060;66;Corsavy;C
66061;66;Coustouges;C
66062;66;Dorres;C
66063;66;Les Cluses;C
66064;66;Égat;C
66065;66;Elne;B1
66066;66;Enveitg;C
66067;66;Err;C
66068;66;Escaro;C
66069;66;Espira-de-l'Agly;B2
66070;66;Espira-de-Conflent;C
66071;66;Estagel;C
66072;66;Estavar;C
66073;66;Estoher;C
66074;66;Eus;C
66075;66;Eyne;C
66076;66;Feilluns;C
66077;66;Fenouillet;C
66078;66;Fillols;C
66079;66;Finestret;C
66080;66;Fontpédrouse;C
66081;66;Fontrabiouse;C
66082;66;Formiguères;C
66083;66;Fosse;C
66084;66;Fourques;C
66085;66;Fuilla;C
66086;66;Glorianes;C
66088;66;Ille-sur-Têt;C
66089;66;Joch;C
66090;66;Jujols;C
66091;66;Lamanère;C
66092;66;Lansac;C
66093;66;Laroque-des-Albères;C
66094;66;Latour-Bas-Elne;B1
66095;66;Latour-de-Carol;C
66096;66;Latour-de-France;C
66097;66;Lesquerde;C
66098;66;La Llagonne;C
66099;66;Llauro;C
66100;66;Llo;C
66101;66;Llupia;C
66102;66;Mantet;C
66103;66;Marquixanes;C
66104;66;Los Masos;C
66105;66;Matemale;C
66106;66;Maureillas-las-Illas;C
66107;66;Maury;C
66108;66;Millas;B2
66109;66;Molitg-les-Bains;C
66111;66;Montalba-le-Château;C
66112;66;Montauriol;C
66113;66;Montbolo;C
66114;66;Montescot;B2
66115;66;Montesquieu-des-Albères;C
66116;66;Montferrer;C
66117;66;Mont-Louis;C
66118;66;Montner;C
66119;66;Mosset;C
66120;66;Nahuja;C
66121;66;Néfiach;C
66122;66;Nohèdes;C
66123;66;Nyer;C
66124;66;Font-Romeu-Odeillo-Via;B1
66125;66;Olette;C
66126;66;Oms;C
66127;66;Opoul-Périllos;C
66128;66;Oreilla;C
66129;66;Ortaffa;C
66130;66;Osséja;C
66132;66;Palau-de-Cerdagne;C
66133;66;Palau-del-Vidre;B2
66134;66;Passa;C
66136;66;Perpignan;B1
66137;66;Le Perthus;C
66138;66;Peyrestortes;B2
66139;66;Pézilla-de-Conflent;C
66140;66;Pézilla-la-Rivière;B2
66141;66;Pia;B2
66142;66;Planès;C
66143;66;Planèzes;C
66144;66;Pollestres;B2
66145;66;Ponteilla;C
66146;66;Porta;C
66147;66;Porté-Puymorens;C
66148;66;Port-Vendres;B1
66149;66;Prades;C
66150;66;Prats-de-Mollo-la-Preste;C
66151;66;Prats-de-Sournia;C
66152;66;Prugnanes;C
66153;66;Prunet-et-Belpuig;C
66154;66;Puyvalador;C
66155;66;Py;C
66156;66;Rabouillet;C
66157;66;Railleu;C
66158;66;Rasiguères;C
66159;66;Réal;C
66160;66;Reynès;C
66161;66;Ria-Sirach;C
66162;66;Rigarda;C
66164;66;Rivesaltes;B2
66165;66;Rodès;C
66166;66;Sahorre;C
66167;66;Saillagouse;C
66168;66;Saint-André;B2
66169;66;Saint-Arnac;C
66170;66;Sainte-Colombe-de-la-Commanderie;C
66171;66;Saint-Cyprien;B1
66172;66;Saint-Estève;B1
66173;66;Saint-Féliu-d'Amont;B2
66174;66;Saint-Féliu-d'Avall;B2
66175;66;Saint-Génis-des-Fontaines;C
66176;66;Saint-Hippolyte;B2
66177;66;Saint-Jean-Lasseille;C
66178;66;Saint-Jean-Pla-de-Corts;C
66179;66;Saint-Laurent-de-Cerdans;C
66180;66;Saint-Laurent-de-la-Salanque;B1
66181;66;Sainte-Léocadie;C
66182;66;Sainte-Marie-la-Mer;B1
66183;66;Saint-Marsal;C
66184;66;Saint-Martin-de-Fenouillet;C
66185;66;Saint-Michel-de-Llotes;C
66186;66;Saint-Nazaire;B2
66187;66;Saint-Paul-de-Fenouillet;C
66188;66;Saint-Pierre-dels-Forcats;C
66189;66;Saleilles;B1
66190;66;Salses-le-Château;C
66191;66;Sansa;C
66192;66;Sauto;C
66193;66;Serdinya;C
66194;66;Serralongue;C
66195;66;Le Soler;B2
66196;66;Sorède;C
66197;66;Souanyas;C
66198;66;Sournia;C
66199;66;Taillet;C
66201;66;Tarerach;C
66202;66;Targasonne;C
66203;66;Taulis;C
66204;66;Taurinya;C
66205;66;Tautavel;C
66206;66;Le Tech;C
66207;66;Terrats;C
66208;66;Théza;B2
66209;66;Thuès-Entre-Valls;C
66210;66;Thuir;B2
66211;66;Tordères;C
66212;66;Torreilles;B1
66213;66;Toulouges;B2
66214;66;Tresserre;C
66215;66;Trévillach;C
66216;66;Trilla;C
66217;66;Trouillas;C
66218;66;Ur;C
66219;66;Urbanya;C
66220;66;Valcebollère;C
66221;66;Valmanya;C
66222;66;Vernet-les-Bains;C
66223;66;Villefranche-de-Conflent;C
66224;66;Villelongue-de-la-Salanque;B2
66225;66;Villelongue-dels-Monts;C
66226;66;Villemolaque;C
66227;66;Villeneuve-de-la-Raho;B1
66228;66;Villeneuve-la-Rivière;B2
66230;66;Vinça;C
66231;66;Vingrau;C
66232;66;Vira;C
66233;66;Vivès;C
66234;66;Le Vivier;C
67001;67;Achenheim;B1
67002;67;Adamswiller;C
67003;67;Albé;C
67004;67;Sommerau;C
67005;67;Alteckendorf;C
67006;67;Altenheim;C
67008;67;Altorf;B2
67009;67;Altwiller;C
67010;67;Andlau;C
67011;67;Artolsheim;C
67012;67;Aschbach;C
67013;67;Asswiller;C
67016;67;Avolsheim;B2
67017;67;Baerendorf;C
67018;67;Balbronn;C
67019;67;Baldenheim;B2
67020;67;Barembach;C
67021;67;Barr;B1
67022;67;Bassemberg;C
67023;67;Batzendorf;C
67025;67;Beinheim;C
67026;67;Bellefosse;C
67027;67;Belmont;C
67028;67;Benfeld;B1
67029;67;Berg;C
67030;67;Bergbieten;C
67031;67;Bernardswiller;B2
67032;67;Bernardvillé;C
67033;67;Bernolsheim;B1
67034;67;Berstett;C
67035;67;Berstheim;C
67036;67;Bettwiller;C
67037;67;Biblisheim;C
67038;67;Bietlenheim;C
67039;67;Bilwisheim;B2
67040;67;Bindernheim;C
67043;67;Bischheim;B1
67044;67;Bischholtz;C
67045;67;Bischoffsheim;B2
67046;67;Bischwiller;B1
67047;67;Bissert;C
67048;67;Bitschhoffen;C
67049;67;Blaesheim;B2
67050;67;Blancherupt;C
67051;67;Blienschwiller;C
67052;67;Bœrsch;B2
67053;67;Bœsenbiesen;C
67054;67;Bolsenheim;C
67055;67;Boofzheim;C
67056;67;Bootzheim;C
67057;67;Bosselshausen;C
67058;67;Bossendorf;C
67059;67;Bourg-Bruche;C
67060;67;Bourgheim;C
67061;67;Bouxwiller;C
67062;67;Breitenau;C
67063;67;Breitenbach;C
67065;67;Breuschwickersheim;B1
67066;67;La Broque;C
67067;67;Brumath;B1
67068;67;Buswiller;C
67069;67;Buhl;C
67070;67;Burbach;C
67071;67;Bust;C
67072;67;Butten;C
67073;67;Châtenois;B2
67074;67;Cleebourg;C
67075;67;Climbach;C
67076;67;Colroy-la-Roche;C
67077;67;Cosswiller;C
67078;67;Crastatt;C
67079;67;Crœttwiller;C
67080;67;Dachstein;B2
67081;67;Dahlenheim;B2
67082;67;Dalhunden;C
67083;67;Dambach;C
67084;67;Dambach-la-Ville;C
67085;67;Dangolsheim;C
67086;67;Daubensand;C
67087;67;Dauendorf;C
67088;67;Dehlingen;C
67089;67;Dettwiller;C
67090;67;Diebolsheim;C
67091;67;Diedendorf;C
67092;67;Dieffenbach-au-Val;C
67093;67;Dieffenbach-lès-Wœrth;C
67094;67;Dieffenthal;B2
67095;67;Diemeringen;C
67096;67;Dimbsthal;C
67097;67;Dingsheim;B1
67098;67;Dinsheim-sur-Bruche;B2
67099;67;Domfessel;C
67100;67;Donnenheim;B2
67101;67;Dorlisheim;B2
67102;67;Dossenheim-Kochersberg;C
67103;67;Dossenheim-sur-Zinsel;C
67104;67;Drachenbronn-Birlenbach;C
67105;67;Drulingen;C
67106;67;Drusenheim;B1
67107;67;Duntzenheim;C
67108;67;Duppigheim;B1
67109;67;Durningen;C
67110;67;Durrenbach;C
67111;67;Durstel;C
67112;67;Duttlenheim;B2
67113;67;Eberbach-Seltz;C
67115;67;Ebersheim;B2
67116;67;Ebersmunster;B2
67117;67;Eckartswiller;C
67118;67;Eckbolsheim;B1
67119;67;Eckwersheim;B2
67120;67;Eichhoffen;C
67121;67;Elsenheim;C
67122;67;Wangenbourg-Engenthal;C
67123;67;Engwiller;C
67124;67;Entzheim;B1
67125;67;Epfig;C
67126;67;Erckartswiller;C
67127;67;Ergersheim;B2
67128;67;Ernolsheim-Bruche;B1
67129;67;Ernolsheim-lès-Saverne;C
67130;67;Erstein;B1
67131;67;Eschau;B1
67132;67;Eschbach;C
67133;67;Eschbourg;C
67134;67;Eschwiller;C
67135;67;Ettendorf;C
67136;67;Eywiller;C
67137;67;Fegersheim;B1
67138;67;Fessenheim-le-Bas;C
67139;67;Flexbourg;C
67140;67;Forstfeld;C
67141;67;Forstheim;C
67142;67;Fort-Louis;C
67143;67;Fouchy;C
67144;67;Fouday;C
67145;67;Friedolsheim;C
67146;67;Friesenheim;C
67147;67;Frœschwiller;C
67148;67;Frohmuhl;C
67149;67;Furchhausen;C
67150;67;Furdenheim;C
67151;67;Gambsheim;B1
67152;67;Geispolsheim;B1
67153;67;Geiswiller-Zœbersdorf;C
67154;67;Gerstheim;C
67155;67;Gertwiller;B2
67156;67;Geudertheim;C
67159;67;Gœrlingen;C
67160;67;Gœrsdorf;C
67161;67;Gottenhouse;C
67162;67;Gottesheim;C
67163;67;Gougenheim;C
67164;67;Goxwiller;C
67165;67;Grandfontaine;C
67166;67;Grassendorf;C
67167;67;Grendelbruch;B2
67168;67;Gresswiller;B2
67169;67;Gries;C
67172;67;Griesheim-près-Molsheim;B2
67173;67;Griesheim-sur-Souffel;B1
67174;67;Gumbrechtshoffen;C
67176;67;Gundershoffen;C
67177;67;Gunstett;C
67178;67;Gungwiller;C
67179;67;Haegen;C
67180;67;Haguenau;B1
67181;67;Handschuheim;C
67182;67;Hangenbieten;B1
67183;67;Harskirchen;C
67184;67;Hatten;C
67185;67;Hattmatt;C
67186;67;Hegeney;C
67187;67;Heidolsheim;C
67188;67;Heiligenberg;C
67189;67;Heiligenstein;C
67190;67;Hengwiller;C
67191;67;Herbitzheim;C
67192;67;Herbsheim;C
67194;67;Herrlisheim;B1
67195;67;Hessenheim;C
67196;67;Hilsenheim;C
67197;67;Hindisheim;C
67198;67;Hinsbourg;C
67199;67;Hinsingen;C
67200;67;Hipsheim;C
67201;67;Hirschland;C
67202;67;Hochfelden;C
67203;67;Hochstett;C
67204;67;Hœnheim;B1
67205;67;Hœrdt;B1
67206;67;Hoffen;C
67208;67;Hohengœft;C
67209;67;Hohfrankenheim;C
67210;67;Le Hohwald;C
67212;67;Holtzheim;B1
67213;67;Hunspach;C
67214;67;Hurtigheim;B1
67215;67;Huttendorf;C
67216;67;Huttenheim;C
67217;67;Ichtratzheim;C
67218;67;Illkirch-Graffenstaden;A
67220;67;Ingenheim;C
67221;67;Ingolsheim;C
67222;67;Ingwiller;C
67223;67;Innenheim;B2
67225;67;Issenhausen;C
67226;67;Ittenheim;B1
67227;67;Itterswiller;C
67228;67;Neugartheim-Ittlenheim;C
67229;67;Jetterswiller;C
67230;67;Kaltenhouse;B2
67231;67;Kauffenheim;C
67232;67;Keffenach;C
67233;67;Kertzfeld;C
67234;67;Keskastel;C
67235;67;Kesseldorf;C
67236;67;Kienheim;C
67237;67;Kilstett;B1
67238;67;Kindwiller;C
67239;67;Kintzheim;B2
67240;67;Kirchheim;B2
67241;67;Kirrberg;C
67242;67;Kirrwiller;C
67244;67;Kleingœft;C
67245;67;Knœrsheim;C
67246;67;Kogenheim;C
67247;67;Kolbsheim;C
67248;67;Krautergersheim;B2
67249;67;Krautwiller;B1
67250;67;Kriegsheim;B2
67252;67;Kurtzenhouse;C
67253;67;Kuttolsheim;C
67254;67;Kutzenhausen;C
67255;67;Lalaye;C
67256;67;Lampertheim;B1
67257;67;Lampertsloch;C
67258;67;Landersheim;C
67259;67;Langensoultzbach;C
67260;67;Laubach;C
67261;67;Lauterbourg;C
67263;67;Lembach;C
67264;67;Leutenheim;C
67265;67;Lichtenberg;C
67266;67;Limersheim;C
67267;67;Lingolsheim;B1
67268;67;Lipsheim;B1
67269;67;Littenheim;C
67270;67;Lixhausen;C
67271;67;Lobsann;C
67272;67;Lochwiller;C
67273;67;Lohr;C
67274;67;Lorentzen;C
67275;67;Lupstein;C
67276;67;Lutzelhouse;C
67277;67;Mackenheim;C
67278;67;Mackwiller;C
67279;67;Maennolsheim;C
67280;67;Maisonsgoutte;C
67281;67;Marckolsheim;B2
67282;67;Marlenheim;B1
67283;67;Marmoutier;C
67285;67;Matzenheim;C
67286;67;Meistratzheim;B2
67287;67;Melsheim;C
67288;67;Memmelshoffen;C
67289;67;Menchhoffen;C
67290;67;Merkwiller-Pechelbronn;C
67291;67;Mertzwiller;C
67292;67;Mietesheim;C
67293;67;Minversheim;C
67295;67;Mittelbergheim;C
67296;67;Mittelhausbergen;B1
67298;67;Mittelschaeffolsheim;B2
67299;67;Mollkirch;B2
67300;67;Molsheim;B1
67301;67;Mommenheim;B2
67302;67;Monswiller;C
67303;67;Morsbronn-les-Bains;C
67304;67;Morschwiller;C
67305;67;Mothern;C
67306;67;Muhlbach-sur-Bruche;C
67307;67;Mulhausen;C
67308;67;Munchhausen;C
67309;67;Mundolsheim;B1
67310;67;Mussig;B2
67311;67;Muttersholtz;B2
67312;67;Mutzenhouse;C
67313;67;Mutzig;B1
67314;67;Natzwiller;C
67315;67;Neewiller-près-Lauterbourg;C
67317;67;Neubois;C
67319;67;Neuhaeusel;C
67320;67;Neuve-Église;C
67321;67;Neuviller-la-Roche;C
67322;67;Neuwiller-lès-Saverne;C
67324;67;Niederbronn-les-Bains;C
67325;67;Niederhaslach;C
67326;67;Niederhausbergen;B1
67327;67;Niederlauterbach;C
67328;67;Niedermodern;C
67329;67;Niedernai;B2
67330;67;Niederrœdern;C
67331;67;Niederschaeffolsheim;C
67333;67;Niedersoultzbach;C
67334;67;Niedersteinbach;C
67335;67;Nordheim;C
67336;67;Nordhouse;C
67337;67;Nothalten;C
67338;67;Obenheim;C
67339;67;Betschdorf;C
67340;67;Oberbronn;C
67341;67;Oberdorf-Spachbach;C
67342;67;Oberhaslach;C
67343;67;Oberhausbergen;A
67344;67;Oberhoffen-lès-Wissembourg;C
67345;67;Oberhoffen-sur-Moder;B2
67346;67;Oberlauterbach;C
67347;67;Obermodern-Zutzendorf;C
67348;67;Obernai;B1
67349;67;Oberrœdern;C
67350;67;Oberschaeffolsheim;B1
67351;67;Seebach;C
67352;67;Obersoultzbach;C
67353;67;Obersteinbach;C
67354;67;Odratzheim;B2
67355;67;Oermingen;C
67356;67;Offendorf;B2
67358;67;Offwiller;C
67359;67;Ohlungen;B2
67360;67;Ohnenheim;C
67361;67;Olwisheim;B2
67362;67;Orschwiller;B2
67363;67;Osthoffen;C
67364;67;Osthouse;C
67365;67;Ostwald;B1
67366;67;Ottersthal;C
67367;67;Otterswiller;C
67368;67;Ottrott;B2
67369;67;Ottwiller;C
67370;67;Petersbach;C
67371;67;La Petite-Pierre;C
67372;67;Val-de-Moder;C
67373;67;Pfalzweyer;C
67375;67;Pfulgriesheim;B1
67377;67;Plaine;C
67378;67;Plobsheim;B1
67379;67;Preuschdorf;C
67380;67;Printzheim;C
67381;67;Puberg;C
67382;67;Quatzenheim;C
67383;67;Rangen;C
67384;67;Ranrupt;C
67385;67;Ratzwiller;C
67386;67;Rauwiller;C
67387;67;Reichsfeld;C
67388;67;Reichshoffen;C
67389;67;Reichstett;B1
67391;67;Reinhardsmunster;C
67392;67;Reipertswiller;C
67394;67;Retschwiller;C
67395;67;Reutenbourg;C
67396;67;Rexingen;C
67397;67;Rhinau;C
67398;67;Richtolsheim;C
67400;67;Riedseltz;C
67401;67;Rimsdorf;C
67403;67;Ringendorf;C
67404;67;Rittershoffen;C
67405;67;Rœschwoog;C
67406;67;Rohr;C
67407;67;Rohrwiller;C
67408;67;Romanswiller;C
67409;67;Roppenheim;C
67410;67;Rosenwiller;B2
67411;67;Rosheim;B1
67412;67;Rossfeld;C
67413;67;Rosteig;C
67414;67;Rothau;C
67415;67;Rothbach;C
67416;67;Rott;C
67417;67;Rottelsheim;B2
67418;67;Rountzenheim-Auenheim;C
67420;67;Russ;C
67421;67;Saales;C
67422;67;Saasenheim;C
67423;67;Saessolsheim;C
67424;67;Saint-Blaise-la-Roche;C
67425;67;Saint-Jean-Saverne;C
67426;67;Saint-Martin;C
67427;67;Saint-Maurice;C
67428;67;Saint-Nabor;B2
67429;67;Saint-Pierre;C
67430;67;Saint-Pierre-Bois;C
67432;67;Salmbach;C
67433;67;Sand;C
67434;67;Sarre-Union;C
67435;67;Sarrewerden;C
67436;67;Saulxures;C
67437;67;Saverne;B1
67438;67;Schaeffersheim;C
67440;67;Schaffhouse-près-Seltz;C
67441;67;Schalkendorf;C
67442;67;Scharrachbergheim-Irmstett;B2
67443;67;Scheibenhard;C
67444;67;Scherlenheim;C
67445;67;Scherwiller;B2
67446;67;Schillersdorf;C
67447;67;Schiltigheim;B1
67448;67;Schirmeck;C
67449;67;Schirrhein;C
67450;67;Schirrhoffen;C
67451;67;Schleithal;C
67452;67;Schnersheim;C
67453;67;Schœnau;C
67454;67;Schœnbourg;C
67455;67;Schœnenbourg;C
67456;67;Schopperten;C
67458;67;Schweighouse-sur-Moder;B1
67459;67;Schwenheim;C
67460;67;Schwindratzheim;C
67461;67;Schwobsheim;C
67462;67;Sélestat;B1
67463;67;Seltz;B2
67464;67;Sermersheim;C
67465;67;Sessenheim;C
67466;67;Siegen;C
67467;67;Siewiller;C
67468;67;Siltzheim;B2
67470;67;Solbach;C
67471;67;Souffelweyersheim;B1
67472;67;Soufflenheim;C
67473;67;Soultz-les-Bains;B2
67474;67;Soultz-sous-Forêts;C
67475;67;Sparsbach;C
67476;67;Stattmatten;C
67477;67;Steige;C
67478;67;Steinbourg;C
67479;67;Steinseltz;C
67480;67;Still;C
67481;67;Stotzheim;C
67482;67;Strasbourg;A
67483;67;Struth;C
67484;67;Stundwiller;C
67485;67;Stutzheim-Offenheim;B1
67486;67;Sundhouse;C
67487;67;Surbourg;C
67488;67;Thal-Drulingen;C
67489;67;Thal-Marmoutier;C
67490;67;Thanvillé;C
67491;67;Tieffenbach;C
67492;67;Traenheim;C
67493;67;Triembach-au-Val;C
67494;67;Trimbach;C
67495;67;Truchtersheim;B1
67497;67;Uhlwiller;C
67498;67;Uhrwiller;C
67499;67;Urbeis;C
67500;67;Urmatt;C
67501;67;Uttenheim;C
67502;67;Uttenhoffen;C
67503;67;Uttwiller;C
67504;67;Valff;C
67505;67;La Vancelle;B2
67506;67;Vendenheim;B1
67507;67;Villé;C
67508;67;Vœllerdingen;C
67509;67;Volksberg;C
67510;67;Wahlenheim;B1
67511;67;Walbourg;C
67513;67;Waldersbach;C
67514;67;Waldhambach;C
67515;67;Waldolwisheim;C
67516;67;Waltenheim-sur-Zorn;C
67517;67;Wangen;B2
67519;67;La Wantzenau;B1
67520;67;Wasselonne;B1
67521;67;Weinbourg;C
67522;67;Weislingen;C
67523;67;Weitbruch;C
67524;67;Weiterswiller;C
67525;67;Westhoffen;C
67526;67;Westhouse;C
67527;67;Westhouse-Marmoutier;C
67528;67;Weyer;C
67529;67;Weyersheim;B1
67530;67;Wickersheim-Wilshausen;C
67531;67;Wildersbach;C
67532;67;Willgottheim;C
67534;67;Wilwisheim;C
67535;67;Wimmenau;C
67536;67;Windstein;C
67537;67;Wingen;C
67538;67;Wingen-sur-Moder;C
67539;67;Wingersheim les Quatre Bans;C
67540;67;Wintershouse;C
67541;67;Wintzenbach;C
67542;67;Wintzenheim-Kochersberg;C
67543;67;Wisches;C
67544;67;Wissembourg;B2
67545;67;Witternheim;C
67546;67;Wittersheim;C
67547;67;Wittisheim;C
67548;67;Wiwersheim;C
67550;67;Wœrth;C
67551;67;Wolfisheim;B1
67552;67;Wolfskirchen;C
67553;67;Wolschheim;C
67554;67;Wolxheim;B2
67555;67;Zehnacker;C
67556;67;Zeinheim;C
67557;67;Zellwiller;C
67558;67;Zinswiller;C
67559;67;Zittersheim;C
68001;68;Algolsheim;C
68002;68;Altenach;C
68004;68;Altkirch;C
68005;68;Ammerschwihr;C
68006;68;Bernwiller;C
68007;68;Andolsheim;C
68008;68;Appenwihr;C
68009;68;Artzenheim;C
68010;68;Aspach;C
68011;68;Aspach-le-Bas;C
68012;68;Aspach-Michelbach;C
68013;68;Attenschwiller;C
68014;68;Aubure;B2
68015;68;Baldersheim;B2
68016;68;Balgau;C
68017;68;Ballersdorf;C
68018;68;Balschwiller;C
68019;68;Baltzenheim;C
68020;68;Bantzenheim;C
68021;68;Bartenheim;B1
68022;68;Battenheim;C
68023;68;Beblenheim;B2
68024;68;Bellemagny;C
68025;68;Bendorf;C
68026;68;Bennwihr;B2
68027;68;Berentzwiller;C
68028;68;Bergheim;B2
68029;68;Bergholtz;C
68030;68;Bergholtzzell;C
68032;68;Berrwiller;B2
68033;68;Bettendorf;C
68034;68;Bettlach;C
68035;68;Biederthal;C
68036;68;Biesheim;C
68037;68;Biltzheim;C
68038;68;Bischwihr;C
68039;68;Bisel;C
68040;68;Bitschwiller-lès-Thann;B2
68041;68;Blodelsheim;C
68042;68;Blotzheim;B1
68043;68;Bollwiller;B2
68044;68;Le Bonhomme;C
68045;68;Bourbach-le-Bas;C
68046;68;Bourbach-le-Haut;C
68049;68;Bouxwiller;C
68050;68;Bréchaumont;C
68051;68;Breitenbach-Haut-Rhin;C
68052;68;Bretten;C
68054;68;Brinckheim;C
68055;68;Bruebach;C
68056;68;Brunstatt-Didenheim;B1
68057;68;Buethwiller;C
68058;68;Buhl;B2
68059;68;Burnhaupt-le-Bas;C
68060;68;Burnhaupt-le-Haut;C
68061;68;Buschwiller;B1
68062;68;Carspach;C
68063;68;Cernay;B1
68064;68;Chalampé;C
68065;68;Chavannes-sur-l'Étang;C
68066;68;Colmar;B1
68067;68;Courtavon;C
68068;68;Dannemarie;B2
68069;68;Dessenheim;C
68071;68;Diefmatten;C
68072;68;Dietwiller;C
68073;68;Dolleren;C
68074;68;Durlinsdorf;C
68075;68;Durmenach;C
68076;68;Durrenentzen;C
68077;68;Eglingen;C
68078;68;Eguisheim;C
68079;68;Elbach;C
68080;68;Emlingen;C
68081;68;Saint-Bernard;C
68082;68;Ensisheim;B1
68083;68;Eschbach-au-Val;C
68084;68;Eschentzwiller;C
68085;68;Eteimbes;C
68086;68;Falkwiller;C
68087;68;Feldbach;C
68088;68;Feldkirch;B2
68089;68;Fellering;C
68090;68;Ferrette;C
68091;68;Fessenheim;C
68092;68;Fislis;C
68093;68;Flaxlanden;C
68094;68;Folgensbourg;C
68095;68;Fortschwihr;C
68096;68;Franken;C
68097;68;Fréland;C
68098;68;Friesen;C
68099;68;Frœningen;C
68100;68;Fulleren;C
68101;68;Galfingue;C
68102;68;Geishouse;C
68103;68;Geispitzen;C
68104;68;Geiswasser;C
68105;68;Gildwiller;C
68106;68;Goldbach-Altenbach;C
68107;68;Gommersdorf;C
68109;68;Griesbach-au-Val;C
68110;68;Grussenheim;C
68111;68;Gueberschwihr;C
68112;68;Guebwiller;B1
68113;68;Guémar;B2
68114;68;Guevenatten;C
68115;68;Guewenheim;C
68116;68;Gundolsheim;C
68117;68;Gunsbach;C
68118;68;Habsheim;B1
68119;68;Hagenbach;C
68120;68;Hagenthal-le-Bas;B1
68121;68;Hagenthal-le-Haut;C
68122;68;Hartmannswiller;C
68123;68;Hattstatt;C
68124;68;Hausgauen;C
68125;68;Hecken;C
68126;68;Hégenheim;B1
68127;68;Heidwiller;C
68128;68;Heimersdorf;C
68129;68;Heimsbrunn;C
68130;68;Heiteren;C
68131;68;Heiwiller;C
68132;68;Helfrantzkirch;C
68134;68;Herrlisheim-près-Colmar;B2
68135;68;Hésingue;B1
68136;68;Hettenschlag;C
68137;68;Hindlingen;C
68138;68;Hirsingue;C
68139;68;Hirtzbach;C
68140;68;Hirtzfelden;C
68141;68;Hochstatt;C
68142;68;Hohrod;C
68143;68;Porte du Ried;C
68144;68;Hombourg;C
68145;68;Horbourg-Wihr;B1
68146;68;Houssen;B2
68147;68;Hunawihr;B2
68148;68;Hundsbach;C
68149;68;Huningue;B1
68150;68;Husseren-les-Châteaux;C
68151;68;Husseren-Wesserling;C
68152;68;Illfurth;C
68153;68;Illhaeusern;B2
68154;68;Illzach;B1
68155;68;Ingersheim;B1
68156;68;Issenheim;B2
68157;68;Jebsheim;B2
68158;68;Jettingen;C
68159;68;Jungholtz;C
68160;68;Kappelen;C
68161;68;Katzenthal;C
68162;68;Kaysersberg Vignoble;B1
68163;68;Kembs;B1
68165;68;Kiffis;C
68166;68;Kingersheim;B1
68167;68;Kirchberg;C
68168;68;Knœringue;C
68169;68;Kœstlach;C
68170;68;Kœtzingue;C
68171;68;Kruth;C
68172;68;Kunheim;C
68173;68;Labaroche;C
68174;68;Landser;C
68175;68;Lapoutroie;C
68176;68;Largitzen;C
68177;68;Lautenbach;B2
68178;68;Lautenbachzell;B2
68179;68;Lauw;C
68180;68;Leimbach;B2
68181;68;Levoncourt;C
68182;68;Leymen;C
68183;68;Liebenswiller;C
68184;68;Liebsdorf;C
68185;68;Lièpvre;C
68186;68;Ligsdorf;C
68187;68;Linsdorf;C
68188;68;Linthal;B2
68189;68;Logelheim;C
68190;68;Lucelle;C
68191;68;Luemschwiller;C
68192;68;Valdieu-Lutran;C
68193;68;Luttenbach-près-Munster;C
68194;68;Lutter;C
68195;68;Lutterbach;B2
68196;68;Magny;C
68197;68;Magstatt-le-Bas;C
68198;68;Magstatt-le-Haut;C
68199;68;Malmerspach;C
68200;68;Manspach;C
68201;68;Masevaux-Niederbruck;C
68202;68;Mertzen;C
68203;68;Merxheim;C
68204;68;Metzeral;C
68205;68;Meyenheim;C
68207;68;Michelbach-le-Bas;C
68208;68;Michelbach-le-Haut;C
68209;68;Mittelwihr;B2
68210;68;Mittlach;C
68211;68;Mitzach;C
68212;68;Mœrnach;C
68213;68;Mollau;C
68214;68;Montreux-Jeune;C
68215;68;Montreux-Vieux;C
68216;68;Mooslargue;C
68217;68;Moosch;C
68218;68;Morschwiller-le-Bas;B2
68219;68;Le Haut Soultzbach;C
68221;68;Muespach;C
68222;68;Muespach-le-Haut;C
68223;68;Muhlbach-sur-Munster;C
68224;68;Mulhouse;B1
68225;68;Munchhouse;C
68226;68;Munster;B2
68227;68;Muntzenheim;C
68228;68;Munwiller;C
68229;68;Murbach;C
68230;68;Nambsheim;C
68231;68;Neuf-Brisach;C
68232;68;Neuwiller;C
68234;68;Niederentzen;C
68235;68;Niederhergheim;C
68237;68;Niedermorschwihr;C
68238;68;Niffer;C
68239;68;Oberbruck;C
68240;68;Illtal;C
68241;68;Oberentzen;C
68242;68;Oberhergheim;C
68243;68;Oberlarg;C
68244;68;Obermorschwihr;C
68245;68;Obermorschwiller;C
68246;68;Obersaasheim;C
68247;68;Oderen;C
68248;68;Oltingue;C
68249;68;Orbey;C
68250;68;Orschwihr;C
68251;68;Osenbach;C
68252;68;Ostheim;B2
68253;68;Ottmarsheim;C
68254;68;Petit-Landau;C
68255;68;Pfaffenheim;C
68256;68;Pfastatt;B2
68257;68;Pfetterhouse;C
68258;68;Pulversheim;B2
68259;68;Raedersdorf;C
68260;68;Raedersheim;C
68261;68;Rammersmatt;C
68262;68;Ranspach;C
68263;68;Ranspach-le-Bas;C
68264;68;Ranspach-le-Haut;C
68265;68;Rantzwiller;C
68266;68;Réguisheim;C
68267;68;Reiningue;B2
68268;68;Retzwiller;C
68269;68;Ribeauvillé;B1
68270;68;Richwiller;B2
68271;68;Riedisheim;B2
68273;68;Riespach;C
68274;68;Rimbach-près-Guebwiller;C
68275;68;Rimbach-près-Masevaux;C
68276;68;Rimbachzell;C
68277;68;Riquewihr;B2
68278;68;Rixheim;B2
68279;68;Roderen;C
68280;68;Rodern;B2
68281;68;Roggenhouse;C
68282;68;Romagny;C
68283;68;Rombach-le-Franc;C
68284;68;Roppentzwiller;C
68285;68;Rorschwihr;B2
68286;68;Rosenau;B1
68287;68;Rouffach;B1
68288;68;Ruederbach;C
68289;68;Ruelisheim;B2
68290;68;Rustenhart;C
68291;68;Rumersheim-le-Haut;C
68292;68;Saint-Amarin;C
68293;68;Saint-Cosme;C
68294;68;Sainte-Croix-aux-Mines;C
68295;68;Sainte-Croix-en-Plaine;B2
68296;68;Saint-Hippolyte;B2
68297;68;Saint-Louis;B1
68298;68;Sainte-Marie-aux-Mines;C
68299;68;Saint-Ulrich;C
68300;68;Sausheim;B1
68301;68;Schlierbach;C
68302;68;Schweighouse-Thann;C
68303;68;Schwoben;C
68304;68;Sentheim;C
68305;68;Seppois-le-Bas;C
68306;68;Seppois-le-Haut;C
68307;68;Sewen;C
68308;68;Sickert;C
68309;68;Sierentz;B1
68311;68;Sondernach;C
68312;68;Sondersdorf;C
68313;68;Soppe-le-Bas;C
68315;68;Soultz-Haut-Rhin;B2
68316;68;Soultzbach-les-Bains;C
68317;68;Soultzeren;C
68318;68;Soultzmatt;C
68320;68;Spechbach;C
68321;68;Staffelfelden;B2
68322;68;Steinbach;B2
68323;68;Steinbrunn-le-Bas;C
68324;68;Steinbrunn-le-Haut;C
68325;68;Steinsoultz;C
68326;68;Sternenberg;C
68327;68;Stetten;C
68328;68;Storckensohn;C
68329;68;Stosswihr;C
68330;68;Strueth;C
68331;68;Sundhoffen;B2
68332;68;Tagolsheim;C
68333;68;Tagsdorf;C
68334;68;Thann;B2
68335;68;Thannenkirch;B2
68336;68;Traubach-le-Bas;C
68337;68;Traubach-le-Haut;C
68338;68;Turckheim;B1
68340;68;Ueberstrass;C
68341;68;Uffheim;C
68342;68;Uffholtz;B2
68343;68;Ungersheim;B2
68344;68;Urbès;C
68345;68;Urschenheim;C
68347;68;Vieux-Ferrette;C
68348;68;Vieux-Thann;B2
68349;68;Village-Neuf;B1
68350;68;Vœgtlinshoffen;C
68351;68;Vogelgrun;C
68352;68;Volgelsheim;C
68353;68;Wahlbach;C
68354;68;Walbach;C
68355;68;Waldighofen;C
68356;68;Walheim;C
68357;68;Waltenheim;C
68358;68;Wasserbourg;C
68359;68;Wattwiller;B2
68360;68;Weckolsheim;C
68361;68;Wegscheid;C
68362;68;Wentzwiller;B1
68363;68;Werentzhouse;C
68364;68;Westhalten;C
68365;68;Wettolsheim;B2
68366;68;Wickerschwihr;C
68367;68;Widensolen;C
68368;68;Wihr-au-Val;C
68370;68;Wildenstein;C
68371;68;Willer;C
68372;68;Willer-sur-Thur;B2
68373;68;Winkel;C
68374;68;Wintzenheim;B1
68375;68;Wittelsheim;B1
68376;68;Wittenheim;B1
68377;68;Wittersdorf;C
68378;68;Wolfersdorf;C
68379;68;Wolfgantzen;C
68380;68;Wolschwiller;C
68381;68;Wuenheim;C
68382;68;Zaessingue;C
68383;68;Zellenberg;B2
68384;68;Zillisheim;B2
68385;68;Zimmerbach;C
68386;68;Zimmersheim;C
69001;69;Affoux;C
69002;69;Aigueperse;C
69003;69;Albigny-sur-Saône;B1
69004;69;Alix;C
69005;69;Ambérieux;B1
69006;69;Amplepuis;C
69007;69;Ampuis;B2
69008;69;Ancy;C
69009;69;Anse;B1
69010;69;L'Arbresle;B1
69012;69;Les Ardillats;C
69013;69;Arnas;B1
69014;69;Aveize;C
69016;69;Azolette;C
69017;69;Bagnols;C
69018;69;Beaujeu;C
69019;69;Belleville-en-Beaujolais;B1
69020;69;Belmont-d'Azergues;B1
69021;69;Bessenay;C
69022;69;Bibost;C
69023;69;Blacé;C
69024;69;Val d'Oingt;C
69026;69;Le Breuil;C
69027;69;Brignais;A
69028;69;Brindas;A
69029;69;Bron;B1
69030;69;Brullioles;C
69031;69;Brussieu;C
69032;69;Bully;B1
69033;69;Cailloux-sur-Fontaines;B1
69034;69;Caluire-et-Cuire;A
69035;69;Cenves;C
69036;69;Cercié;C
69037;69;Chambost-Allières;C
69038;69;Chambost-Longessaigne;C
69039;69;Chamelet;C
69040;69;Champagne-au-Mont-d'Or;A
69042;69;La Chapelle-sur-Coise;C
69043;69;Chaponost;A
69044;69;Charbonnières-les-Bains;A
69045;69;Charentay;C
69046;69;Charly;B1
69047;69;Charnay;C
69049;69;Chasselay;B1
69050;69;Châtillon;C
69051;69;Chaussan;C
69052;69;Chazay-d'Azergues;B1
69053;69;Chénas;C
69054;69;Chénelette;C
69055;69;Les Chères;B1
69056;69;Chessy;B1
69057;69;Chevinay;C
69058;69;Chiroubles;C
69059;69;Civrieux-d'Azergues;B1
69060;69;Claveisolles;C
69061;69;Cogny;C
69062;69;Coise;C
69063;69;Collonges-au-Mont-d'Or;A
69064;69;Condrieu;B1
69065;69;Corcelles-en-Beaujolais;C
69066;69;Cours;C
69067;69;Courzieu;C
69068;69;Couzon-au-Mont-d'Or;B1
69069;69;Craponne;A
69070;69;Cublize;C
69071;69;Curis-au-Mont-d'Or;B1
69072;69;Dardilly;A
69074;69;Denicé;B1
69075;69;Dième;C
69076;69;Dommartin;B1
69077;69;Dracé;C
69078;69;Duerne;C
69080;69;Échalas;C
69081;69;Écully;A
69082;69;Émeringes;C
69083;69;Éveux;B1
69084;69;Fleurie;C
69085;69;Fleurieu-sur-Saône;B1
69086;69;Fleurieux-sur-l'Arbresle;B1
69087;69;Fontaines-Saint-Martin;B1
69088;69;Fontaines-sur-Saône;A
69089;69;Francheville;A
69090;69;Frontenas;C
69091;69;Givors;B1
69092;69;Gleizé;B1
69093;69;Grandris;C
69094;69;Grézieu-la-Varenne;A
69095;69;Grézieu-le-Marché;C
69096;69;Grigny-sur-Rhône;B1
69097;69;Les Haies;C
69098;69;Les Halles;C
69099;69;Haute-Rivoire;C
69100;69;Irigny;B1
69102;69;Joux;C
69103;69;Juliénas;C
69104;69;Jullié;C
69105;69;Lacenas;B1
69106;69;Lachassagne;B1
69107;69;Lamure-sur-Azergues;C
69108;69;Lancié;C
69109;69;Lantignié;C
69110;69;Larajasse;C
69111;69;Légny;C
69112;69;Lentilly;A
69113;69;Létra;C
69114;69;Porte des Pierres Dorées;B1
69115;69;Limas;B1
69116;69;Limonest;A
69117;69;Lissieu;B1
69118;69;Loire-sur-Rhône;B1
69119;69;Longes;C
69120;69;Longessaigne;C
69121;69;Lozanne;B1
69122;69;Lucenay;B1
69123;69;Lyon;A
69124;69;Marchampt;C
69125;69;Marcilly-d'Azergues;B1
69126;69;Marcy;B1
69127;69;Marcy-l'Étoile;A
69130;69;Meaux-la-Montagne;C
69131;69;Messimy;B1
69132;69;Meys;C
69133;69;Millery;B1
69134;69;Moiré;C
69135;69;Deux-Grosnes;C
69136;69;Montagny;B1
69137;69;Montmelas-Saint-Sorlin;C
69138;69;Montromant;C
69139;69;Montrottier;C
69140;69;Morancé;B1
69141;69;Mornant;B1
69142;69;La Mulatière;B1
69143;69;Neuville-sur-Saône;A
69145;69;Odenas;C
69148;69;Orliénas;B1
69149;69;Oullins-Pierre-Bénite;A
69151;69;Le Perréon;C
69153;69;Poleymieux-au-Mont-d'Or;B1
69154;69;Pollionnay;B1
69155;69;Pomeys;C
69156;69;Pommiers;B1
69157;69;Vindry-sur-Turdine;C
69160;69;Poule-les-Écharmeaux;C
69161;69;Propières;C
69162;69;Quincié-en-Beaujolais;C
69163;69;Quincieux;B1
69164;69;Ranchal;C
69165;69;Régnié-Durette;C
69166;69;Riverie;C
69167;69;Rivolet;C
69168;69;Rochetaillée-sur-Saône;B1
69169;69;Ronno;C
69170;69;Rontalon;C
69171;69;Sain-Bel;B1
69172;69;Salles-Arbuissonnas-en-Beaujolais;C
69173;69;Sarcey;C
69174;69;Les Sauvages;C
69175;69;Savigny;B1
69176;69;Soucieu-en-Jarrest;B1
69177;69;Sourcieux-les-Mines;B1
69178;69;Souzy;C
69179;69;Beauvallon;B1
69180;69;Saint-André-la-Côte;C
69181;69;Saint-Appolinaire;C
69182;69;Saint-Bonnet-des-Bruyères;C
69183;69;Saint-Bonnet-le-Troncy;C
69184;69;Sainte-Catherine;C
69186;69;Saint-Clément-de-Vers;C
69187;69;Saint-Clément-les-Places;C
69188;69;Saint-Clément-sur-Valsonne;C
69189;69;Sainte-Colombe;B2
69190;69;Sainte-Consorce;B1
69191;69;Saint-Cyr-au-Mont-d'Or;A
69192;69;Saint-Cyr-le-Chatoux;C
69193;69;Saint-Cyr-sur-le-Rhône;B2
69194;69;Saint-Didier-au-Mont-d'Or;A
69196;69;Saint-Didier-sur-Beaujeu;C
69197;69;Saint-Étienne-des-Oullières;C
69198;69;Saint-Étienne-la-Varenne;C
69199;69;Saint-Fons;B1
69200;69;Saint-Forgeux;C
69201;69;Sainte-Foy-l'Argentière;C
69202;69;Sainte-Foy-lès-Lyon;A
69203;69;Saint-Genis-l'Argentière;C
69204;69;Saint-Genis-Laval;A
69205;69;Saint-Genis-les-Ollières;A
69206;69;Saint-Georges-de-Reneins;B1
69207;69;Saint-Germain-au-Mont-d'Or;B1
69208;69;Saint-Germain-Nuelles;B1
69209;69;Saint-Igny-de-Vers;C
69212;69;Saint-Jean-des-Vignes;B1
69214;69;Saint-Jean-la-Bussière;C
69215;69;Saint-Julien;C
69216;69;Saint-Julien-sur-Bibost;C
69217;69;Saint-Just-d'Avray;C
69218;69;Saint-Lager;C
69219;69;Saint-Laurent-d'Agny;B1
69220;69;Saint-Laurent-de-Chamousset;C
69225;69;Saint-Marcel-l'Éclairé;C
69227;69;Saint-Martin-en-Haut;C
69228;69;Chabanière;C
69229;69;Saint-Nizier-d'Azergues;C
69230;69;Sainte-Paule;C
69231;69;Saint-Pierre-la-Palud;B1
69233;69;Saint-Romain-au-Mont-d'Or;A
69234;69;Saint-Romain-de-Popey;C
69235;69;Saint-Romain-en-Gal;B2
69236;69;Saint-Romain-en-Gier;B1
69238;69;Saint-Symphorien-sur-Coise;C
69239;69;Saint-Vérand;C
69240;69;Saint-Vincent-de-Reins;C
69241;69;Taluyers;B1
69242;69;Taponas;C
69243;69;Tarare;C
69244;69;Tassin-la-Demi-Lune;A
69245;69;Ternand;C
69246;69;Theizé;C
69248;69;Thizy-les-Bourgs;C
69249;69;Thurins;B1
69250;69;La Tour-de-Salvagny;A
69252;69;Trèves;C
69253;69;Tupin-et-Semons;B2
69254;69;Valsonne;C
69255;69;Vaugneray;A
69256;69;Vaulx-en-Velin;B1
69257;69;Vaux-en-Beaujolais;C
69258;69;Vauxrenard;C
69259;69;Vénissieux;B1
69260;69;Vernaison;B1
69261;69;Vernay;C
69263;69;Villechenève;C
69264;69;Villefranche-sur-Saône;B1
69265;69;Ville-sur-Jarnioux;C
69266;69;Villeurbanne;A
69267;69;Villié-Morgon;C
69268;69;Vourles;B1
69269;69;Yzeron;C
69270;69;Chaponnay;B1
69271;69;Chassieu;A
69272;69;Communay;B1
69273;69;Corbas;B1
69275;69;Décines-Charpieu;B1
69276;69;Feyzin;B1
69277;69;Genas;A
69278;69;Genay;B1
69279;69;Jonage;A
69280;69;Jons;B1
69281;69;Marennes;B1
69282;69;Meyzieu;A
69283;69;Mions;B1
69284;69;Montanay;B1
69285;69;Pusignan;B1
69286;69;Rillieux-la-Pape;B1
69287;69;Saint-Bonnet-de-Mure;B1
69288;69;Saint-Laurent-de-Mure;A
69289;69;Saint-Pierre-de-Chandieu;B1
69290;69;Saint-Priest;B1
69291;69;Saint-Symphorien-d'Ozon;B1
69292;69;Sathonay-Camp;A
69293;69;Sathonay-Village;B1
69294;69;Sérézin-du-Rhône;B1
69295;69;Simandres;B1
69296;69;Solaize;B1
69297;69;Ternay;B1
69298;69;Toussieu;B1
69299;69;Colombier-Saugnieu;B1
70001;70;Abelcourt;C
70002;70;Aboncourt-Gesincourt;C
70003;70;Achey;C
70004;70;Adelans-et-le-Val-de-Bithaine;C
70005;70;Aillevans;C
70006;70;Aillevillers-et-Lyaumont;C
70007;70;Ailloncourt;C
70008;70;Ainvelle;C
70009;70;Aisey-et-Richecourt;C
70010;70;Alaincourt;C
70011;70;Amage;C
70012;70;Amance;C
70013;70;Ambiévillers;C
70014;70;Amblans-et-Velotte;C
70015;70;Amoncourt;C
70016;70;Amont-et-Effreney;C
70017;70;Anchenoncourt-et-Chazel;C
70018;70;Ancier;C
70019;70;Andelarre;C
70020;70;Andelarrot;C
70021;70;Andornay;C
70022;70;Angirey;C
70023;70;Anjeux;C
70024;70;Apremont;C
70025;70;Arbecey;C
70026;70;Arc-lès-Gray;C
70027;70;Argillières;C
70028;70;Aroz;C
70029;70;Arpenans;C
70030;70;Arsans;C
70031;70;Athesans-Étroitefontaine;C
70032;70;Attricourt;C
70035;70;Augicourt;C
70036;70;Aulx-lès-Cromary;C
70037;70;Autet;C
70038;70;Authoison;C
70039;70;Autoreille;C
70040;70;Autrey-lès-Cerre;C
70041;70;Autrey-lès-Gray;C
70042;70;Autrey-le-Vay;C
70043;70;Auvet-et-la-Chapelotte;C
70044;70;Auxon;C
70045;70;Avrigney-Virey;C
70046;70;Les Aynans;C
70047;70;Baignes;C
70048;70;Bard-lès-Pesmes;C
70049;70;Barges;C
70050;70;La Barre;C
70051;70;La Basse-Vaivre;C
70052;70;Bassigney;C
70053;70;Les Bâties;C
70054;70;Battrans;C
70055;70;Baudoncourt;C
70056;70;Baulay;C
70057;70;Bay;C
70058;70;Beaujeu-Saint-Vallier-Pierrejux-et-Quitteur;C
70059;70;Beaumotte-Aubertans;C
70060;70;Beaumotte-lès-Pin;C
70061;70;Belfahy;C
70062;70;Belmont;C
70063;70;Belonchamp;C
70064;70;Belverne;C
70065;70;Besnans;C
70066;70;Betaucourt;C
70067;70;Betoncourt-lès-Brotte;C
70069;70;Betoncourt-Saint-Pancras;C
70070;70;Betoncourt-sur-Mance;C
70071;70;Beulotte-Saint-Laurent;C
70072;70;Beveuge;C
70074;70;Blondefontaine;C
70075;70;Bonboillon;C
70076;70;Bonnevent-Velloreille;C
70077;70;Borey;C
70078;70;Bougey;C
70079;70;Bougnon;C
70080;70;Bouhans-et-Feurg;C
70081;70;Bouhans-lès-Lure;C
70082;70;Bouhans-lès-Montbozon;C
70083;70;Bouligney;C
70084;70;Boulot;C
70085;70;Boult;C
70086;70;Bourbévelle;C
70087;70;Bourguignon-lès-Conflans;C
70088;70;Bourguignon-lès-la-Charité;C
70089;70;Bourguignon-lès-Morey;C
70090;70;Boursières;C
70091;70;Bousseraucourt;C
70092;70;Bresilley;C
70093;70;Breuches;C
70094;70;Breuchotte;C
70095;70;Breurey-lès-Faverney;C
70096;70;Brevilliers;C
70097;70;Briaucourt;C
70098;70;Brotte-lès-Luxeuil;C
70099;70;Brotte-lès-Ray;C
70100;70;Broye-les-Loups-et-Verfontaine;C
70101;70;Broye-Aubigney-Montseugny;C
70102;70;Brussey;C
70103;70;La Bruyère;C
70104;70;Bucey-lès-Gy;C
70105;70;Bucey-lès-Traves;C
70106;70;Buffignécourt;C
70107;70;Bussières;C
70109;70;Buthiers;C
70111;70;Calmoutier;C
70112;70;Cemboing;C
70113;70;Cenans;C
70114;70;Cendrecourt;C
70115;70;Cerre-lès-Noroy;C
70116;70;Chagey;C
70117;70;Châlonvillars;B2
70118;70;Chambornay-lès-Bellevaux;C
70119;70;Chambornay-lès-Pin;C
70120;70;Champagney;C
70121;70;Champey;C
70122;70;Champlitte;C
70124;70;Champtonnay;C
70125;70;Champvans;C
70126;70;Chancey;C
70127;70;Chantes;C
70128;70;La Chapelle-lès-Luxeuil;C
70129;70;La Chapelle-Saint-Quillain;C
70130;70;Charcenne;C
70132;70;Chargey-lès-Gray;C
70133;70;Chargey-lès-Port;C
70134;70;Chariez;C
70135;70;Charmes-Saint-Valbert;C
70136;70;Charmoille;C
70137;70;Chassey-lès-Montbozon;C
70138;70;Chassey-lès-Scey;C
70140;70;Châteney;C
70141;70;Châtenois;C
70142;70;Chaumercenne;C
70143;70;Chauvirey-le-Châtel;C
70144;70;Chauvirey-le-Vieil;C
70145;70;Chaux-la-Lotière;C
70146;70;Chaux-lès-Port;C
70147;70;Chavanne;C
70148;70;Chemilly;C
70149;70;Chenebier;C
70150;70;Chenevrey-et-Morogne;C
70151;70;Chevigney;C
70152;70;Colombine;C
70153;70;Cintrey;C
70154;70;Cirey;C
70155;70;Citers;C
70156;70;Citey;C
70157;70;Clairegoutte;C
70158;70;Clans;C
70159;70;Cognières;C
70160;70;Coisevaux;C
70162;70;Colombe-lès-Vesoul;C
70163;70;Colombier;C
70164;70;Colombotte;C
70165;70;Combeaufontaine;C
70166;70;Comberjon;C
70167;70;Conflandey;C
70168;70;Conflans-sur-Lanterne;C
70169;70;Confracourt;C
70170;70;Contréglise;C
70171;70;Corbenay;C
70172;70;La Corbière;C
70174;70;Cordonnet;C
70175;70;Cornot;C
70176;70;Corravillers;C
70177;70;Corre;C
70178;70;La Côte;C
70179;70;Coulevon;C
70180;70;Belles-Fontaines;C
70181;70;Courcuire;C
70182;70;Courmont;C
70183;70;Courtesoult-et-Gatey;C
70184;70;Couthenans;C
70185;70;Cresancey;C
70186;70;La Creuse;C
70187;70;Crevans-et-la-Chapelle-lès-Granges;C
70188;70;Creveney;C
70189;70;Cromary;C
70190;70;Cubry-lès-Faverney;C
70192;70;Cugney;C
70193;70;Cult;C
70194;70;Cuve;C
70195;70;Dambenoît-lès-Colombe;C
70196;70;Dampierre-lès-Conflans;C
70197;70;Dampierre-sur-Linotte;C
70198;70;Dampierre-sur-Salon;C
70199;70;Dampvalley-lès-Colombe;C
70200;70;Dampvalley-Saint-Pancras;C
70201;70;Delain;C
70202;70;Demangevelle;C
70203;70;La Demie;C
70204;70;Denèvre;C
70205;70;Échavanne;C
70206;70;Échenans-sous-Mont-Vaudois;C
70207;70;Échenoz-la-Méline;C
70208;70;Échenoz-le-Sec;C
70210;70;Écromagny;C
70211;70;Écuelle;C
70213;70;Éhuns;C
70214;70;Équevilley;C
70215;70;Errevet;C
70216;70;Esboz-Brest;C
70217;70;Esmoulières;C
70218;70;Esmoulins;C
70219;70;Esprels;C
70220;70;Essertenne-et-Cecey;C
70221;70;Étobon;C
70222;70;Étrelles-et-la-Montbleuse;C
70224;70;Étuz;C
70225;70;Fahy-lès-Autrey;C
70226;70;Fallon;C
70227;70;Faucogney-et-la-Mer;C
70228;70;Faverney;C
70229;70;Faymont;C
70230;70;Fédry;C
70231;70;Ferrières-lès-Ray;C
70232;70;Ferrières-lès-Scey;C
70233;70;Les Fessey;C
70234;70;Filain;C
70235;70;Flagy;C
70236;70;Fleurey-lès-Faverney;C
70237;70;Fleurey-lès-Lavoncourt;C
70238;70;Fleurey-lès-Saint-Loup;C
70239;70;Fondremand;C
70240;70;Fontaine-lès-Luxeuil;C
70242;70;Fontenois-la-Ville;C
70243;70;Fontenois-lès-Montbozon;C
70244;70;Fouchécourt;C
70245;70;Fougerolles-Saint-Valbert;C
70247;70;Fouvent-Saint-Andoche;C
70248;70;Frahier-et-Chatebier;C
70249;70;Francalmont;C
70250;70;Franchevelle;C
70251;70;Francourt;C
70252;70;Framont;C
70253;70;Frasne-le-Château;C
70254;70;Frédéric-Fontaine;C
70255;70;Fresne-Saint-Mamès;C
70256;70;Fresse;C
70257;70;Fretigney-et-Velloreille;C
70258;70;Froideconche;C
70259;70;Froideterre;C
70260;70;Frotey-lès-Lure;C
70261;70;Frotey-lès-Vesoul;C
70262;70;Genevreuille;C
70263;70;Genevrey;C
70265;70;Germigney;C
70267;70;Gevigney-et-Mercey;C
70268;70;Gézier-et-Fontenelay;C
70269;70;Girefontaine;C
70271;70;Gouhenans;C
70272;70;Gourgeon;C
70273;70;Grammont;C
70274;70;Grandecourt;C
70275;70;Grandvelle-et-le-Perrenot;C
70276;70;Granges-la-Ville;C
70277;70;Granges-le-Bourg;C
70278;70;Grattery;C
70279;70;Gray;C
70280;70;Gray-la-Ville;C
70282;70;Gy;C
70283;70;Haut-du-Them-Château-Lambert;C
70284;70;Hautevelle;C
70285;70;Héricourt;B2
70286;70;Hugier;C
70287;70;Hurecourt;C
70288;70;Hyet;C
70289;70;Igny;C
70290;70;Jasney;C
70291;70;Jonvelle;C
70292;70;Jussey;C
70293;70;Lambrey;C
70294;70;Lantenot;C
70295;70;La Lanterne-et-les-Armonts;C
70296;70;Larians-et-Munans;C
70297;70;Larret;C
70298;70;Lavigney;C
70299;70;Lavoncourt;C
70301;70;Lieffrans;C
70302;70;Lieucourt;C
70303;70;Liévans;C
70304;70;Linexert;C
70305;70;Lœuilley;C
70306;70;Lomont;C
70307;70;Longevelle;C
70308;70;La Longine;C
70309;70;Loulans-Verchamp;C
70310;70;Lure;C
70311;70;Luxeuil-les-Bains;C
70312;70;Luze;C
70313;70;Lyoffans;C
70314;70;Magnivray;C
70315;70;Magnoncourt;C
70316;70;Le Magnoray;C
70317;70;Les Magny;C
70318;70;Magny-Danigon;C
70319;70;Magny-Jobert;C
70320;70;Magny-lès-Jussey;C
70321;70;Magny-Vernois;C
70322;70;Mailleroncourt-Charette;C
70323;70;Mailleroncourt-Saint-Pancras;C
70324;70;Mailley-et-Chazelot;C
70325;70;Maizières;C
70326;70;La Malachère;C
70327;70;Malans;C
70328;70;Malbouhans;C
70329;70;Malvillers;C
70330;70;Mandrevillars;C
70331;70;Mantoche;C
70332;70;Marast;C
70334;70;Marnay;C
70335;70;Maussans;C
70336;70;Mélecey;C
70337;70;Melin;C
70338;70;Melincourt;C
70339;70;Mélisey;C
70340;70;Membrey;C
70341;70;Menoux;C
70342;70;Mercey-sur-Saône;C
70343;70;Mersuay;C
70344;70;Meurcourt;C
70347;70;Mignavillers;C
70348;70;Moffans-et-Vacheresse;C
70349;70;Moimay;C
70350;70;Molay;C
70351;70;Mollans;C
70352;70;La Montagne;C
70353;70;Montagney;C
70355;70;Montarlot-lès-Rioz;C
70356;70;Montboillon;C
70357;70;Montbozon;C
70358;70;Montcey;C
70359;70;Montcourt;C
70360;70;Montdoré;C
70361;70;Montessaux;C
70362;70;Montigny-lès-Cherlieu;C
70363;70;Montigny-lès-Vesoul;C
70364;70;Montjustin-et-Velotte;C
70366;70;Villers-Chemin-et-Mont-lès-Étrelles;C
70367;70;Mont-le-Vernois;C
70368;70;Montot;C
70369;70;Mont-Saint-Léger;C
70371;70;Montureux-et-Prantigny;C
70372;70;Montureux-lès-Baulay;C
70373;70;La Roche-Morey;C
70374;70;Motey-Besuche;C
70376;70;Nantilly;C
70378;70;Navenne;C
70380;70;Neurey-en-Vaux;C
70381;70;Neurey-lès-la-Demie;C
70383;70;Neuvelle-lès-Cromary;C
70384;70;Neuvelle-lès-la-Charité;C
70385;70;La Neuvelle-lès-Lure;C
70386;70;La Neuvelle-lès-Scey;C
70387;70;Noidans-le-Ferroux;C
70388;70;Noidans-lès-Vesoul;C
70389;70;Noiron;C
70390;70;Noroy-le-Bourg;C
70392;70;Oigney;C
70393;70;Oiselay-et-Grachaux;C
70394;70;Onay;C
70395;70;Oppenans;C
70396;70;Oricourt;C
70397;70;Ormenans;C
70398;70;Ormoiche;C
70399;70;Ormoy;C
70400;70;Ouge;C
70401;70;Ovanches;C
70402;70;Oyrières;C
70403;70;Palante;C
70404;70;Passavant-la-Rochère;C
70405;70;Pennesières;C
70406;70;Percey-le-Grand;C
70407;70;Perrouse;C
70408;70;Pesmes;C
70409;70;Pierrecourt;C
70410;70;Pin;C
70411;70;La Pisseure;C
70412;70;Plainemont;C
70413;70;Plancher-Bas;C
70414;70;Plancher-les-Mines;C
70415;70;Polaincourt-et-Clairefontaine;C
70416;70;Pomoy;C
70417;70;Pontcey;C
70418;70;La Romaine;C
70419;70;Pont-du-Bois;C
70420;70;Pont-sur-l'Ognon;C
70421;70;Port-sur-Saône;C
70422;70;Poyans;C
70423;70;Preigney;C
70425;70;La Proiselière-et-Langle;C
70426;70;Provenchère;C
70427;70;Purgerot;C
70428;70;Pusey;C
70429;70;Pusy-et-Épenoux;C
70430;70;La Quarte;C
70431;70;Quenoche;C
70432;70;Quers;C
70433;70;Quincey;C
70435;70;Raddon-et-Chapendu;C
70436;70;Raincourt;C
70437;70;Ranzevelle;C
70438;70;Ray-sur-Saône;C
70439;70;Raze;C
70440;70;Recologne;C
70441;70;Recologne-lès-Rioz;C
70442;70;Renaucourt;C
70443;70;La Grande-Résie;C
70444;70;La Résie-Saint-Martin;C
70445;70;Rignovelle;C
70446;70;Rigny;C
70447;70;Rioz;C
70448;70;Roche-et-Raucourt;C
70449;70;Roche-sur-Linotte-et-Sorans-les-Cordiers;C
70450;70;La Rochelle;C
70451;70;Ronchamp;C
70452;70;Rosey;C
70453;70;La Rosière;C
70454;70;Rosières-sur-Mance;C
70455;70;Roye;C
70456;70;Ruhans;C
70457;70;Rupt-sur-Saône;C
70459;70;Saint-Barthélemy;C
70460;70;Saint-Bresson;C
70461;70;Saint-Broing;C
70462;70;Saint-Ferjeux;C
70463;70;Saint-Gand;C
70464;70;Saint-Germain;C
70466;70;Saint-Loup-Nantouard;C
70467;70;Saint-Loup-sur-Semouse;C
70468;70;Saint-Marcel;C
70469;70;Sainte-Marie-en-Chanois;C
70470;70;Sainte-Marie-en-Chaux;C
70471;70;Sainte-Reine;C
70472;70;Saint-Rémy-en-Comté;C
70473;70;Saint-Sauveur;C
70474;70;Saint-Sulpice;C
70476;70;Saponcourt;C
70477;70;Saulnot;C
70478;70;Saulx;C
70479;70;Sauvigney-lès-Gray;C
70480;70;Sauvigney-lès-Pesmes;C
70481;70;Savoyeux;C
70482;70;Scey-sur-Saône-et-Saint-Albin;C
70483;70;Scye;C
70484;70;Secenans;C
70485;70;Selles;C
70486;70;Semmadon;C
70487;70;Senargent-Mignafans;C
70488;70;Senoncourt;C
70489;70;Servance-Miellin;C
70490;70;Servigney;C
70491;70;Seveux-Motey;C
70492;70;Soing-Cubry-Charentenay;C
70493;70;Sorans-lès-Breurey;C
70494;70;Sornay;C
70496;70;Tartécourt;C
70498;70;Ternuay-Melay-et-Saint-Hilaire;C
70499;70;Theuley;C
70500;70;Thieffrans;C
70501;70;Thiénans;C
70502;70;Tincey-et-Pontrebeau;C
70503;70;Traitiéfontaine;C
70504;70;Traves;C
70505;70;Le Tremblois;C
70506;70;Trémoins;C
70507;70;Trésilley;C
70509;70;Tromarey;C
70510;70;Vadans;C
70511;70;Vaite;C
70512;70;La Vaivre;C
70513;70;Vaivre-et-Montoille;C
70514;70;Valay;C
70515;70;Le Val-de-Gouhenans;C
70516;70;Vallerois-le-Bois;C
70517;70;Vallerois-Lorioz;C
70518;70;Le Val-Saint-Éloi;C
70519;70;Vandelans;C
70520;70;Vanne;C
70521;70;Vantoux-et-Longevelle;C
70522;70;Varogne;C
70523;70;Vars;C
70524;70;Vauchoux;C
70525;70;Vauconcourt-Nervezain;C
70526;70;Vauvillers;C
70527;70;Vaux-le-Moncelot;C
70528;70;Velesmes-Échevanne;C
70529;70;Velet;C
70531;70;Velleclaire;C
70532;70;Vellefaux;C
70533;70;Vellefrey-et-Vellefrange;C
70534;70;Vellefrie;C
70535;70;Velleguindry-et-Levrecey;C
70536;70;Velle-le-Châtel;C
70537;70;Velleminfroy;C
70538;70;Vellemoz;C
70539;70;Vellexon-Queutrey-et-Vaudey;C
70540;70;Velloreille-lès-Choye;C
70541;70;Velorcey;C
70542;70;Venère;C
70544;70;La Vergenne;C
70545;70;Venisey;C
70546;70;Vereux;C
70547;70;Verlans;C
70548;70;Vernois-sur-Mance;C
70549;70;La Vernotte;C
70550;70;Vesoul;C
70552;70;Villafans;C
70553;70;Villargent;C
70554;70;Villars-le-Pautel;C
70555;70;La Villedieu-en-Fontenette;C
70558;70;La Villeneuve-Bellenoye-et-la-Maize;C
70559;70;Villeparois;C
70560;70;Villers-Bouton;C
70561;70;Villersexel;C
70562;70;Villers-la-Ville;C
70563;70;Villers-le-Sec;C
70564;70;Villers-lès-Luxeuil;C
70565;70;Villers-Pater;C
70566;70;Villers-sur-Port;C
70567;70;Villers-sur-Saulnot;C
70568;70;Villers-Vaudey;C
70569;70;Vilory;C
70571;70;Visoncourt;C
70572;70;Vitrey-sur-Mance;C
70573;70;La Voivre;C
70574;70;Volon;C
70575;70;Voray-sur-l'Ognon;C
70576;70;Vougécourt;C
70577;70;Vouhenans;C
70578;70;Vregille;C
70579;70;Vyans-le-Val;C
70580;70;Vy-le-Ferroux;C
70581;70;Vy-lès-Lure;C
70582;70;Vy-lès-Rupt;C
70583;70;Vy-lès-Filain;C
71001;71;L'Abergement-de-Cuisery;C
71002;71;L'Abergement-Sainte-Colombe;C
71003;71;Allerey-sur-Saône;C
71004;71;Allériot;C
71005;71;Aluze;C
71006;71;Amanzé;C
71007;71;Ameugny;C
71008;71;Anglure-sous-Dun;C
71009;71;Anost;C
71010;71;Antully;C
71011;71;Anzy-le-Duc;C
71012;71;Artaix;C
71013;71;Authumes;C
71014;71;Autun;C
71015;71;Auxy;C
71016;71;Azé;C
71017;71;Ballore;C
71018;71;Bantanges;C
71019;71;Barizey;C
71020;71;Barnay;C
71021;71;Baron;C
71022;71;Baudemont;C
71023;71;Baudrières;C
71024;71;Baugy;C
71025;71;Beaubery;C
71026;71;Beaumont-sur-Grosne;C
71027;71;Beaurepaire-en-Bresse;C
71028;71;Beauvernois;C
71029;71;Bellevesvre;C
71030;71;Bergesserin;C
71031;71;Berzé-le-Châtel;C
71032;71;Berzé-la-Ville;C
71033;71;Bey;C
71034;71;Bissey-sous-Cruchaud;C
71035;71;Bissy-la-Mâconnaise;C
71036;71;Bissy-sous-Uxelles;C
71037;71;Bissy-sur-Fley;C
71038;71;Les Bizots;C
71039;71;Blanot;C
71040;71;Blanzy;C
71041;71;Bois-Sainte-Marie;C
71042;71;Bonnay-Saint-Ythaire;C
71043;71;Les Bordes;C
71044;71;Bosjean;C
71045;71;Bouhans;C
71046;71;La Boulaye;C
71047;71;Bourbon-Lancy;C
71048;71;Bourg-le-Comte;C
71050;71;Bourgvilain;C
71051;71;Bouzeron;C
71052;71;Boyer;C
71054;71;Bragny-sur-Saône;C
71056;71;Branges;C
71057;71;Bray;C
71058;71;Bresse-sur-Grosne;C
71059;71;Le Breuil;C
71060;71;Briant;C
71061;71;Brienne;C
71062;71;Brion;C
71063;71;Broye;C
71064;71;Bruailles;C
71065;71;Buffières;C
71066;71;Burgy;C
71067;71;Burnand;C
71068;71;Burzy;C
71069;71;Bussières;C
71070;71;Buxy;C
71071;71;Céron;C
71072;71;Cersot;C
71073;71;Chagny;C
71074;71;Chaintré;C
71075;71;Chalmoux;C
71076;71;Chalon-sur-Saône;B2
71077;71;Chambilly;C
71078;71;Chamilly;C
71079;71;Champagnat;C
71080;71;Champagny-sous-Uxelles;C
71081;71;Champforgeuil;B2
71082;71;Champlecy;C
71084;71;Chânes;C
71085;71;Change;C
71086;71;Changy;C
71087;71;Chapaize;C
71088;71;La Chapelle-au-Mans;C
71089;71;La Chapelle-de-Bragny;C
71090;71;La Chapelle-de-Guinchay;C
71091;71;La Chapelle-du-Mont-de-France;C
71092;71;La Chapelle-Naude;C
71093;71;La Chapelle-Saint-Sauveur;C
71094;71;La Chapelle-sous-Brancion;C
71095;71;La Chapelle-sous-Dun;C
71096;71;La Chapelle-sous-Uchon;C
71097;71;La Chapelle-Thècle;C
71098;71;Charbonnat;C
71099;71;Charbonnières;C
71100;71;Chardonnay;C
71101;71;Charette-Varennes;C
71102;71;La Charmée;C
71103;71;Charmoy;C
71104;71;Charnay-lès-Chalon;C
71105;71;Charnay-lès-Mâcon;B2
71106;71;Charolles;C
71107;71;Charrecey;C
71108;71;Chasselas;C
71109;71;Chassey-le-Camp;C
71110;71;Chassigny-sous-Dun;C
71111;71;Chassy;C
71112;71;Château;C
71113;71;Châteauneuf;C
71115;71;Châtel-Moron;C
71116;71;Châtenay;C
71117;71;Châtenoy-en-Bresse;B2
71118;71;Châtenoy-le-Royal;B2
71119;71;Chaudenay;C
71120;71;Chauffailles;C
71121;71;La Chaux;C
71122;71;Cheilly-lès-Maranges;C
71123;71;Chenay-le-Châtel;C
71124;71;Chenôves;C
71125;71;Chérizet;C
71126;71;Chevagny-les-Chevrières;B2
71127;71;Chevagny-sur-Guye;C
71128;71;Chiddes;C
71129;71;Chissey-en-Morvan;C
71130;71;Chissey-lès-Mâcon;C
71132;71;Ciry-le-Noble;C
71133;71;La Clayette;C
71134;71;Navour-sur-Grosne;C
71135;71;Clessé;C
71136;71;Clessy;C
71137;71;Cluny;C
71139;71;Collonge-en-Charollais;C
71140;71;Collonge-la-Madeleine;C
71141;71;Colombier-en-Brionnais;C
71142;71;La Comelle;C
71143;71;Condal;C
71144;71;Cordesse;C
71145;71;Cormatin;C
71146;71;Cortambert;C
71147;71;Cortevaix;C
71148;71;Coublanc;C
71149;71;Couches;C
71150;71;Crêches-sur-Saône;C
71151;71;Créot;C
71152;71;Cressy-sur-Somme;C
71153;71;Le Creusot;B1
71154;71;Crissey;B2
71155;71;Cronat;C
71156;71;Cruzille;C
71157;71;Cuiseaux;C
71158;71;Cuisery;C
71159;71;Culles-les-Roches;C
71160;71;Curbigny;C
71161;71;Curdin;C
71162;71;Curgy;C
71163;71;Curtil-sous-Buffières;C
71164;71;Curtil-sous-Burnand;C
71165;71;Cussy-en-Morvan;C
71166;71;Cuzy;C
71167;71;Damerey;C
71168;71;Dampierre-en-Bresse;C
71169;71;Davayé;C
71170;71;Demigny;C
71171;71;Dennevy;C
71172;71;Dettey;C
71173;71;Devrouze;C
71174;71;Dezize-lès-Maranges;C
71175;71;Diconne;C
71176;71;Digoin;C
71177;71;Dommartin-lès-Cuiseaux;C
71178;71;Dompierre-les-Ormes;C
71179;71;Dompierre-sous-Sanvignes;C
71181;71;Donzy-le-Pertuis;C
71182;71;Dracy-le-Fort;C
71183;71;Dracy-lès-Couches;C
71184;71;Dracy-Saint-Loup;C
71185;71;Dyo;C
71186;71;Écuelles;C
71187;71;Écuisses;C
71188;71;Épertully;C
71189;71;Épervans;C
71190;71;Épinac;C
71191;71;Essertenne;C
71192;71;Étang-sur-Arroux;C
71193;71;Étrigny;C
71194;71;Farges-lès-Chalon;C
71195;71;Farges-lès-Mâcon;C
71196;71;Le Fay;C
71198;71;Flacey-en-Bresse;C
71199;71;Flagy;C
71200;71;Fleury-la-Montagne;C
71201;71;Fley;C
71202;71;Fontaines;C
71203;71;Fontenay;C
71204;71;Fragnes-La Loyère;B2
71205;71;Frangy-en-Bresse;C
71206;71;La Frette;C
71207;71;Fretterans;C
71208;71;Frontenard;C
71209;71;Frontenaud;C
71210;71;Fuissé;C
71212;71;Génelard;C
71213;71;La Genête;C
71214;71;Genouilly;C
71215;71;Gergy;C
71216;71;Germagny;C
71217;71;Germolles-sur-Grosne;C
71218;71;Gibles;C
71219;71;Gigny-sur-Saône;C
71220;71;Gilly-sur-Loire;C
71221;71;Givry;C
71222;71;Gourdon;C
71223;71;La Grande-Verrière;C
71224;71;Grandvaux;C
71225;71;Granges;C
71226;71;Grevilly;C
71227;71;Grury;C
71228;71;Guerfand;C
71229;71;Les Guerreaux;C
71230;71;Gueugnon;C
71231;71;La Guiche;C
71232;71;Hautefond;C
71233;71;L'Hôpital-le-Mercier;C
71234;71;Huilly-sur-Seille;C
71235;71;Hurigny;B2
71236;71;Igé;C
71237;71;Igornay;C
71238;71;Iguerande;C
71239;71;Issy-l'Évêque;C
71240;71;Jalogny;C
71241;71;Jambles;C
71242;71;Joncy;C
71243;71;Joudes;C
71244;71;Jouvençon;C
71245;71;Jugy;C
71246;71;Juif;C
71247;71;Jully-lès-Buxy;C
71248;71;Lacrost;C
71249;71;Laives;C
71250;71;Laizé;C
71251;71;Laizy;C
71252;71;Lalheue;C
71253;71;Lans;C
71254;71;Lays-sur-le-Doubs;C
71255;71;Lesme;C
71256;71;Lessard-en-Bresse;C
71257;71;Lessard-le-National;C
71258;71;Leynes;C
71259;71;Ligny-en-Brionnais;C
71261;71;Loisy;C
71262;71;Longepierre;C
71263;71;Louhans;C
71264;71;Lournand;C
71266;71;Lucenay-l'Évêque;C
71267;71;Lugny;C
71268;71;Lugny-lès-Charolles;C
71269;71;Lux;B2
71270;71;Mâcon;B2
71271;71;Mailly;C
71272;71;Malay;C
71273;71;Maltat;C
71274;71;Mancey;C
71275;71;Marcigny;C
71276;71;Marcilly-la-Gueurce;C
71277;71;Marcilly-lès-Buxy;C
71278;71;Marigny;C
71279;71;Le Rousset-Marizy;C
71280;71;Marly-sous-Issy;C
71281;71;Marly-sur-Arroux;C
71282;71;Marmagne;C
71283;71;Marnay;C
71284;71;Martailly-lès-Brancion;C
71285;71;Martigny-le-Comte;C
71286;71;Mary;C
71287;71;Massilly;C
71289;71;Matour;C
71290;71;Mazille;C
71291;71;Melay;C
71292;71;Mellecey;C
71293;71;Ménetreuil;C
71294;71;Mercurey;C
71295;71;Mervans;C
71296;71;Messey-sur-Grosne;C
71297;71;Mesvres;C
71299;71;Milly-Lamartine;C
71300;71;Le Miroir;C
71301;71;Mont;C
71302;71;Montagny-lès-Buxy;C
71303;71;Montagny-près-Louhans;C
71305;71;Montbellet;C
71306;71;Montceau-les-Mines;B1
71307;71;Montceaux-l'Étoile;C
71308;71;Montceaux-Ragny;C
71309;71;Montcenis;C
71310;71;Montchanin;C
71311;71;Montcony;C
71312;71;Montcoy;C
71313;71;Monthelon;C
71314;71;Montjay;C
71315;71;Mont-lès-Seurre;C
71316;71;Montmelard;C
71317;71;Montmort;C
71318;71;Montpont-en-Bresse;C
71319;71;Montret;C
71320;71;Mont-Saint-Vincent;C
71321;71;Morey;C
71322;71;Morlet;C
71323;71;Mornay;C
71324;71;Moroges;C
71325;71;La Motte-Saint-Jean;C
71326;71;Mouthier-en-Bresse;C
71327;71;Mussy-sous-Dun;C
71328;71;Nanton;C
71329;71;Navilly;C
71330;71;Neuvy-Grandchamp;C
71331;71;Nochize;C
71332;71;Ormes;C
71333;71;Oslon;B2
71334;71;Oudry;C
71335;71;Ouroux-sous-le-Bois-Sainte-Marie;C
71336;71;Ouroux-sur-Saône;C
71337;71;Oyé;C
71338;71;Ozenay;C
71339;71;Ozolles;C
71340;71;Palinges;C
71341;71;Palleau;C
71342;71;Paray-le-Monial;C
71343;71;Paris-l'Hôpital;C
71344;71;Passy;C
71345;71;Péronne;C
71346;71;Perrecy-les-Forges;C
71347;71;Perreuil;C
71348;71;Perrigny-sur-Loire;C
71349;71;La Petite-Verrière;C
71350;71;Pierreclos;C
71351;71;Pierre-de-Bresse;C
71352;71;Le Planois;C
71353;71;Plottes;C
71354;71;Poisson;C
71355;71;Pontoux;C
71356;71;Pouilloux;C
71357;71;Pourlans;C
71358;71;Pressy-sous-Dondin;C
71359;71;Préty;C
71360;71;Prissé;C
71361;71;Prizy;C
71362;71;Pruzilly;C
71363;71;Le Puley;C
71364;71;La Racineuse;C
71365;71;Rancy;C
71366;71;Ratenelle;C
71367;71;Ratte;C
71368;71;Reclesne;C
71369;71;Remigny;C
71370;71;Rigny-sur-Arroux;C
71371;71;La Roche-Vineuse;C
71372;71;Romanèche-Thorins;C
71373;71;Romenay;C
71374;71;Rosey;C
71376;71;Roussillon-en-Morvan;C
71377;71;Royer;C
71378;71;Rully;C
71379;71;Sagy;C
71380;71;Saillenard;C
71381;71;Sailly;C
71382;71;Saint-Agnan;C
71383;71;Saint-Albain;C
71384;71;Saint-Ambreuil;C
71385;71;Saint-Amour-Bellevue;C
71386;71;Saint-André-en-Bresse;C
71387;71;Saint-André-le-Désert;C
71388;71;Saint-Aubin-en-Charollais;C
71389;71;Saint-Aubin-sur-Loire;C
71390;71;Saint-Berain-sous-Sanvignes;C
71391;71;Saint-Bérain-sur-Dheune;C
71392;71;Saint-Boil;C
71393;71;Saint-Bonnet-de-Cray;C
71394;71;Saint-Bonnet-de-Joux;C
71395;71;Saint-Bonnet-de-Vieille-Vigne;C
71396;71;Saint-Bonnet-en-Bresse;C
71397;71;Sainte-Cécile;C
71398;71;Saint-Christophe-en-Bresse;C
71399;71;Saint-Christophe-en-Brionnais;C
71400;71;Saint-Clément-sur-Guye;C
71401;71;Sainte-Croix-en-Bresse;C
71402;71;Saint-Cyr;C
71403;71;Saint-Denis-de-Vaux;C
71404;71;Saint-Désert;C
71405;71;Saint-Didier-en-Bresse;C
71406;71;Saint-Didier-en-Brionnais;C
71407;71;Saint-Didier-sur-Arroux;C
71408;71;Saint-Edmond;C
71409;71;Saint-Émiland;C
71410;71;Saint-Étienne-en-Bresse;C
71411;71;Saint-Eugène;C
71412;71;Saint-Eusèbe;C
71413;71;Saint-Firmin;C
71414;71;Saint-Forgeot;C
71415;71;Sainte-Foy;C
71416;71;Saint-Gengoux-de-Scissé;C
71417;71;Saint-Gengoux-le-National;C
71419;71;Saint-Germain-du-Bois;C
71420;71;Saint-Germain-du-Plain;C
71421;71;Saint-Germain-en-Brionnais;C
71422;71;Saint-Germain-lès-Buxy;C
71423;71;Saint-Gervais-en-Vallière;C
71424;71;Saint-Gervais-sur-Couches;C
71425;71;Saint-Gilles;C
71426;71;Sainte-Hélène;C
71427;71;Saint-Huruge;C
71428;71;Saint-Igny-de-Roche;C
71430;71;Saint-Jean-de-Vaux;C
71431;71;Saint-Jean-de-Trézy;C
71433;71;Saint-Julien-de-Civry;C
71434;71;Saint-Julien-de-Jonzy;C
71435;71;Saint-Julien-sur-Dheune;C
71436;71;Saint-Laurent-d'Andenay;C
71437;71;Saint-Laurent-en-Brionnais;C
71438;71;Saint-Léger-du-Bois;C
71439;71;Saint-Léger-lès-Paray;C
71440;71;Saint-Léger-sous-Beuvray;C
71441;71;Saint-Léger-sous-la-Bussière;C
71442;71;Saint-Léger-sur-Dheune;C
71443;71;Saint-Loup-Géanges;C
71444;71;Saint-Loup-de-Varennes;C
71445;71;Saint-Marcel;B2
71446;71;Saint-Marcelin-de-Cray;C
71447;71;Saint-Mard-de-Vaux;C
71448;71;Saint-Martin-Belle-Roche;C
71449;71;Saint-Martin-d'Auxy;C
71450;71;Saint-Martin-de-Commune;C
71451;71;Saint-Martin-de-Lixy;C
71452;71;Saint-Martin-de-Salencey;C
71453;71;Saint-Martin-du-Lac;C
71454;71;Saint-Martin-du-Mont;C
71455;71;Saint-Martin-du-Tartre;C
71456;71;Saint-Martin-en-Bresse;C
71457;71;Saint-Martin-en-Gâtinois;C
71458;71;Saint-Martin-la-Patrouille;C
71459;71;Saint-Martin-sous-Montaigu;C
71460;71;Saint-Maurice-de-Satonnay;C
71461;71;Saint-Maurice-des-Champs;C
71462;71;Saint-Maurice-en-Rivière;C
71463;71;Saint-Maurice-lès-Châteauneuf;C
71464;71;Saint-Maurice-lès-Couches;C
71465;71;Saint-Micaud;C
71466;71;Saint-Nizier-sur-Arroux;C
71468;71;Saint-Pierre-de-Varennes;C
71469;71;Saint-Pierre-le-Vieux;C
71470;71;Saint-Point;C
71471;71;Saint-Privé;C
71472;71;Saint-Prix;C
71473;71;Saint-Racho;C
71474;71;Sainte-Radegonde;C
71475;71;Saint-Rémy;B2
71477;71;Saint-Romain-sous-Gourdon;C
71478;71;Saint-Romain-sous-Versigny;C
71479;71;Saint-Sernin-du-Bois;C
71480;71;Saint-Sernin-du-Plain;C
71481;71;Saint-Symphorien-d'Ancelles;C
71482;71;Saint-Symphorien-de-Marmagne;C
71483;71;Saint-Symphorien-des-Bois;C
71484;71;Saint-Usuge;C
71485;71;Saint-Vallerin;C
71486;71;Saint-Vallier;C
71487;71;Saint-Vérand;C
71488;71;Saint-Vincent-des-Prés;C
71489;71;Saint-Vincent-en-Bresse;C
71490;71;Saint-Vincent-Bragny;C
71491;71;Saint-Yan;C
71493;71;Saisy;C
71494;71;La Salle;C
71495;71;Salornay-sur-Guye;C
71496;71;Sampigny-lès-Maranges;C
71497;71;Sancé;B2
71498;71;Santilly;C
71499;71;Sanvignes-les-Mines;C
71500;71;Sarry;C
71501;71;Sassangy;C
71502;71;Sassenay;C
71503;71;Saules;C
71504;71;Saunières;C
71505;71;Savianges;C
71506;71;Savigny-en-Revermont;C
71507;71;Savigny-sur-Grosne;C
71508;71;Savigny-sur-Seille;C
71509;71;La Celle-en-Morvan;C
71510;71;Semur-en-Brionnais;C
71512;71;Sennecey-le-Grand;C
71513;71;Senozan;C
71514;71;Sens-sur-Seille;C
71515;71;Sercy;C
71516;71;Serley;C
71517;71;Sermesse;C
71518;71;Serrières;C
71519;71;Serrigny-en-Bresse;C
71520;71;Sevrey;C
71521;71;Sigy-le-Châtel;C
71522;71;Simandre;C
71523;71;Simard;C
71524;71;Sivignon;C
71525;71;Sologny;C
71526;71;Solutré-Pouilly;C
71527;71;Sommant;C
71528;71;Sornay;C
71529;71;Suin;C
71530;71;Sully;C
71531;71;La Tagnière;C
71532;71;Taizé;C
71533;71;Tancon;C
71534;71;Le Tartre;C
71535;71;Tavernay;C
71537;71;Thil-sur-Arroux;C
71538;71;Thurey;C
71539;71;Tintry;C
71540;71;Torcy;C
71541;71;Torpes;C
71542;71;Toulon-sur-Arroux;C
71543;71;Tournus;C
71544;71;Toutenant;C
71545;71;Tramayes;C
71546;71;Trambly;C
71547;71;Trivy;C
71548;71;Tronchy;C
71549;71;La Truchère;C
71550;71;Uchizy;C
71551;71;Uchon;C
71552;71;Uxeau;C
71553;71;Vareilles;C
71554;71;Varenne-l'Arconce;C
71555;71;Varennes-le-Grand;C
71556;71;Varennes-lès-Mâcon;B2
71557;71;Varenne-Saint-Germain;C
71558;71;Varennes-Saint-Sauveur;C
71559;71;Varennes-sous-Dun;C
71561;71;Vauban;C
71562;71;Vaudebarrier;C
71563;71;Vaux-en-Pré;C
71564;71;Vendenesse-lès-Charolles;C
71565;71;Vendenesse-sur-Arroux;C
71566;71;Verdun-Ciel;C
71567;71;Vergisson;C
71568;71;Vérissey;C
71570;71;Verjux;C
71571;71;Verosvres;C
71572;71;Vers;C
71573;71;Versaugues;C
71574;71;Verzé;C
71576;71;Le Villars;C
71577;71;Villegaudin;C
71578;71;Clux-Villeneuve;C
71579;71;Villeneuve-en-Montagne;C
71580;71;Vincelles;C
71581;71;Vindecy;C
71582;71;La Vineuse sur Fregande;C
71583;71;Vinzelles;B2
71584;71;Viré;C
71585;71;Virey-le-Grand;C
71586;71;Viry;C
71588;71;Vitry-en-Charollais;C
71589;71;Vitry-sur-Loire;C
71590;71;Volesvres;C
71591;71;Fleurville;C
72001;72;Aigné;B2
72002;72;Aillières-Beauvoir;C
72003;72;Allonnes;B2
72004;72;Amné;C
72005;72;Ancinnes;C
72006;72;Arçonnay;C
72007;72;Ardenay-sur-Mérize;C
72008;72;Arnage;B2
72009;72;Arthezé;C
72010;72;Asnières-sur-Vègre;C
72011;72;Assé-le-Boisne;C
72012;72;Assé-le-Riboul;C
72013;72;Aubigné-Racan;C
72015;72;Les Aulneaux;C
72016;72;Auvers-le-Hamon;C
72017;72;Auvers-sous-Montfaucon;C
72018;72;Avesnes-en-Saosnois;C
72019;72;Avessé;C
72020;72;Avezé;C
72021;72;Avoise;C
72022;72;Le Bailleul;C
72023;72;Ballon-Saint Mars;C
72024;72;La Bazoge;C
72025;72;Bazouges Cré sur Loir;C
72026;72;Beaufay;C
72027;72;Beaumont-sur-Dême;C
72028;72;Beaumont-Pied-de-Bœuf;C
72029;72;Beaumont-sur-Sarthe;C
72031;72;Beillé;C
72032;72;Berfay;C
72034;72;Bérus;C
72035;72;Bessé-sur-Braye;C
72036;72;Béthon;C
72037;72;Blèves;C
72038;72;Boëssé-le-Sec;C
72039;72;Bonnétable;C
72040;72;La Bosse;C
72041;72;Bouër;C
72042;72;Bouloire;C
72043;72;Bourg-le-Roi;C
72044;72;Bousse;C
72045;72;Brains-sur-Gée;C
72046;72;Le Breil-sur-Mérize;C
72047;72;Brette-les-Pins;C
72048;72;Briosne-lès-Sables;C
72049;72;La Bruère-sur-Loir;C
72050;72;Brûlon;C
72051;72;Cérans-Foulletourte;C
72052;72;Chahaignes;C
72053;72;Challes;C
72054;72;Champagné;B2
72056;72;Champfleur;C
72057;72;Champrond;C
72058;72;Changé;B2
72059;72;Chantenay-Villedieu;C
72060;72;La Chapelle-aux-Choux;C
72061;72;La Chapelle-d'Aligné;C
72062;72;La Chapelle-du-Bois;C
72064;72;La Chapelle-Huon;C
72065;72;La Chapelle-Saint-Aubin;B2
72066;72;La Chapelle-Saint-Fray;C
72067;72;La Chapelle-Saint-Rémy;C
72068;72;La Chartre-sur-le-Loir;C
72070;72;Chassillé;C
72071;72;Montval-sur-Loir;C
72072;72;Château-l'Hermitage;C
72073;72;Chaufour-Notre-Dame;B2
72074;72;Chemiré-en-Charnie;C
72075;72;Chemiré-le-Gaudin;C
72076;72;Chenay;C
72077;72;Chenu;C
72078;72;Chérancé;C
72079;72;Chérisay;C
72080;72;Cherré-Au;C
72083;72;Chevillé;C
72084;72;Clermont-Créans;C
72085;72;Cogners;C
72086;72;Commerveil;C
72087;72;Conflans-sur-Anille;C
72088;72;Congé-sur-Orne;C
72089;72;Conlie;C
72090;72;Connerré;C
72091;72;Contilly;C
72093;72;Cormes;C
72094;72;Coudrecieux;C
72095;72;Coulaines;B1
72096;72;Coulans-sur-Gée;C
72098;72;Coulongé;C
72099;72;Courcebœufs;C
72100;72;Courcelles-la-Forêt;C
72101;72;Courcemont;C
72102;72;Courcival;C
72103;72;Courdemanche;C
72104;72;Courgains;C
72105;72;Courgenard;C
72106;72;Courtillers;C
72107;72;Crannes-en-Champagne;C
72109;72;Crissé;C
72110;72;Crosmières;C
72111;72;Cures;C
72112;72;Dangeul;C
72113;72;Degré;C
72114;72;Dehault;C
72115;72;Dissay-sous-Courcillon;C
72118;72;Dollon;C
72119;72;Domfront-en-Champagne;C
72120;72;Doucelles;C
72121;72;Douillet;C
72122;72;Duneau;C
72123;72;Dureil;C
72124;72;Écommoy;C
72125;72;Écorpain;C
72126;72;Épineu-le-Chevreuil;C
72127;72;Étival-lès-le-Mans;C
72128;72;Val-d'Étangson;C
72129;72;Fatines;B2
72130;72;Fay;B2
72131;72;Fercé-sur-Sarthe;C
72132;72;La Ferté-Bernard;C
72133;72;Fillé;C
72134;72;Flée;C
72135;72;La Fontaine-Saint-Martin;C
72136;72;Fontenay-sur-Vègre;C
72137;72;Villeneuve-en-Perseigne;C
72138;72;Fresnay-sur-Sarthe;C
72139;72;Fyé;C
72141;72;Gesnes-le-Gandelin;C
72142;72;Grandchamp;C
72143;72;Le Grand-Lucé;C
72144;72;Gréez-sur-Roc;C
72145;72;Le Grez;C
72146;72;Guécélard;B2
72147;72;La Guierche;C
72148;72;Jauzé;C
72149;72;Joué-en-Charnie;C
72150;72;Joué-l'Abbé;C
72151;72;Juigné-sur-Sarthe;C
72152;72;Juillé;C
72153;72;Jupilles;C
72154;72;La Flèche;C
72155;72;Laigné-Saint-Gervais;B2
72156;72;Lamnay;C
72157;72;Lavardin;C
72158;72;Lavaré;C
72160;72;Lavernat;C
72161;72;Lhomme;C
72163;72;Ligron;C
72164;72;Livet-en-Saosnois;C
72165;72;Lombron;C
72166;72;Longnes;C
72167;72;Louailles;C
72168;72;Loué;C
72169;72;Louplande;C
72170;72;Louvigny;C
72171;72;Louzes;C
72172;72;Le Luart;C
72173;72;Luceau;C
72174;72;Lucé-sous-Ballon;C
72175;72;Luché-Pringé;C
72176;72;Le Lude;C
72177;72;Maigné;C
72178;72;Maisoncelles;C
72179;72;Malicorne-sur-Sarthe;C
72180;72;Mamers;C
72181;72;Le Mans;B1
72182;72;Mansigné;C
72183;72;Marçon;C
72184;72;Mareil-en-Champagne;C
72185;72;Mareil-sur-Loir;C
72186;72;Maresché;C
72187;72;Marigné-Laillé;C
72188;72;Marollette;C
72189;72;Marolles-les-Braults;C
72190;72;Marolles-lès-Saint-Calais;C
72191;72;Mayet;C
72192;72;Les Mées;C
72193;72;Melleray;C
72194;72;Meurcé;C
72195;72;Mézeray;C
72196;72;Mézières-sur-Ponthouin;C
72197;72;Mézières-sous-Lavardin;C
72198;72;La Milesse;B2
72199;72;Moitron-sur-Sarthe;C
72200;72;Moncé-en-Belin;B2
72201;72;Moncé-en-Saosnois;C
72202;72;Monhoudou;C
72204;72;Montaillé;C
72205;72;Montbizot;C
72208;72;Montmirail;C
72209;72;Montreuil-le-Chétif;C
72210;72;Montreuil-le-Henri;C
72211;72;Mont-Saint-Jean;C
72212;72;Moulins-le-Carbonnel;C
72213;72;Mulsanne;B2
72214;72;Nauvay;C
72215;72;Neufchâtel-en-Saosnois;C
72216;72;Neuvillalais;C
72217;72;Neuville-sur-Sarthe;C
72218;72;Neuvillette-en-Charnie;C
72219;72;Bernay-Neuvy-en-Champagne;C
72220;72;Nogent-le-Bernard;C
72221;72;Nogent-sur-Loir;C
72222;72;Nouans;C
72223;72;Noyen-sur-Sarthe;C
72224;72;Nuillé-le-Jalais;C
72225;72;Oisseau-le-Petit;C
72226;72;Oizé;C
72227;72;Panon;C
72228;72;Parcé-sur-Sarthe;C
72229;72;Parennes;C
72230;72;Parigné-le-Pôlin;C
72231;72;Parigné-l'Évêque;C
72232;72;Notre-Dame-du-Pé;C
72233;72;Peray;C
72234;72;Pezé-le-Robert;C
72235;72;Piacé;C
72236;72;Pincé;C
72237;72;Pirmil;C
72238;72;Pizieux;C
72239;72;Poillé-sur-Vègre;C
72241;72;Montfort-le-Gesnois;C
72243;72;Pontvallain;C
72244;72;Précigné;C
72245;72;Préval;C
72246;72;Prévelles;C
72247;72;Pruillé-le-Chétif;B2
72248;72;Pruillé-l'Éguillé;C
72249;72;La Quinte;C
72250;72;Rahay;C
72251;72;René;C
72252;72;Requeil;C
72253;72;Roëzé-sur-Sarthe;C
72254;72;Rouessé-Fontaine;C
72255;72;Rouessé-Vassé;C
72256;72;Rouez;C
72257;72;Rouillon;B2
72259;72;Rouperroux-le-Coquet;C
72260;72;Ruaudin;B2
72261;72;Ruillé-en-Champagne;C
72262;72;Loir en Vallée;C
72264;72;Sablé-sur-Sarthe;C
72265;72;Saint-Aignan;C
72266;72;Saint-Aubin-de-Locquenay;C
72267;72;Saint-Aubin-des-Coudrais;C
72268;72;Saint-Biez-en-Belin;C
72269;72;Saint-Calais;C
72270;72;Saint-Calez-en-Saosnois;C
72271;72;Saint-Célerin;C
72272;72;Sainte-Cérotte;C
72273;72;Saint-Christophe-du-Jambet;C
72274;72;Saint-Christophe-en-Champagne;C
72275;72;Saint-Corneille;C
72276;72;Saint-Cosme-en-Vairais;C
72277;72;Saint-Denis-des-Coudrais;C
72278;72;Saint-Denis-d'Orques;C
72279;72;Saint-Georges-de-la-Couée;C
72280;72;Saint-Georges-du-Bois;B2
72281;72;Saint-Georges-du-Rosay;C
72282;72;Saint-Georges-le-Gaultier;C
72283;72;Saint-Germain-d'Arcé;C
72286;72;Saint-Gervais-de-Vic;C
72289;72;Sainte-Jamme-sur-Sarthe;C
72290;72;Saint-Jean-d'Assé;C
72291;72;Saint-Jean-de-la-Motte;C
72292;72;Saint-Jean-des-Échelles;C
72293;72;Saint-Jean-du-Bois;C
72294;72;Saint-Léonard-des-Bois;C
72295;72;Saint-Longis;C
72296;72;Saint-Maixent;C
72297;72;Saint-Marceau;C
72299;72;Saint-Mars-d'Outillé;C
72300;72;Saint-Mars-la-Brière;C
72302;72;Saint-Martin-des-Monts;C
72303;72;Saint-Michel-de-Chavaignes;C
72305;72;Saint-Ouen-de-Mimbré;C
72306;72;Saint-Ouen-en-Belin;C
72307;72;Saint-Ouen-en-Champagne;C
72308;72;Saint-Paterne - Le Chevain;C
72309;72;Saint-Paul-le-Gaultier;C
72310;72;Saint-Pavace;B2
72311;72;Saint-Pierre-de-Chevillé;C
72312;72;Saint-Pierre-des-Bois;C
72313;72;Saint-Pierre-des-Ormes;C
72314;72;Saint-Pierre-du-Lorouër;C
72315;72;Saint-Rémy-de-Sillé;C
72316;72;Saint-Rémy-des-Monts;C
72317;72;Saint-Rémy-du-Val;C
72319;72;Sainte-Sabine-sur-Longève;C
72320;72;Saint-Saturnin;B2
72321;72;Saint-Symphorien;C
72322;72;Saint-Ulphace;C
72323;72;Saint-Victeur;C
72324;72;Saint-Vincent-des-Prés;C
72325;72;Saint-Vincent-du-Lorouër;C
72326;72;Saosnes;C
72327;72;Sarcé;C
72328;72;Sargé-lès-le-Mans;B2
72329;72;Savigné-l'Évêque;C
72330;72;Savigné-sous-le-Lude;C
72331;72;Sceaux-sur-Huisne;C
72332;72;Ségrie;C
72333;72;Semur-en-Vallon;C
72334;72;Sillé-le-Guillaume;C
72335;72;Sillé-le-Philippe;C
72336;72;Solesmes;C
72337;72;Sougé-le-Ganelon;C
72338;72;Souillé;C
72339;72;Souligné-Flacé;C
72340;72;Souligné-sous-Ballon;C
72341;72;Soulitré;C
72342;72;Souvigné-sur-Même;C
72343;72;Souvigné-sur-Sarthe;C
72344;72;Spay;C
72345;72;Surfonds;C
72346;72;La Suze-sur-Sarthe;C
72347;72;Tassé;C
72348;72;Tassillé;C
72349;72;Teillé;C
72350;72;Teloché;B2
72351;72;Tennie;C
72352;72;Terrehault;C
72353;72;Théligny;C
72354;72;Thoigné;C
72355;72;Thoiré-sous-Contensor;C
72356;72;Thoiré-sur-Dinan;C
72357;72;Thorée-les-Pins;C
72358;72;Thorigné-sur-Dué;C
72359;72;Torcé-en-Vallée;C
72360;72;Trangé;B2
72361;72;Tresson;C
72362;72;Le Tronchet;C
72363;72;Tuffé Val de la Chéronne;C
72364;72;Vaas;C
72366;72;Valennes;C
72367;72;Vallon-sur-Gée;C
72368;72;Vancé;C
72369;72;Verneil-le-Chétif;C
72370;72;Vernie;C
72372;72;Vezot;C
72373;72;Vibraye;C
72374;72;Villaines-la-Carelle;C
72375;72;Villaines-la-Gonais;C
72376;72;Villaines-sous-Lucé;C
72377;72;Villaines-sous-Malicorne;C
72378;72;Vion;C
72379;72;Viré-en-Champagne;C
72380;72;Vivoin;C
72381;72;Voivres-lès-le-Mans;C
72382;72;Val-de-la-Hune;C
72383;72;Vouvray-sur-Huisne;C
72385;72;Yvré-le-Pôlin;C
72386;72;Yvré-l'Évêque;B2
73001;73;Aiguebelette-le-Lac;C
73003;73;Grand-Aigueblanche;B1
73004;73;Aillon-le-Jeune;C
73005;73;Aillon-le-Vieux;C
73006;73;Aime-la-Plagne;A
73007;73;Aiton;C
73008;73;Aix-les-Bains;A
73010;73;Entrelacs;B1
73011;73;Albertville;B1
73012;73;Albiez-le-Jeune;C
73013;73;Albiez-Montrond;C
73014;73;Allondaz;B2
73015;73;Les Allues;A
73017;73;Apremont;C
73018;73;Arbin;C
73019;73;Argentine;C
73020;73;Arith;C
73021;73;Arvillard;C
73022;73;Attignat-Oncin;C
73023;73;Aussois;C
73024;73;Les Avanchers-Valmorel;B1
73025;73;Avressieux;C
73026;73;Avrieux;C
73027;73;Ayn;C
73028;73;La Balme;C
73029;73;Barberaz;B1
73030;73;Barby;B1
73031;73;Bassens;A
73032;73;La Bâthie;B1
73033;73;La Bauche;C
73034;73;Beaufort;B1
73036;73;Bellecombe-en-Bauges;C
73039;73;Belmont-Tramonet;C
73040;73;Bessans;C
73041;73;Betton-Bettonet;C
73042;73;Billième;C
73043;73;La Biolle;B1
73047;73;Bonneval-sur-Arc;C
73048;73;Bonvillard;C
73049;73;Bonvillaret;C
73050;73;Bourdeau;B2
73051;73;Le Bourget-du-Lac;A
73052;73;Bourget-en-Huile;C
73053;73;Bourgneuf;C
73054;73;Bourg-Saint-Maurice;A
73055;73;Bozel;A
73057;73;Brides-les-Bains;A
73058;73;La Bridoire;C
73059;73;Brison-Saint-Innocent;B1
73061;73;Césarches;B1
73063;73;Cevins;C
73064;73;Challes-les-Eaux;A
73065;73;Chambéry;B1
73067;73;La Chambre;C
73068;73;Chamousset;C
73069;73;Chamoux-sur-Gelon;C
73070;73;Champagneux;C
73071;73;Champagny-en-Vanoise;C
73072;73;Champ-Laurent;C
73073;73;Chanaz;C
73074;73;La Chapelle;C
73075;73;La Chapelle-Blanche;C
73076;73;La Chapelle-du-Mont-du-Chat;B2
73077;73;Les Chapelles;C
73078;73;La Chapelle-Saint-Martin;C
73079;73;Châteauneuf;C
73081;73;Le Châtelard;C
73082;73;La Chavanne;C
73083;73;Les Chavannes-en-Maurienne;C
73084;73;Chignin;B1
73085;73;Chindrieux;C
73086;73;Cléry;C
73087;73;Cognin;B1
73088;73;Cohennoz;B1
73089;73;Coise-Saint-Jean-Pied-Gauthier;C
73090;73;La Compôte;C
73091;73;Conjux;B2
73092;73;Corbel;C
73094;73;Crest-Voland;B1
73095;73;La Croix-de-la-Rochette;C
73096;73;Cruet;C
73097;73;Curienne;C
73098;73;Les Déserts;C
73099;73;Détrier;C
73100;73;Domessin;C
73101;73;Doucy-en-Bauges;C
73103;73;Drumettaz-Clarafond;B1
73104;73;Dullin;C
73105;73;Les Échelles;C
73106;73;École;C
73107;73;Entremont-le-Vieux;C
73109;73;Épierre;C
73110;73;Esserts-Blay;C
73113;73;Feissons-sur-Salins;C
73114;73;Flumet;B1
73116;73;Fontcouverte-la-Toussuire;B1
73117;73;Fourneaux;B2
73119;73;Freney;C
73120;73;Fréterive;C
73121;73;Frontenex;C
73122;73;Gerbaix;C
73123;73;La Giettaz;B1
73124;73;Gilly-sur-Isère;B1
73128;73;Grésy-sur-Aix;A
73129;73;Grésy-sur-Isère;C
73130;73;Grignon;B1
73131;73;Hautecour;C
73132;73;Hauteluce;B1
73133;73;Hauteville;C
73135;73;La Tour-en-Maurienne;C
73137;73;Jacob-Bellecombette;A
73138;73;Jarrier;C
73139;73;Jarsy;C
73140;73;Jongieux;C
73141;73;Laissaud;C
73142;73;Landry;C
73145;73;Lépin-le-Lac;C
73146;73;Lescheraines;C
73147;73;Loisieux;C
73149;73;Lucey;C
73150;73;La Plagne Tarentaise;A
73151;73;Porte-de-Savoie;B1
73152;73;Marcieux;C
73153;73;Marthod;B2
73154;73;Mercury;B1
73155;73;Méry;B1
73156;73;Meyrieux-Trouet;C
73157;73;Modane;B2
73159;73;Les Mollettes;C
73160;73;Montagnole;B1
73161;73;Montagny;C
73162;73;Montailleur;C
73164;73;Montcel;B2
73166;73;Montendry;C
73168;73;Montgilbert;C
73170;73;Monthion;C
73171;73;Montmélian;B1
73173;73;Montricher-Albanne;C
73175;73;Montsapey;C
73176;73;Montvalezan;B1
73177;73;Montvernier;C
73178;73;La Motte-en-Bauges;C
73179;73;La Motte-Servolex;A
73180;73;Motz;C
73181;73;Moûtiers;B2
73182;73;Mouxy;B1
73183;73;Myans;C
73184;73;Nances;C
73186;73;Notre-Dame-de-Bellecombe;B1
73187;73;La Léchère;C
73188;73;Notre-Dame-des-Millières;C
73189;73;Notre-Dame-du-Cruet;C
73190;73;Notre-Dame-du-Pré;C
73191;73;Novalaise;C
73192;73;Le Noyer;C
73193;73;Ontex;B2
73194;73;Orelle;C
73196;73;Pallud;B1
73197;73;Peisey-Nancroix;C
73200;73;Planaise;C
73201;73;Planay;C
73202;73;Plancherine;C
73204;73;Le Pont-de-Beauvoisin;C
73205;73;Le Pontet;C
73206;73;Pralognan-la-Vanoise;C
73207;73;Presle;C
73208;73;Pugny-Chatenod;B1
73210;73;Puygros;C
73211;73;Queige;C
73212;73;Val-d'Arc;C
73213;73;La Ravoire;A
73214;73;Rochefort;C
73215;73;Valgelon-La Rochette;C
73216;73;Rognaix;C
73217;73;Rotherens;C
73218;73;Ruffieux;C
73219;73;Saint-Alban-de-Montbel;C
73220;73;Saint-Alban-d'Hurtières;C
73221;73;Saint-Alban-des-Villards;C
73222;73;Saint-Alban-Leysse;A
73223;73;Saint-André;C
73224;73;Saint-Avre;C
73225;73;Saint-Baldoph;B1
73226;73;Saint-Béron;C
73227;73;Courchevel;A
73228;73;Saint-Cassin;B1
73229;73;Saint-Christophe;C
73230;73;Saint-Colomban-des-Villards;C
73231;73;Saint-Étienne-de-Cuines;C
73232;73;Sainte-Foy-Tarentaise;B1
73233;73;Saint-Franc;C
73234;73;Saint-François-de-Sales;C
73235;73;Saint François Longchamp;B1
73236;73;Saint-Genix-les-Villages;C
73237;73;Saint-Georges-d'Hurtières;C
73240;73;Sainte-Hélène-du-Lac;C
73241;73;Sainte-Hélène-sur-Isère;C
73242;73;Saint-Jean-d'Arves;C
73243;73;Saint-Jean-d'Arvey;B1
73245;73;Saint-Jean-de-Chevelu;C
73246;73;Saint-Jean-de-Couz;C
73247;73;Saint-Jean-de-la-Porte;C
73248;73;Saint-Jean-de-Maurienne;B2
73249;73;Saint-Jeoire-Prieuré;B1
73250;73;Saint-Julien-Mont-Denis;C
73252;73;Saint-Léger;C
73253;73;Saint-Marcel;C
73254;73;Sainte-Marie-d'Alvey;C
73255;73;Sainte-Marie-de-Cuines;C
73256;73;Saint-Martin-d'Arc;C
73257;73;Les Belleville;A
73258;73;Saint-Martin-de-la-Porte;C
73259;73;Saint-Martin-sur-la-Chambre;C
73261;73;Saint-Michel-de-Maurienne;C
73262;73;Saint-Nicolas-la-Chapelle;C
73263;73;Saint-Offenge;B2
73265;73;Saint-Ours;B1
73267;73;Saint-Pancrace;C
73268;73;Saint-Paul-sur-Isère;C
73269;73;Saint-Paul-sur-Yenne;C
73270;73;Saint-Pierre-d'Albigny;C
73271;73;Saint-Pierre-d'Alvey;C
73272;73;Saint-Pierre-de-Belleville;C
73273;73;Saint-Pierre-de-Curtille;C
73274;73;Saint-Pierre-d'Entremont;C
73275;73;Saint-Pierre-de-Genebroz;C
73276;73;Saint-Pierre-de-Soucy;C
73277;73;Sainte-Reine;C
73278;73;Saint-Rémy-de-Maurienne;C
73280;73;Saint-Sorlin-d'Arves;C
73281;73;Saint-Sulpice;C
73282;73;Saint-Thibaud-de-Couz;C
73283;73;Saint-Vital;C
73284;73;Salins-Fontaine;C
73285;73;Séez;B1
73286;73;Serrières-en-Chautagne;C
73288;73;Sonnaz;B1
73289;73;La Table;C
73290;73;Val-Cenis;B1
73292;73;Thénésol;B2
73293;73;Thoiry;C
73294;73;La Thuile;C
73296;73;Tignes;A
73297;73;Tournon;C
73298;73;Tours-en-Savoie;B1
73299;73;Traize;C
73300;73;Tresserve;B1
73301;73;Trévignin;B1
73302;73;La Trinité;C
73303;73;Ugine;B2
73304;73;Val-d'Isère;A
73306;73;Valloire;B1
73307;73;Valmeinier;B1
73308;73;Venthon;B1
73309;73;Verel-de-Montbel;C
73310;73;Verel-Pragondran;B1
73311;73;Le Verneil;C
73312;73;Verrens-Arvey;C
73313;73;Verthemex;C
73314;73;Villard-d'Héry;C
73315;73;Villard-Léger;C
73316;73;Villard-Sallet;C
73317;73;Villard-sur-Doron;C
73318;73;Villarembert;C
73320;73;Villargondran;C
73322;73;Villarodin-Bourget;C
73323;73;Villaroger;C
73324;73;Villaroux;C
73326;73;Vimines;B1
73327;73;Vions;C
73328;73;Viviers-du-Lac;B1
73329;73;Voglans;B1
73330;73;Yenne;C
74001;74;Abondance;B1
74002;74;Alby-sur-Chéran;B1
74003;74;Alex;B1
74004;74;Allèves;B2
74005;74;Allinges;A
74006;74;Allonzier-la-Caille;A
74007;74;Amancy;A
74008;74;Ambilly;A
74009;74;Andilly;A
74010;74;Annecy;A
74012;74;Annemasse;A
74013;74;Anthy-sur-Léman;A
74014;74;Arâches-la-Frasse;A
74015;74;Arbusigny;B1
74016;74;Archamps;A
74018;74;Arenthon;B1
74019;74;Argonay;A
74020;74;Armoy;B1
74021;74;Arthaz-Pont-Notre-Dame;A
74024;74;Ayse;B1
74025;74;Ballaison;A
74026;74;La Balme-de-Sillingy;A
74027;74;La Balme-de-Thuy;B1
74029;74;Bassy;C
74030;74;La Baume;C
74031;74;Beaumont;A
74032;74;Bellevaux;C
74033;74;Bernex;B2
74034;74;Le Biot;B1
74035;74;Bloye;C
74036;74;Bluffy;A
74037;74;Boëge;B1
74038;74;Bogève;B2
74040;74;Bonne;A
74041;74;Bonnevaux;C
74042;74;Bonneville;B1
74043;74;Bons-en-Chablais;A
74044;74;Bossey;A
74045;74;Le Bouchet-Mont-Charvin;C
74046;74;Boussy;B1
74048;74;Brenthonne;B1
74049;74;Brizon;B1
74050;74;Burdignin;B1
74051;74;Cercier;B1
74052;74;Cernex;B1
74053;74;Cervens;B1
74054;74;Chainaz-les-Frasses;B1
74055;74;Challonges;C
74056;74;Chamonix-Mont-Blanc;Abis
74057;74;Champanges;B1
74058;74;La Chapelle-d'Abondance;B1
74059;74;La Chapelle-Rambaud;B1
74060;74;La Chapelle-Saint-Maurice;B2
74061;74;Chapeiry;B1
74062;74;Charvonnex;A
74063;74;Châtel;A
74064;74;Châtillon-sur-Cluses;B1
74065;74;Chaumont;B1
74066;74;Chavannaz;B1
74067;74;Chavanod;B1
74068;74;Chêne-en-Semine;B1
74069;74;Chênex;A
74070;74;Chens-sur-Léman;A
74071;74;Chessenaz;B1
74072;74;Chevaline;C
74073;74;Chevenoz;B1
74074;74;Chevrier;A
74075;74;Chilly;B1
74076;74;Choisy;B1
74077;74;Clarafond-Arcine;B1
74078;74;Clermont;C
74079;74;Les Clefs;C
74080;74;La Clusaz;Abis
74081;74;Cluses;B1
74082;74;Collonges-sous-Salève;Abis
74083;74;Combloux;A
74085;74;Les Contamines-Montjoie;A
74086;74;Contamine-Sarzin;B1
74087;74;Contamine-sur-Arve;A
74088;74;Copponex;B1
74089;74;Cordon;B1
74090;74;Cornier;B1
74091;74;La Côte-d'Arbroz;B1
74094;74;Cranves-Sales;A
74095;74;Crempigny-Bonneguête;B1
74096;74;Cruseilles;A
74097;74;Cusy;B1
74098;74;Cuvat;A
74099;74;Demi-Quartier;Abis
74100;74;Desingy;B1
74101;74;Dingy-en-Vuache;A
74102;74;Dingy-Saint-Clair;B1
74103;74;Domancy;B1
74104;74;Doussard;A
74105;74;Douvaine;A
74106;74;Draillant;B1
74107;74;Droisy;C
74108;74;Duingt;A
74109;74;Éloise;B1
74111;74;Entrevernes;A
74112;74;Epagny Metz-Tessy;A
74114;74;Essert-Romand;B1
74116;74;Etaux;B1
74117;74;Étercy;B1
74118;74;Étrembières;A
74119;74;Évian-les-Bains;A
74121;74;Excenevex;A
74122;74;Faucigny;A
74123;74;Faverges-Seythenex;B1
74124;74;Feigères;A
74126;74;Fessy;B1
74127;74;Féternes;B1
74128;74;Fillinges;A
74129;74;La Forclaz;B1
74130;74;Franclens;C
74131;74;Frangy;B1
74133;74;Gaillard;A
74134;74;Les Gets;A
74135;74;Giez;C
74136;74;Le Grand-Bornand;A
74137;74;Groisy;A
74138;74;Gruffy;B2
74139;74;Habère-Lullin;B2
74140;74;Habère-Poche;B2
74141;74;Hauteville-sur-Fier;B1
74142;74;Héry-sur-Alby;B1
74143;74;Les Houches;Abis
74144;74;Jonzier-Épagny;B1
74145;74;Juvigny;A
74146;74;Larringes;B1
74147;74;Lathuile;B1
74148;74;Leschaux;B2
74150;74;Loisin;B1
74151;74;Lornay;B1
74152;74;Lovagny;B1
74153;74;Lucinges;A
74154;74;Lugrin;B1
74155;74;Lullin;C
74156;74;Lully;B1
74157;74;Lyaud;B1
74158;74;Machilly;A
74159;74;Magland;B2
74160;74;Manigod;A
74161;74;Marcellaz-Albanais;B1
74162;74;Marcellaz;A
74163;74;Margencel;B1
74164;74;Marignier;B1
74165;74;Marigny-Saint-Marcel;B1
74166;74;Marin;B1
74167;74;Val de Chaise;C
74168;74;Marlioz;B1
74169;74;Marnaz;B1
74170;74;Massingy;C
74171;74;Massongy;A
74172;74;Maxilly-sur-Léman;B1
74173;74;Megève;Abis
74174;74;Mégevette;B1
74175;74;Meillerie;B1
74176;74;Menthon-Saint-Bernard;A
74177;74;Menthonnex-en-Bornes;A
74178;74;Menthonnex-sous-Clermont;B1
74179;74;Mésigny;B1
74180;74;Messery;A
74183;74;Mieussy;B1
74184;74;Minzier;B1
74185;74;Monnetier-Mornex;A
74186;74;Montagny-les-Lanches;B1
74188;74;Montriond;A
74189;74;Mont-Saxonnex;B2
74190;74;Morillon;A
74191;74;Morzine;A
74192;74;Moye;C
74193;74;La Muraz;B1
74194;74;Mûres;B1
74195;74;Musièges;B1
74196;74;Nancy-sur-Cluses;B2
74197;74;Nangy;A
74198;74;Nâves-Parmelan;B1
74199;74;Nernier;A
74200;74;Neuvecelle;A
74201;74;Neydens;A
74202;74;Nonglard;B1
74203;74;Novel;B1
74205;74;Onnion;C
74206;74;Orcier;B1
74208;74;Passy;B1
74209;74;Peillonnex;B1
74210;74;Perrignier;A
74211;74;Pers-Jussy;A
74212;74;Glières-Val-de-Borne;B1
74213;74;Poisy;A
74215;74;Praz-sur-Arly;A
74216;74;Présilly;A
74218;74;Publier;A
74219;74;Quintal;B1
74220;74;Reignier-Ésery;A
74221;74;Le Reposoir;B2
74222;74;Reyvroz;B2
74223;74;La Rivière-Enverse;B1
74224;74;La Roche-sur-Foron;A
74225;74;Rumilly;A
74226;74;Saint-André-de-Boëge;B1
74228;74;Saint-Blaise;A
74229;74;Saint-Cergues;A
74231;74;Saint-Eusèbe;B1
74232;74;Saint-Eustache;B2
74233;74;Saint-Félix;B1
74234;74;Saint-Ferréol;C
74235;74;Saint-Germain-sur-Rhône;C
74236;74;Saint-Gervais-les-Bains;A
74237;74;Saint-Gingolph;B1
74238;74;Saint-Jean-d'Aulps;B1
74239;74;Saint-Jean-de-Sixt;A
74240;74;Saint-Jean-de-Tholome;B1
74241;74;Saint-Jeoire;B1
74242;74;Saint-Jorioz;A
74243;74;Saint-Julien-en-Genevois;Abis
74244;74;Saint-Laurent;B1
74249;74;Saint-Paul-en-Chablais;B1
74250;74;Saint-Pierre-en-Faucigny;A
74252;74;Saint-Sigismond;B1
74253;74;Saint-Sixt;B1
74254;74;Saint-Sylvestre;B1
74255;74;Sales;B1
74256;74;Sallanches;A
74257;74;Sallenôves;B1
74258;74;Samoëns;A
74259;74;Le Sappey;A
74260;74;Savigny;B1
74261;74;Saxel;B1
74262;74;Scientrier;B1
74263;74;Sciez;A
74264;74;Scionzier;B1
74265;74;Serraval;C
74266;74;Servoz;A
74267;74;Sevrier;A
74269;74;Seyssel;B2
74271;74;Seytroux;B1
74272;74;Sillingy;A
74273;74;Sixt-Fer-à-Cheval;B1
74275;74;Talloires-Montmin;A
74276;74;Taninges;A
74278;74;Thyez;B1
74279;74;Thollon-les-Mémises;B1
74280;74;Thônes;A
74281;74;Thonon-les-Bains;A
74282;74;Fillière;A
74283;74;Thusy;B1
74284;74;La Tour;A
74285;74;Usinens;B1
74286;74;Vacheresse;B2
74287;74;Vailly;B2
74288;74;Valleiry;A
74289;74;Vallières-sur-Fier;B1
74290;74;Vallorcine;B1
74291;74;Vanzy;B1
74292;74;Vaulx;B1
74293;74;Veigy-Foncenex;A
74294;74;Verchaix;B1
74295;74;La Vernaz;B1
74296;74;Vers;B1
74297;74;Versonnex;B1
74298;74;Vétraz-Monthoux;A
74299;74;Veyrier-du-Lac;A
74301;74;Villard;B1
74302;74;Les Villards-sur-Thônes;B1
74303;74;Villaz;A
74304;74;Ville-en-Sallaz;B1
74305;74;Ville-la-Grand;A
74306;74;Villy-le-Bouveret;A
74307;74;Villy-le-Pelloux;A
74308;74;Vinzier;B1
74309;74;Viry;A
74310;74;Viuz-la-Chiésaz;B1
74311;74;Viuz-en-Sallaz;A
74312;74;Vougy;B1
74313;74;Vovray-en-Bornes;A
74314;74;Vulbens;A
74315;74;Yvoire;A
75056;75;Paris;Abis
76001;76;Allouville-Bellefosse;C
76002;76;Alvimare;C
76004;76;Ambrumesnil;C
76005;76;Amfreville-la-Mi-Voie;B1
76006;76;Amfreville-les-Champs;C
76007;76;Anceaumeville;C
76008;76;Ancourt;C
76009;76;Ancourteville-sur-Héricourt;C
76010;76;Ancretiéville-Saint-Victor;C
76011;76;Ancretteville-sur-Mer;C
76012;76;Angerville-Bailleul;C
76013;76;Angerville-la-Martel;C
76014;76;Angerville-l'Orcher;C
76015;76;Angiens;C
76016;76;Anglesqueville-la-Bras-Long;C
76017;76;Anglesqueville-l'Esneval;C
76018;76;Val-de-Saâne;C
76019;76;Anneville-sur-Scie;C
76020;76;Anneville-Ambourville;C
76021;76;Annouville-Vilmesnil;C
76022;76;Anquetierville;C
76023;76;Anvéville;C
76024;76;Ardouval;C
76025;76;Argueil;C
76026;76;Arques-la-Bataille;B1
76028;76;Aubéguimont;C
76029;76;Aubermesnil-aux-Érables;C
76030;76;Aubermesnil-Beaumais;C
76032;76;Auberville-la-Manuel;C
76033;76;Auberville-la-Renault;C
76034;76;Val-de-Scie;C
76035;76;Aumale;C
76036;76;Auppegard;C
76038;76;Authieux-Ratiéville;C
76039;76;Les Authieux-sur-le-Port-Saint-Ouen;B2
76040;76;Autigny;C
76041;76;Les Hauts-de-Caux;C
76042;76;Auvilliers;C
76043;76;Auzebosc;C
76045;76;Auzouville-l'Esneval;C
76046;76;Auzouville-sur-Ry;C
76047;76;Auzouville-sur-Saâne;C
76048;76;Avesnes-en-Bray;C
76049;76;Avesnes-en-Val;C
76050;76;Avremesnil;C
76051;76;Bacqueville-en-Caux;C
76052;76;Bailleul-Neuville;C
76053;76;Baillolet;C
76054;76;Bailly-en-Rivière;C
76055;76;Baons-le-Comte;C
76056;76;Bardouville;C
76057;76;Barentin;B1
76058;76;Baromesnil;C
76059;76;Bazinval;C
76060;76;Beaubec-la-Rosière;C
76062;76;Beaumont-le-Hareng;C
76063;76;Beauval-en-Caux;C
76064;76;Beaurepaire;C
76065;76;Beaussault;C
76066;76;Beautot;C
76067;76;Beauvoir-en-Lyons;C
76068;76;Bec-de-Mortagne;C
76069;76;Belbeuf;B1
76070;76;Bellencombre;C
76071;76;Bellengreville;C
76072;76;Belleville-en-Caux;C
76074;76;La Bellière;C
76075;76;Belmesnil;C
76076;76;Bénarville;C
76077;76;Bénesville;C
76079;76;Bénouville;C
76082;76;Bernières;C
76083;76;Bertheauville;C
76084;76;Bertreville;C
76085;76;Bertreville-Saint-Ouen;C
76086;76;Bertrimont;C
76087;76;Berville-en-Caux;C
76088;76;Berville-sur-Seine;C
76090;76;Beuzeville-la-Grenier;C
76091;76;Beuzeville-la-Guérard;C
76092;76;Beuzevillette;C
76093;76;Bézancourt;C
76094;76;Bierville;C
76095;76;Bihorel;B1
76096;76;Biville-la-Baignarde;C
76097;76;Biville-la-Rivière;C
76099;76;Blacqueville;C
76100;76;Blainville-Crevon;C
76101;76;Blangy-sur-Bresle;C
76103;76;Bonsecours;B1
76104;76;Blosseville;C
76105;76;Le Bocasse;C
76106;76;Bois-d'Ennebourg;C
76107;76;Bois-Guilbert;C
76108;76;Bois-Guillaume;B1
76109;76;Bois-Héroult;C
76110;76;Bois-Himont;C
76111;76;Bois-l'Évêque;C
76112;76;Le Bois-Robert;C
76113;76;Boissay;C
76114;76;Bolbec;B2
76115;76;Bolleville;C
76116;76;Boos;B1
76117;76;Bordeaux-Saint-Clair;C
76118;76;Bornambusc;C
76119;76;Bosc-Bérenger;C
76120;76;Bosc-Bordel;C
76121;76;Bosc-Édeline;C
76122;76;Callengeville;C
76123;76;Bosc-Guérard-Saint-Adrien;C
76124;76;Bosc-Hyons;C
76125;76;Bosc-le-Hard;C
76126;76;Bosc-Mesnil;C
76128;76;Bosville;C
76129;76;Boudeville;C
76130;76;Bouelles;C
76131;76;La Bouille;B2
76132;76;Bourdainville;C
76133;76;Le Bourg-Dun;C
76134;76;Bourville;C
76135;76;Bouville;C
76136;76;Brachy;C
76138;76;Bracquetuit;C
76139;76;Bradiancourt;C
76140;76;Brametot;C
76141;76;Bréauté;C
76142;76;Brémontier-Merval;C
76143;76;Bretteville-du-Grand-Caux;C
76144;76;Bretteville-Saint-Laurent;C
76146;76;Buchy;C
76147;76;Bully;C
76148;76;Bures-en-Bray;C
76149;76;Butot;C
76151;76;Cailleville;C
76152;76;Cailly;C
76153;76;Calleville-les-Deux-Églises;C
76154;76;Campneuseville;C
76155;76;Canehan;C
76156;76;Canouville;C
76157;76;Canteleu;B1
76158;76;Canville-les-Deux-Églises;C
76159;76;Cany-Barville;C
76160;76;Carville-la-Folletière;C
76161;76;Carville-Pot-de-Fer;C
76162;76;Le Catelier;C
76163;76;Catenay;C
76164;76;Rives-en-Seine;C
76165;76;Caudebec-lès-Elbeuf;B1
76166;76;Le Caule-Sainte-Beuve;C
76167;76;Cauville-sur-Mer;B1
76168;76;Les Cent-Acres;C
76169;76;La Cerlangue;C
76170;76;La Chapelle-du-Bourgay;C
76171;76;La Chapelle-Saint-Ouen;C
76172;76;La Chapelle-sur-Dun;C
76173;76;La Chaussée;C
76174;76;Cideville;C
76175;76;Clais;C
76176;76;Clasville;C
76177;76;Claville-Motteville;C
76178;76;Cléon;B1
76179;76;Clères;C
76180;76;Cleuville;C
76181;76;Cléville;C
76182;76;Cliponville;C
76183;76;Colleville;C
76184;76;Colmesnil-Manneville;C
76185;76;Compainville;C
76186;76;Conteville;C
76187;76;Contremoulins;C
76188;76;Cottévrard;C
76189;76;Crasville-la-Mallet;C
76190;76;Crasville-la-Rocquefort;C
76192;76;Criel-sur-Mer;C
76193;76;La Crique;C
76194;76;Criquebeuf-en-Caux;B2
76195;76;Criquetot-le-Mauconduit;C
76196;76;Criquetot-l'Esneval;C
76197;76;Criquetot-sur-Longueville;C
76198;76;Criquetot-sur-Ouville;C
76199;76;Criquiers;C
76200;76;Critot;C
76201;76;Croisy-sur-Andelle;C
76202;76;Croixdalle;C
76203;76;Croix-Mare;C
76204;76;Cropus;C
76205;76;Crosville-sur-Scie;C
76206;76;Cuverville;C
76207;76;Cuverville-sur-Yères;C
76208;76;Cuy-Saint-Fiacre;C
76209;76;Dampierre-en-Bray;C
76210;76;Dampierre-Saint-Nicolas;C
76211;76;Dancourt;C
76212;76;Darnétal;B1
76213;76;Daubeuf-Serville;C
76214;76;Dénestanville;C
76216;76;Déville-lès-Rouen;B1
76217;76;Dieppe;B1
76218;76;Doudeauville;C
76219;76;Doudeville;C
76220;76;Douvrend;C
76221;76;Drosay;C
76222;76;Duclair;C
76223;76;Écalles-Alix;C
76224;76;Écrainville;C
76225;76;Écretteville-lès-Baons;C
76226;76;Écretteville-sur-Mer;C
76227;76;Ectot-l'Auber;C
76228;76;Ectot-lès-Baons;C
76229;76;Elbeuf-en-Bray;C
76230;76;Elbeuf-sur-Andelle;C
76231;76;Elbeuf;B1
76232;76;Életot;C
76233;76;Ellecourt;C
76234;76;Émanville;C
76235;76;Envermeu;C
76236;76;Envronville;C
76237;76;Épinay-sur-Duclair;C
76238;76;Épouville;B1
76239;76;Épretot;C
76240;76;Épreville;C
76241;76;Ermenouville;C
76242;76;Ernemont-la-Villette;C
76243;76;Ernemont-sur-Buchy;C
76244;76;Esclavelles;C
76245;76;Eslettes;C
76247;76;Esteville;C
76249;76;Étaimpuis;C
76250;76;Étainhus;C
76251;76;Étalleville;C
76252;76;Étalondes;C
76253;76;Étoutteville;C
76254;76;Étretat;C
76255;76;Eu;B2
76257;76;Fallencourt;C
76258;76;Terres-de-Caux;C
76259;76;Fécamp;B1
76260;76;Ferrières-en-Bray;C
76261;76;La Ferté-Saint-Samson;C
76262;76;Fesques;C
76263;76;La Feuillie;C
76264;76;Flamanville;C
76265;76;Flamets-Frétils;C
76266;76;Flocques;B2
76268;76;Fongueusemare;C
76269;76;Fontaine-en-Bray;C
76270;76;Fontaine-la-Mallet;B1
76271;76;Fontaine-le-Bourg;C
76272;76;Fontaine-le-Dun;C
76273;76;Fontaine-sous-Préaux;B1
76274;76;La Fontelaye;C
76275;76;Fontenay;B1
76276;76;Forges-les-Eaux;C
76278;76;Foucarmont;C
76279;76;Foucart;C
76280;76;Fréauville;C
76281;76;La Frénaye;C
76282;76;Freneuse;B1
76283;76;Fresles;C
76284;76;Fresnay-le-Long;C
76285;76;Fresne-le-Plan;C
76286;76;Fresnoy-Folny;C
76287;76;Fresquiennes;C
76288;76;Freulleville;C
76289;76;Saint Martin de l'If;C
76290;76;Frichemesnil;C
76291;76;Froberville;C
76292;76;Fry;C
76293;76;Fultot;C
76294;76;La Gaillarde;C
76295;76;Gaillefontaine;C
76296;76;Gainneville;B1
76297;76;Gancourt-Saint-Étienne;C
76298;76;Ganzeville;C
76299;76;Gerponville;C
76300;76;Gerville;C
76302;76;Goderville;C
76303;76;Gommerville;C
76304;76;Gonfreville-Caillot;C
76305;76;Gonfreville-l'Orcher;B1
76306;76;Gonnetot;C
76307;76;Gonneville-la-Mallet;C
76308;76;Gonneville-sur-Scie;C
76309;76;Gonzeville;C
76311;76;Goupillières;C
76312;76;Gournay-en-Bray;C
76313;76;Gouy;B2
76314;76;Graimbouville;C
76315;76;Grainville-la-Teinturière;C
76316;76;Grainville-sur-Ry;C
76317;76;Grainville-Ymauville;C
76318;76;Grand-Camp;C
76319;76;Grand-Couronne;B1
76320;76;Grandcourt;C
76321;76;Les Grandes-Ventes;C
76322;76;Le Grand-Quevilly;B1
76323;76;Graval;C
76324;76;Grèges;C
76325;76;Grémonville;C
76327;76;Greuville;C
76328;76;Grigneuseville;C
76329;76;Gruchet-le-Valasse;C
76330;76;Gruchet-Saint-Siméon;C
76331;76;Grugny;C
76332;76;Grumesnil;C
76333;76;Guerville;C
76334;76;Gueures;C
76335;76;Gueutteville;C
76336;76;Gueutteville-les-Grès;C
76338;76;La Hallotière;C
76339;76;Le Hanouard;C
76340;76;Harcanville;C
76341;76;Harfleur;B1
76342;76;Hattenville;C
76343;76;Haucourt;C
76344;76;Haudricourt;C
76345;76;Haussez;C
76346;76;Hautot-l'Auvray;C
76347;76;Hautot-le-Vatois;C
76348;76;Hautot-Saint-Sulpice;C
76349;76;Hautot-sur-Mer;C
76350;76;Hautot-sur-Seine;B2
76351;76;Le Havre;B1
76352;76;La Haye;C
76353;76;Héberville;C
76354;76;Hénouville;C
76355;76;Héricourt-en-Caux;C
76356;76;Hermanville;C
76357;76;Hermeville;C
76359;76;Héronchelles;C
76360;76;Heugleville-sur-Scie;C
76361;76;Heuqueville;C
76362;76;Heurteauville;C
76363;76;Hodeng-au-Bosc;C
76364;76;Hodeng-Hodenger;C
76365;76;Houdetot;C
76366;76;Le Houlme;B1
76367;76;Houppeville;B2
76368;76;Houquetot;C
76369;76;La Houssaye-Béranger;C
76370;76;Hugleville-en-Caux;C
76371;76;Les Ifs;C
76372;76;Illois;C
76373;76;Imbleville;C
76374;76;Incheville;B2
76375;76;Ingouville;C
76377;76;Isneauville;B1
76378;76;Jumièges;C
76379;76;Lamberville;C
76380;76;Lammerville;C
76381;76;Landes-Vieilles-et-Neuves;C
76382;76;Lanquetot;C
76383;76;Lestanville;C
76384;76;Lillebonne;B1
76385;76;Limésy;C
76386;76;Limpiville;C
76387;76;Lindebeuf;C
76388;76;Lintot;C
76389;76;Lintot-les-Bois;C
76390;76;Les Loges;C
76391;76;La Londe;B1
76392;76;Londinières;C
76393;76;Longmesnil;C
76394;76;Longroy;C
76395;76;Longueil;C
76396;76;Longuerue;C
76397;76;Longueville-sur-Scie;C
76398;76;Louvetot;C
76399;76;Lucy;C
76400;76;Luneray;C
76401;76;Arelaune-en-Seine;C
76402;76;Malaunay;B1
76403;76;Malleville-les-Grès;C
76404;76;Manéglise;B1
76405;76;Manéhouville;C
76406;76;Maniquerville;C
76407;76;Manneville-ès-Plains;C
76408;76;Manneville-la-Goupil;C
76409;76;Mannevillette;B2
76410;76;Maromme;B1
76411;76;Marques;C
76412;76;Martainville-Épreville;C
76413;76;Martigny;C
76414;76;Martin-Église;B2
76415;76;Massy;C
76416;76;Mathonville;C
76417;76;Maucomble;C
76418;76;Maulévrier-Sainte-Gertrude;C
76419;76;Mauny;C
76420;76;Mauquenchy;C
76421;76;Mélamare;C
76422;76;Melleville;C
76423;76;Ménerval;C
76424;76;Ménonval;C
76425;76;Mentheville;C
76426;76;Mésangueville;C
76427;76;Mesnières-en-Bray;C
76428;76;Le Mesnil-Durdent;C
76429;76;Le Mesnil-Esnard;B1
76430;76;Mesnil-Follemprise;C
76431;76;Le Mesnil-Lieubray;C
76432;76;Mesnil-Mauger;C
76433;76;Mesnil-Panneville;C
76434;76;Mesnil-Raoul;C
76435;76;Le Mesnil-Réaume;C
76436;76;Le Mesnil-sous-Jumièges;C
76437;76;Meulers;C
76438;76;Millebosc;C
76439;76;Mirville;C
76440;76;Molagnies;C
76441;76;Monchaux-Soreng;C
76442;76;Monchy-sur-Eu;C
76443;76;Mont-Cauvaire;C
76445;76;Montérolier;C
76446;76;Montigny;C
76447;76;Montivilliers;B1
76448;76;Montmain;B2
76449;76;Montreuil-en-Caux;C
76450;76;Montroty;C
76451;76;Mont-Saint-Aignan;B1
76452;76;Montville;B1
76453;76;Morgny-la-Pommeraye;C
76454;76;Mortemer;C
76455;76;Morville-le-Héron;C
76456;76;Motteville;C
76457;76;Moulineaux;B1
76458;76;Muchedent;C
76459;76;Nesle-Hodeng;C
76460;76;Nesle-Normandeuse;C
76461;76;Neufbosc;C
76462;76;Neufchâtel-en-Bray;C
76463;76;Neuf-Marché;C
76464;76;La Neuville-Chant-d'Oisel;B2
76465;76;Neuville-Ferrières;C
76467;76;Néville;C
76468;76;Nointot;C
76469;76;Nolléval;C
76470;76;Normanville;C
76471;76;Norville;C
76472;76;Notre-Dame-d'Aliermont;C
76473;76;Notre-Dame-de-Bliquetuit;C
76474;76;Notre-Dame-de-Bondeville;B1
76475;76;Franqueville-Saint-Pierre;B1
76476;76;Port-Jérôme-sur-Seine;B1
76477;76;Notre-Dame-du-Bec;B1
76478;76;Notre-Dame-du-Parc;C
76479;76;Nullemont;C
76480;76;Ocqueville;C
76481;76;Octeville-sur-Mer;B1
76482;76;Offranville;B1
76483;76;Oherville;C
76484;76;Oissel;B1
76485;76;Omonville;C
76486;76;Orival;B1
76487;76;Osmoy-Saint-Valery;C
76488;76;Ouainville;C
76489;76;Oudalle;C
76490;76;Ourville-en-Caux;C
76491;76;Ouville-l'Abbaye;C
76492;76;Ouville-la-Rivière;C
76493;76;Paluel;C
76494;76;Parc-d'Anxtot;C
76495;76;Pavilly;B2
76497;76;Petit-Couronne;B1
76498;76;Le Petit-Quevilly;B1
76499;76;Petiville;C
76500;76;Pierrecourt;C
76501;76;Pierrefiques;C
76502;76;Pierreval;C
76503;76;Pissy-Pôville;C
76504;76;Pleine-Sève;C
76505;76;Pommereux;C
76506;76;Pommeréval;C
76507;76;Ponts-et-Marais;B2
76508;76;La Poterie-Cap-d'Antifer;C
76509;76;Préaux;C
76510;76;Prétot-Vicquemare;C
76511;76;Preuseville;C
76512;76;Puisenval;C
76513;76;Quevillon;C
76514;76;Quévreville-la-Poterie;B2
76515;76;Quiberville-sur-Mer;C
76516;76;Quièvrecourt;C
76517;76;Quincampoix;B1
76518;76;Raffetot;C
76519;76;Rainfreville;C
76520;76;Réalcamp;C
76521;76;Rebets;C
76522;76;La Remuée;C
76523;76;Rétonval;C
76524;76;Reuville;C
76526;76;Ricarville-du-Val;C
76527;76;Richemont;C
76528;76;Rieux;C
76529;76;Riville;C
76530;76;Robertot;C
76531;76;Rocquefort;C
76532;76;Rocquemont;C
76533;76;Rogerville;B2
76534;76;Rolleville;B1
76535;76;Roncherolles-en-Bray;C
76536;76;Roncherolles-sur-le-Vivier;B2
76537;76;Ronchois;C
76538;76;Rosay;C
76540;76;Rouen;B1
76541;76;Roumare;C
76542;76;Routes;C
76543;76;Rouville;C
76544;76;Rouvray-Catillon;C
76545;76;Rouxmesnil-Bouteilles;B2
76546;76;Royville;C
76547;76;La Rue-Saint-Pierre;C
76548;76;Ry;C
76549;76;Saâne-Saint-Just;C
76550;76;Sahurs;B2
76551;76;Sainneville;C
76552;76;Sainte-Adresse;B1
76553;76;Sainte-Agathe-d'Aliermont;C
76554;76;Saint-Aignan-sur-Ry;C
76555;76;Saint-André-sur-Cailly;C
76556;76;Saint-Antoine-la-Forêt;C
76557;76;Saint-Arnoult;C
76558;76;Saint-Aubin-Celloville;B2
76559;76;Saint-Aubin-de-Crétot;C
76560;76;Saint-Aubin-Épinay;B1
76561;76;Saint-Aubin-lès-Elbeuf;B1
76562;76;Saint-Aubin-le-Cauf;C
76563;76;Saint-Aubin-Routot;C
76564;76;Saint-Aubin-sur-Mer;C
76565;76;Saint-Aubin-sur-Scie;B2
76566;76;Sainte-Austreberthe;C
76567;76;Sainte-Beuve-en-Rivière;C
76568;76;Saint-Clair-sur-les-Monts;C
76569;76;Sainte-Colombe;C
76570;76;Saint-Crespin;C
76571;76;Sainte-Croix-sur-Buchy;C
76572;76;Saint-Denis-d'Aclon;C
76573;76;Saint-Denis-le-Thiboult;C
76574;76;Saint-Denis-sur-Scie;C
76575;76;Saint-Étienne-du-Rouvray;B1
76576;76;Saint-Eustache-la-Forêt;C
76577;76;Sainte-Foy;C
76578;76;Sainte-Geneviève;C
76580;76;Saint-Georges-sur-Fontaine;C
76581;76;Saint-Germain-des-Essourts;C
76582;76;Saint-Germain-d'Étables;C
76583;76;Saint-Germain-sous-Cailly;C
76584;76;Saint-Germain-sur-Eaulne;C
76585;76;Saint-Gilles-de-Crétot;C
76586;76;Saint-Gilles-de-la-Neuville;C
76587;76;Sainte-Hélène-Bondeville;C
76588;76;Saint-Hellier;C
76589;76;Saint-Honoré;C
76590;76;Saint-Jacques-d'Aliermont;C
76591;76;Saint-Jacques-sur-Darnétal;B2
76592;76;Saint-Jean-de-Folleville;C
76593;76;Saint-Jean-de-la-Neuville;C
76594;76;Saint-Jean-du-Cardonnay;C
76595;76;Saint-Jouin-Bruneval;C
76596;76;Saint-Laurent-de-Brèvedent;B1
76597;76;Saint-Laurent-en-Caux;C
76598;76;Saint-Léger-aux-Bois;C
76599;76;Saint-Léger-du-Bourg-Denis;B1
76600;76;Saint-Léonard;B2
76601;76;Saint-Lucien;C
76602;76;Saint-Maclou-de-Folleville;C
76603;76;Saint-Maclou-la-Brière;C
76604;76;Saint-Mards;C
76605;76;Sainte-Marguerite-sur-Mer;C
76606;76;Morienne;C
76608;76;Sainte-Marguerite-sur-Duclair;C
76609;76;Sainte-Marie-au-Bosc;C
76610;76;Sainte-Marie-des-Champs;C
76611;76;Saint-Martin-aux-Arbres;C
76612;76;Saint-Martin-au-Bosc;C
76613;76;Saint-Martin-aux-Buneaux;C
76614;76;Saint-Martin-de-Boscherville;C
76615;76;Saint-Martin-du-Bec;B1
76616;76;Saint-Martin-du-Manoir;B1
76617;76;Saint-Martin-du-Vivier;B1
76618;76;Petit-Caux;C
76619;76;Saint-Martin-le-Gaillard;C
76620;76;Saint-Martin-l'Hortier;C
76621;76;Saint-Martin-Osmonville;C
76622;76;Saint-Maurice-d'Ételan;C
76623;76;Saint-Michel-d'Halescourt;C
76624;76;Saint-Nicolas-d'Aliermont;C
76626;76;Saint-Nicolas-de-la-Haie;C
76627;76;Saint-Nicolas-de-la-Taille;C
76628;76;Saint-Ouen-du-Breuil;C
76629;76;Saint-Ouen-le-Mauger;C
76630;76;Saint-Ouen-sous-Bailly;C
76631;76;Saint-Paër;C
76632;76;Saint-Pierre-Bénouville;C
76634;76;Saint-Pierre-de-Manneville;B2
76635;76;Saint-Pierre-des-Jonquières;C
76636;76;Saint-Pierre-de-Varengeville;C
76637;76;Saint-Pierre-en-Port;C
76638;76;Saint-Pierre-en-Val;C
76640;76;Saint-Pierre-lès-Elbeuf;B1
76641;76;Saint-Pierre-le-Vieux;C
76642;76;Saint-Pierre-le-Viger;C
76644;76;Saint-Rémy-Boscrocourt;C
76645;76;Saint-Riquier-en-Rivière;C
76646;76;Saint-Riquier-ès-Plains;C
76647;76;Saint-Romain-de-Colbosc;C
76648;76;Saint-Saëns;C
76649;76;Saint-Saire;C
76650;76;Saint-Sauveur-d'Émalleville;C
76651;76;Saint-Sylvain;C
76652;76;Saint-Vaast-d'Équiqueville;C
76653;76;Saint-Vaast-Dieppedalle;C
76654;76;Saint-Vaast-du-Val;C
76655;76;Saint-Valery-en-Caux;C
76656;76;Saint-Victor-l'Abbaye;C
76657;76;Saint-Vigor-d'Ymonville;C
76658;76;Saint-Vincent-Cramesnil;C
76660;76;Sandouville;C
76662;76;Sassetot-le-Malgardé;C
76663;76;Sassetot-le-Mauconduit;C
76664;76;Sasseville;C
76665;76;Sauchay;C
76666;76;Saumont-la-Poterie;C
76667;76;Sauqueville;C
76668;76;Saussay;C
76669;76;Sausseuzemare-en-Caux;C
76670;76;Senneville-sur-Fécamp;C
76671;76;Sept-Meules;C
76672;76;Serqueux;C
76673;76;Servaville-Salmonville;C
76675;76;Sierville;C
76676;76;Sigy-en-Bray;C
76677;76;Smermesnil;C
76678;76;Sommery;C
76679;76;Sommesnil;C
76680;76;Sorquainville;C
76681;76;Sotteville-lès-Rouen;B1
76682;76;Sotteville-sous-le-Val;B1
76683;76;Sotteville-sur-Mer;C
76684;76;Tancarville;C
76685;76;Thérouldeville;C
76686;76;Theuville-aux-Maillots;C
76688;76;Thiergeville;C
76689;76;Thiétreville;C
76690;76;Thil-Manneville;C
76691;76;Le Thil-Riberpré;C
76692;76;Thiouville;C
76693;76;Le Tilleul;C
76694;76;Tocqueville-en-Caux;C
76695;76;Tocqueville-les-Murs;C
76697;76;Torcy-le-Grand;C
76698;76;Torcy-le-Petit;C
76699;76;Le Torp-Mesnil;C
76700;76;Tôtes;C
76702;76;Touffreville-la-Corbeline;C
76703;76;Touffreville-sur-Eu;C
76705;76;Tourville-la-Rivière;B1
76706;76;Tourville-les-Ifs;C
76707;76;Tourville-sur-Arques;C
76708;76;Toussaint;C
76709;76;Le Trait;C
76710;76;Trémauville;C
76711;76;Le Tréport;B1
76712;76;La Trinité-du-Mont;C
76714;76;Les Trois-Pierres;C
76715;76;Trouville;C
76716;76;Turretot;B1
76717;76;Val-de-la-Haye;B1
76718;76;Valliquerville;C
76719;76;Valmont;C
76720;76;Varengeville-sur-Mer;C
76721;76;Varneville-Bretteville;C
76723;76;Vassonville;C
76724;76;Vatierville;C
76725;76;Vattetot-sous-Beaumont;C
76726;76;Vattetot-sur-Mer;C
76727;76;Vatteville-la-Rue;C
76728;76;La Vaupalière;B1
76730;76;Veauville-lès-Quelles;C
76731;76;Vénestanville;C
76732;76;Butot-Vénesville;C
76733;76;Ventes-Saint-Rémy;C
76734;76;Vergetot;C
76735;76;Veules-les-Roses;C
76736;76;Veulettes-sur-Mer;C
76737;76;Vibeuf;C
76738;76;Vieux-Manoir;C
76739;76;Vieux-Rouen-sur-Bresle;C
76740;76;La Vieux-Rue;C
76741;76;Villainville;C
76743;76;Villers-Écalles;B2
76744;76;Villers-sous-Foucarmont;C
76745;76;Villy-sur-Yères;C
76746;76;Vinnemerville;C
76747;76;Virville;C
76748;76;Vittefleur;C
76749;76;Wanchy-Capval;C
76750;76;Yainville;C
76751;76;Yébleron;C
76752;76;Yerville;C
76753;76;Ymare;B2
76754;76;Yport;B2
76755;76;Ypreville-Biville;C
76756;76;Yquebeuf;C
76757;76;Yvecrique;C
76758;76;Yvetot;C
76759;76;Yville-sur-Seine;C
77001;77;Achères-la-Forêt;B2
77002;77;Amillis;B2
77003;77;Amponville;B2
77004;77;Andrezel;B2
77005;77;Annet-sur-Marne;B1
77006;77;Arbonne-la-Forêt;B1
77007;77;Argentières;B2
77008;77;Armentières-en-Brie;B2
77009;77;Arville;B2
77010;77;Aubepierre-Ozouer-le-Repos;B2
77011;77;Aufferville;B2
77012;77;Augers-en-Brie;B2
77013;77;Aulnoy;B2
77014;77;Avon;A
77015;77;Baby;B2
77016;77;Bagneaux-sur-Loing;B1
77018;77;Bailly-Romainvilliers;A
77019;77;Balloy;B2
77020;77;Bannost-Villegagnon;B2
77021;77;Barbey;B2
77022;77;Barbizon;B1
77023;77;Barcy;B2
77024;77;Bassevelle;B2
77025;77;Bazoches-lès-Bray;B2
77026;77;Beauchery-Saint-Martin;B2
77027;77;Beaumont-du-Gâtinais;B2
77029;77;Beauvoir;B1
77030;77;Bellot;B2
77031;77;Bernay-Vilbert;B2
77032;77;Beton-Bazoches;B2
77033;77;Bezalles;B2
77034;77;Blandy;B2
77035;77;Blennes;B2
77036;77;Boisdon;B2
77037;77;Bois-le-Roi;A
77038;77;Boissettes;A
77039;77;Boissise-la-Bertrand;A
77040;77;Boissise-le-Roi;A
77041;77;Boissy-aux-Cailles;B2
77042;77;Boissy-le-Châtel;B2
77043;77;Boitron;B2
77044;77;Bombon;B2
77045;77;Bougligny;B2
77046;77;Boulancourt;B2
77047;77;Bouleurs;B1
77048;77;Bourron-Marlotte;B1
77049;77;Boutigny;B1
77050;77;Bransles;B2
77051;77;Bray-sur-Seine;B2
77052;77;Bréau;B2
77053;77;Brie-Comte-Robert;A
77054;77;La Brosse-Montceaux;B2
77055;77;Brou-sur-Chantereine;A
77056;77;Burcy;B2
77057;77;Bussières;B2
77058;77;Bussy-Saint-Georges;A
77059;77;Bussy-Saint-Martin;A
77060;77;Buthiers;B2
77061;77;Cannes-Écluse;B1
77062;77;Carnetin;A
77063;77;La Celle-sur-Morin;B1
77065;77;Cély;B1
77066;77;Cerneux;B2
77067;77;Cesson;A
77068;77;Cessoy-en-Montois;B2
77069;77;Chailly-en-Bière;B1
77070;77;Chailly-en-Brie;B2
77071;77;Chaintreaux;B2
77072;77;Chalautre-la-Grande;B2
77073;77;Chalautre-la-Petite;B2
77075;77;Chalifert;A
77076;77;Chalmaison;B2
77077;77;Chambry;B2
77078;77;Chamigny;B1
77079;77;Champagne-sur-Seine;B1
77080;77;Champcenest;B2
77081;77;Champdeuil;B2
77082;77;Champeaux;B2
77083;77;Champs-sur-Marne;A
77084;77;Changis-sur-Marne;B2
77085;77;Chanteloup-en-Brie;A
77086;77;La Chapelle-Gauthier;B2
77087;77;La Chapelle-Iger;B2
77088;77;La Chapelle-la-Reine;B1
77089;77;La Chapelle-Rablais;B2
77090;77;La Chapelle-Saint-Sulpice;B2
77091;77;Les Chapelles-Bourbon;B1
77093;77;La Chapelle-Moutils;B2
77094;77;Charmentray;B1
77095;77;Charny;B2
77096;77;Chartrettes;B1
77097;77;Chartronges;B2
77098;77;Châteaubleau;B2
77099;77;Château-Landon;B2
77100;77;Le Châtelet-en-Brie;B1
77101;77;Châtenay-sur-Seine;B2
77102;77;Châtenoy;B2
77103;77;Châtillon-la-Borde;B2
77104;77;Châtres;B1
77106;77;Chauffry;B2
77107;77;Chaumes-en-Brie;B1
77108;77;Chelles;A
77109;77;Chenoise-Cucharmoy;B2
77110;77;Chenou;B2
77111;77;Chessy;A
77112;77;Chevrainvilliers;B2
77113;77;Chevru;B2
77114;77;Chevry-Cossigny;B1
77115;77;Chevry-en-Sereine;B2
77116;77;Choisy-en-Brie;B2
77117;77;Citry;B2
77118;77;Claye-Souilly;A
77119;77;Clos-Fontaine;B2
77120;77;Cocherel;B2
77121;77;Collégien;A
77122;77;Combs-la-Ville;A
77123;77;Compans;B1
77124;77;Conches-sur-Gondoire;A
77125;77;Condé-Sainte-Libiaire;A
77126;77;Congis-sur-Thérouanne;B2
77127;77;Coubert;B1
77128;77;Couilly-Pont-aux-Dames;A
77129;77;Coulombs-en-Valois;B2
77130;77;Coulommes;B1
77131;77;Coulommiers;B1
77132;77;Coupvray;A
77133;77;Courcelles-en-Bassée;B2
77134;77;Courchamp;B2
77135;77;Courpalay;B2
77136;77;Courquetaine;B1
77137;77;Courtacon;B2
77138;77;Courtomer;B2
77139;77;Courtry;A
77140;77;Coutençon;B2
77141;77;Coutevroult;A
77142;77;Crécy-la-Chapelle;A
77143;77;Crégy-lès-Meaux;A
77144;77;Crèvecœur-en-Brie;B1
77145;77;Crisenoy;B2
77146;77;Croissy-Beaubourg;A
77147;77;La Croix-en-Brie;B2
77148;77;Crouy-sur-Ourcq;B2
77150;77;Cuisy;B2
77151;77;Dagny;B2
77152;77;Dammarie-les-Lys;A
77153;77;Dammartin-en-Goële;A
77154;77;Dammartin-sur-Tigeaux;B2
77155;77;Dampmart;A
77156;77;Darvault;B1
77157;77;Dhuisy;B2
77158;77;Diant;B2
77159;77;Donnemarie-Dontilly;B2
77161;77;Dormelles;B2
77162;77;Doue;B2
77163;77;Douy-la-Ramée;B2
77164;77;Échouboulains;B2
77165;77;Les Écrennes;B2
77167;77;Égligny;B2
77168;77;Égreville;B2
77169;77;Émerainville;A
77171;77;Esbly;A
77172;77;Esmans;B2
77173;77;Étrépilly;B2
77174;77;Everly;B2
77175;77;Évry-Grégy-sur-Yerre;B1
77176;77;Faremoutiers;B1
77177;77;Favières;B1
77178;77;Faÿ-lès-Nemours;B2
77179;77;Féricy;B1
77180;77;Férolles-Attilly;B1
77181;77;Ferrières-en-Brie;A
77182;77;La Ferté-Gaucher;B2
77183;77;La Ferté-sous-Jouarre;B1
77184;77;Flagy;B2
77185;77;Fleury-en-Bière;B1
77186;77;Fontainebleau;A
77187;77;Fontaine-Fourches;B2
77188;77;Fontaine-le-Port;B1
77190;77;Fontains;B2
77191;77;Fontenailles;B2
77192;77;Fontenay-Trésigny;B1
77193;77;Forfry;B2
77194;77;Forges;B2
77195;77;Fouju;B2
77196;77;Fresnes-sur-Marne;B2
77197;77;Frétoy;B2
77198;77;Fromont;B2
77199;77;Fublaines;B2
77200;77;Garentreville;B2
77201;77;Gastins;B2
77202;77;La Genevraye;B2
77203;77;Germigny-l'Évêque;B2
77204;77;Germigny-sous-Coulombs;B2
77205;77;Gesvres-le-Chapitre;B2
77206;77;Giremoutiers;B2
77207;77;Gironville;B2
77208;77;Gouaix;B2
77209;77;Gouvernes;A
77210;77;La Grande-Paroisse;B2
77211;77;Grandpuits-Bailly-Carrois;B2
77212;77;Gravon;B2
77214;77;Gressy;B1
77215;77;Gretz-Armainvilliers;A
77216;77;Grez-sur-Loing;B2
77217;77;Grisy-Suisnes;B1
77218;77;Grisy-sur-Seine;B2
77219;77;Guérard;B2
77220;77;Guercheville;B2
77221;77;Guermantes;A
77222;77;Guignes;B2
77223;77;Gurcy-le-Châtel;B2
77224;77;Hautefeuille;B2
77225;77;La Haute-Maison;B2
77226;77;Héricy;A
77227;77;Hermé;B2
77228;77;Hondevilliers;B2
77229;77;La Houssaye-en-Brie;B1
77230;77;Ichy;B2
77231;77;Isles-les-Meldeuses;B2
77232;77;Isles-lès-Villenoy;A
77233;77;Iverny;B2
77234;77;Jablines;B1
77235;77;Jaignes;B2
77236;77;Jaulnes;B2
77237;77;Jossigny;A
77238;77;Jouarre;B1
77239;77;Jouy-le-Châtel;B2
77240;77;Jouy-sur-Morin;B2
77241;77;Juilly;B2
77242;77;Jutigny;B2
77243;77;Lagny-sur-Marne;A
77244;77;Larchant;B2
77245;77;Laval-en-Brie;B2
77246;77;Léchelle;B2
77247;77;Lescherolles;B2
77248;77;Lesches;B1
77249;77;Lésigny;A
77250;77;Leudon-en-Brie;B2
77251;77;Lieusaint;A
77252;77;Limoges-Fourches;B1
77253;77;Lissy;B1
77254;77;Liverdy-en-Brie;B1
77255;77;Livry-sur-Seine;A
77256;77;Lizines;B2
77257;77;Lizy-sur-Ourcq;B2
77258;77;Lognes;A
77259;77;Longperrier;A
77260;77;Longueville;B2
77261;77;Lorrez-le-Bocage-Préaux;B2
77262;77;Louan-Villegruis-Fontaine;B2
77263;77;Luisetaines;B2
77264;77;Lumigny-Nesles-Ormeaux;B2
77265;77;Luzancy;B2
77266;77;Machault;B2
77267;77;La Madeleine-sur-Loing;B2
77268;77;Magny-le-Hongre;A
77269;77;Maincy;B1
77270;77;Maisoncelles-en-Brie;B2
77271;77;Maisoncelles-en-Gâtinais;B2
77272;77;Maison-Rouge;B2
77273;77;Marchémoret;B2
77274;77;Marcilly;B2
77275;77;Les Marêts;B2
77276;77;Mareuil-lès-Meaux;B1
77277;77;Marles-en-Brie;B1
77278;77;Marolles-en-Brie;B2
77279;77;Marolles-sur-Seine;B2
77280;77;Mary-sur-Marne;B2
77281;77;Mauperthuis;B2
77282;77;Mauregard;B1
77283;77;May-en-Multien;B2
77284;77;Meaux;A
77285;77;Le Mée-sur-Seine;A
77286;77;Meigneux;B2
77287;77;Meilleray;B2
77288;77;Melun;A
77289;77;Melz-sur-Seine;B2
77290;77;Méry-sur-Marne;B2
77291;77;Le Mesnil-Amelot;B1
77292;77;Messy;B1
77293;77;Misy-sur-Yonne;B2
77294;77;Mitry-Mory;A
77295;77;Moisenay;B2
77296;77;Moissy-Cramayel;A
77297;77;Mondreville;B2
77298;77;Mons-en-Montois;B2
77300;77;Montceaux-lès-Meaux;B2
77301;77;Montceaux-lès-Provins;B2
77302;77;Moncourt-Fromonville;B2
77303;77;Montdauphin;B2
77304;77;Montenils;B2
77305;77;Montereau-Fault-Yonne;B1
77306;77;Montereau-sur-le-Jard;B2
77307;77;Montévrain;A
77308;77;Montgé-en-Goële;B2
77309;77;Monthyon;B2
77310;77;Montigny-le-Guesdier;B2
77311;77;Montigny-Lencoup;B2
77312;77;Montigny-sur-Loing;B1
77313;77;Montmachoux;B2
77314;77;Montolivet;B2
77315;77;Montry;A
77316;77;Moret-Loing-et-Orvanne;B1
77317;77;Mormant;B1
77318;77;Mortcerf;B1
77319;77;Mortery;B2
77320;77;Mouroux;B1
77321;77;Mousseaux-lès-Bray;B2
77322;77;Moussy-le-Neuf;B1
77323;77;Moussy-le-Vieux;B1
77325;77;Mouy-sur-Seine;B2
77326;77;Nandy;A
77327;77;Nangis;B1
77328;77;Nanteau-sur-Essonne;B2
77329;77;Nanteau-sur-Lunain;B2
77330;77;Nanteuil-lès-Meaux;A
77331;77;Nanteuil-sur-Marne;B2
77332;77;Nantouillet;B2
77333;77;Nemours;B1
77335;77;Chauconin-Neufmontiers;B1
77336;77;Neufmoutiers-en-Brie;B1
77337;77;Noisiel;A
77338;77;Noisy-Rudignon;B2
77339;77;Noisy-sur-École;B2
77340;77;Nonville;B2
77341;77;Noyen-sur-Seine;B2
77342;77;Obsonville;B2
77343;77;Ocquerre;B2
77344;77;Oissery;B2
77345;77;Orly-sur-Morin;B2
77347;77;Les Ormes-sur-Voulzie;B2
77348;77;Ormesson;B2
77349;77;Othis;B1
77350;77;Ozoir-la-Ferrière;A
77352;77;Ozouer-le-Voulgis;B1
77353;77;Paley;B2
77354;77;Pamfou;B2
77355;77;Paroy;B2
77356;77;Passy-sur-Seine;B2
77357;77;Pécy;B2
77358;77;Penchard;B2
77359;77;Perthes;B1
77360;77;Pézarches;B2
77361;77;Pierre-Levée;B2
77363;77;Le Pin;B1
77364;77;Le Plessis-aux-Bois;B2
77365;77;Le Plessis-Feu-Aussoux;B2
77366;77;Le Plessis-l'Évêque;B2
77367;77;Le Plessis-Placy;B2
77368;77;Poigny;B2
77369;77;Poincy;A
77370;77;Poligny;B2
77371;77;Pommeuse;B1
77372;77;Pomponne;A
77373;77;Pontault-Combault;A
77374;77;Pontcarré;A
77376;77;Précy-sur-Marne;B1
77377;77;Presles-en-Brie;B1
77378;77;Pringy;A
77379;77;Provins;B1
77380;77;Puisieux;B2
77381;77;Quiers;B2
77382;77;Quincy-Voisins;A
77383;77;Rampillon;B2
77384;77;Réau;B1
77385;77;Rebais;B2
77386;77;Recloses;B1
77387;77;Remauville;B2
77388;77;Reuil-en-Brie;B1
77389;77;La Rochette;A
77390;77;Roissy-en-Brie;A
77391;77;Rouilly;B1
77392;77;Rouvres;B2
77393;77;Rozay-en-Brie;B2
77394;77;Rubelles;A
77395;77;Rumont;B2
77396;77;Rupéreux;B2
77397;77;Saâcy-sur-Marne;B2
77398;77;Sablonnières;B2
77400;77;Saint-Augustin;B2
77401;77;Sainte-Aulde;B2
77402;77;Saint-Barthélemy;B2
77403;77;Saint-Brice;B1
77404;77;Sainte-Colombe;B2
77405;77;Saint-Cyr-sur-Morin;B2
77406;77;Saint-Denis-lès-Rebais;B2
77407;77;Saint-Fargeau-Ponthierry;A
77408;77;Saint-Fiacre;B1
77409;77;Saint-Germain-Laval;B1
77410;77;Saint-Germain-Laxis;B2
77411;77;Saint-Germain-sous-Doue;B2
77412;77;Saint-Germain-sur-École;B1
77413;77;Saint-Germain-sur-Morin;A
77414;77;Saint-Hilliers;B2
77415;77;Saint-Jean-les-Deux-Jumeaux;B2
77416;77;Saint-Just-en-Brie;B2
77417;77;Saint-Léger;B2
77418;77;Saint-Loup-de-Naud;B2
77419;77;Saint-Mammès;B1
77420;77;Saint-Mard;B1
77421;77;Saint-Mars-Vieux-Maisons;B2
77423;77;Saint-Martin-des-Champs;B2
77424;77;Saint-Martin-du-Boschet;B2
77425;77;Saint-Martin-en-Bière;B1
77426;77;Saint-Méry;B2
77427;77;Saint-Mesmes;B2
77428;77;Saint-Ouen-en-Brie;B2
77429;77;Saint-Ouen-sur-Morin;B2
77430;77;Saint-Pathus;B1
77431;77;Saint-Pierre-lès-Nemours;B1
77432;77;Saint-Rémy-de-la-Vanne;B2
77433;77;Beautheil-Saints;B2
77434;77;Saint-Sauveur-lès-Bray;B2
77435;77;Saint-Sauveur-sur-École;B1
77436;77;Saint-Siméon;B2
77437;77;Saint-Soupplets;B2
77438;77;Saint-Thibault-des-Vignes;A
77439;77;Salins;B2
77440;77;Sammeron;B2
77441;77;Samois-sur-Seine;B1
77442;77;Samoreau;A
77443;77;Sancy;B2
77444;77;Sancy-lès-Provins;B2
77445;77;Savigny-le-Temple;A
77446;77;Savins;B2
77447;77;Seine-Port;A
77448;77;Sept-Sorts;B2
77449;77;Serris;A
77450;77;Servon;A
77451;77;Signy-Signets;B2
77452;77;Sigy;B2
77453;77;Sivry-Courtry;B1
77454;77;Sognolles-en-Montois;B2
77455;77;Soignolles-en-Brie;B2
77456;77;Soisy-Bouy;B2
77457;77;Solers;B2
77458;77;Souppes-sur-Loing;B2
77459;77;Sourdun;B2
77460;77;Tancrou;B2
77461;77;Thénisy;B2
77462;77;Thieux;B1
77463;77;Thomery;B1
77464;77;Thorigny-sur-Marne;A
77465;77;Thoury-Férottes;B2
77466;77;Tigeaux;B1
77467;77;La Tombe;B2
77468;77;Torcy;A
77469;77;Touquin;B2
77470;77;Tournan-en-Brie;A
77471;77;Tousson;B2
77472;77;La Trétoire;B2
77473;77;Treuzy-Levelay;B2
77474;77;Trilbardou;B1
77475;77;Trilport;A
77476;77;Trocy-en-Multien;B2
77477;77;Ury;B2
77478;77;Ussy-sur-Marne;B2
77479;77;Vaires-sur-Marne;A
77480;77;Valence-en-Brie;B2
77481;77;Vanvillé;B2
77482;77;Varennes-sur-Seine;B1
77483;77;Varreddes;B2
77484;77;Vaucourtois;B2
77485;77;Le Vaudoué;B2
77486;77;Vaudoy-en-Brie;B2
77487;77;Vaux-le-Pénil;A
77489;77;Vaux-sur-Lunain;B2
77490;77;Vendrest;B2
77492;77;Verdelot;B2
77493;77;Verneuil-l'Étang;B2
77494;77;Vernou-la-Celle-sur-Seine;B1
77495;77;Vert-Saint-Denis;A
77496;77;Vieux-Champagne;B2
77498;77;Vignely;B1
77500;77;Villebéon;B2
77501;77;Villecerf;B2
77504;77;Villemaréchal;B2
77505;77;Villemareuil;B2
77506;77;Villemer;B2
77507;77;Villenauxe-la-Petite;B2
77508;77;Villeneuve-le-Comte;B1
77509;77;Villeneuve-les-Bordes;B2
77510;77;Villeneuve-Saint-Denis;B1
77511;77;Villeneuve-sous-Dammartin;B1
77512;77;Villeneuve-sur-Bellot;B2
77513;77;Villenoy;A
77514;77;Villeparisis;A
77515;77;Villeroy;B2
77516;77;Ville-Saint-Jacques;B2
77517;77;Villevaudé;B1
77518;77;Villiers-en-Bière;B1
77519;77;Villiers-Saint-Georges;B2
77520;77;Villiers-sous-Grez;B2
77521;77;Villiers-sur-Morin;A
77522;77;Villiers-sur-Seine;B2
77523;77;Villuis;B2
77524;77;Vimpelles;B2
77525;77;Vinantes;B2
77526;77;Vincy-Manœuvre;B2
77527;77;Voinsles;B2
77528;77;Voisenon;B1
77529;77;Voulangis;A
77530;77;Voulton;B2
77531;77;Voulx;B2
77532;77;Vulaines-lès-Provins;B2
77533;77;Vulaines-sur-Seine;A
77534;77;Yèbles;B2
78003;78;Ablis;B1
78005;78;Achères;A
78006;78;Adainville;B1
78007;78;Aigremont;Abis
78009;78;Allainville;B2
78010;78;Les Alluets-le-Roi;B1
78013;78;Andelu;B1
78015;78;Andrésy;A
78020;78;Arnouville-lès-Mantes;B1
78029;78;Aubergenville;A
78030;78;Auffargis;B1
78031;78;Auffreville-Brasseuil;A
78033;78;Aulnay-sur-Mauldre;A
78034;78;Auteuil;B1
78036;78;Autouillet;B1
78043;78;Bailly;Abis
78048;78;Bazainville;B1
78049;78;Bazemont;B1
78050;78;Bazoches-sur-Guyonne;A
78053;78;Béhoust;B1
78057;78;Bennecourt;B1
78062;78;Beynes;A
78068;78;Blaru;B2
78070;78;Boinville-en-Mantois;B1
78071;78;Boinville-le-Gaillard;B2
78072;78;Boinvilliers;B2
78073;78;Bois-d'Arcy;A
78076;78;Boissets;B2
78077;78;La Boissière-École;B2
78082;78;Boissy-Mauvoisin;B1
78084;78;Boissy-sans-Avoir;B1
78087;78;Bonnelles;B1
78089;78;Bonnières-sur-Seine;B1
78090;78;Bouafle;B1
78092;78;Bougival;Abis
78096;78;Bourdonné;B1
78104;78;Breuil-Bois-Robert;B1
78107;78;Bréval;B2
78108;78;Les Bréviaires;B1
78113;78;Brueil-en-Vexin;B1
78117;78;Buc;Abis
78118;78;Buchelay;A
78120;78;Bullion;B1
78123;78;Carrières-sous-Poissy;A
78124;78;Carrières-sur-Seine;Abis
78125;78;La Celle-les-Bordes;B1
78126;78;La Celle-Saint-Cloud;Abis
78128;78;Cernay-la-Ville;B1
78133;78;Chambourcy;Abis
78138;78;Chanteloup-les-Vignes;A
78140;78;Chapet;A
78143;78;Châteaufort;A
78146;78;Chatou;Abis
78147;78;Chaufour-lès-Bonnières;B2
78152;78;Chavenay;A
78158;78;Le Chesnay-Rocquencourt;Abis
78160;78;Chevreuse;A
78162;78;Choisel;B1
78163;78;Civry-la-Forêt;B2
78164;78;Clairefontaine-en-Yvelines;B1
78165;78;Les Clayes-sous-Bois;A
78168;78;Coignières;A
78171;78;Condé-sur-Vesgre;B1
78172;78;Conflans-Sainte-Honorine;A
78185;78;Courgent;B2
78188;78;Cravent;B2
78189;78;Crespières;B1
78190;78;Croissy-sur-Seine;Abis
78192;78;Dammartin-en-Serve;B2
78193;78;Dampierre-en-Yvelines;B1
78194;78;Dannemarie;B1
78196;78;Davron;B1
78202;78;Drocourt;B1
78206;78;Ecquevilly;B1
78208;78;Élancourt;A
78209;78;Émancé;B1
78217;78;Épône;A
78220;78;Les Essarts-le-Roi;A
78224;78;L'Étang-la-Ville;Abis
78227;78;Évecquemont;A
78230;78;La Falaise;A
78231;78;Favrieux;B1
78233;78;Feucherolles;A
78234;78;Flacourt;B2
78236;78;Flexanville;B1
78237;78;Flins-Neuve-Église;B2
78238;78;Flins-sur-Seine;A
78239;78;Follainville-Dennemont;A
78242;78;Fontenay-le-Fleury;A
78245;78;Fontenay-Mauvoisin;B1
78246;78;Fontenay-Saint-Père;B1
78255;78;Freneuse;B1
78261;78;Gaillon-sur-Montcient;A
78262;78;Galluis;B1
78263;78;Gambais;B1
78264;78;Gambaiseuil;B1
78265;78;Garancières;B1
78267;78;Gargenville;A
78269;78;Gazeran;B1
78276;78;Gommecourt;B2
78278;78;Goupillières;B1
78281;78;Goussonville;B1
78283;78;Grandchamp;B1
78285;78;Gressey;B1
78289;78;Grosrouvre;B1
78290;78;Guernes;B1
78291;78;Guerville;B1
78296;78;Guitrancourt;B1
78297;78;Guyancourt;A
78299;78;Hardricourt;A
78300;78;Hargeville;B1
78302;78;La Hauteville;B2
78305;78;Herbeville;B1
78307;78;Hermeray;B2
78310;78;Houdan;A
78311;78;Houilles;Abis
78314;78;Issou;A
78317;78;Jambville;B1
78320;78;Notre-Dame-de-la-Mer;B2
78321;78;Jouars-Pontchartrain;A
78322;78;Jouy-en-Josas;Abis
78324;78;Jouy-Mauvoisin;B1
78325;78;Jumeauville;B1
78327;78;Juziers;A
78329;78;Lainville-en-Vexin;B2
78334;78;Lévis-Saint-Nom;B1
78335;78;Limay;A
78337;78;Limetz-Villez;B1
78343;78;Les Loges-en-Josas;A
78344;78;Lommoye;B2
78346;78;Longnes;B2
78349;78;Longvilliers;B1
78350;78;Louveciennes;Abis
78354;78;Magnanville;A
78356;78;Magny-les-Hameaux;A
78358;78;Maisons-Laffitte;Abis
78361;78;Mantes-la-Jolie;A
78362;78;Mantes-la-Ville;A
78364;78;Marcq;B1
78366;78;Mareil-le-Guyon;B1
78367;78;Mareil-Marly;Abis
78368;78;Mareil-sur-Mauldre;B1
78372;78;Marly-le-Roi;Abis
78380;78;Maule;A
78381;78;Maulette;B1
78382;78;Maurecourt;A
78383;78;Maurepas;A
78384;78;Médan;A
78385;78;Ménerville;B1
78389;78;Méré;B1
78391;78;Méricourt;B1
78396;78;Le Mesnil-le-Roi;Abis
78397;78;Le Mesnil-Saint-Denis;A
78398;78;Les Mesnuls;A
78401;78;Meulan-en-Yvelines;A
78402;78;Mézières-sur-Seine;A
78403;78;Mézy-sur-Seine;A
78404;78;Millemont;B1
78406;78;Milon-la-Chapelle;A
78407;78;Mittainville;B2
78410;78;Moisson;B2
78413;78;Mondreville;B2
78415;78;Montainville;B1
78416;78;Montalet-le-Bois;B2
78417;78;Montchauvet;B2
78418;78;Montesson;A
78420;78;Montfort-l'Amaury;A
78423;78;Montigny-le-Bretonneux;A
78431;78;Morainvilliers;B1
78437;78;Mousseaux-sur-Seine;B1
78439;78;Mulcent;B2
78440;78;Les Mureaux;A
78442;78;Neauphle-le-Château;A
78443;78;Neauphle-le-Vieux;A
78444;78;Neauphlette;B2
78451;78;Nézel;A
78455;78;Noisy-le-Roi;Abis
78460;78;Oinville-sur-Montcient;B1
78464;78;Orcemont;B2
78465;78;Orgerus;B1
78466;78;Orgeval;A
78470;78;Orphin;B2
78472;78;Orsonville;B2
78474;78;Orvilliers;B2
78475;78;Osmoy;B1
78478;78;Paray-Douaville;B2
78481;78;Le Pecq;Abis
78484;78;Perdreauville;B1
78486;78;Le Perray-en-Yvelines;A
78490;78;Plaisir;A
78497;78;Poigny-la-Forêt;B2
78498;78;Poissy;A
78499;78;Ponthévrard;B2
78501;78;Porcheville;A
78502;78;Le Port-Marly;A
78505;78;Prunay-le-Temple;B1
78506;78;Prunay-en-Yvelines;B2
78513;78;La Queue-les-Yvelines;B1
78516;78;Raizeux;B1
78517;78;Rambouillet;A
78518;78;Rennemoulin;Abis
78520;78;Richebourg;B1
78522;78;Rochefort-en-Yvelines;B1
78528;78;Rolleboise;B1
78530;78;Rosay;B1
78531;78;Rosny-sur-Seine;B1
78536;78;Sailly;B2
78537;78;Saint-Arnoult-en-Yvelines;B1
78545;78;Saint-Cyr-l'École;A
78548;78;Saint-Forget;B1
78550;78;Saint-Germain-de-la-Grange;B1
78551;78;Saint-Germain-en-Laye;Abis
78557;78;Saint-Hilarion;B1
78558;78;Saint-Illiers-la-Ville;B2
78559;78;Saint-Illiers-le-Bois;B2
78561;78;Saint-Lambert;A
78562;78;Saint-Léger-en-Yvelines;B2
78564;78;Saint-Martin-de-Bréthencourt;B2
78565;78;Saint-Martin-des-Champs;B1
78567;78;Saint-Martin-la-Garenne;B1
78569;78;Sainte-Mesme;B2
78571;78;Saint-Nom-la-Bretèche;A
78575;78;Saint-Rémy-lès-Chevreuse;A
78576;78;Saint-Rémy-l'Honoré;A
78586;78;Sartrouville;A
78588;78;Saulx-Marchais;B1
78590;78;Senlisse;B1
78591;78;Septeuil;B1
78597;78;Soindres;B1
78601;78;Sonchamp;B2
78605;78;Tacoignières;B1
78606;78;Le Tartre-Gaudran;B2
78608;78;Le Tertre-Saint-Denis;B2
78609;78;Tessancourt-sur-Aubette;A
78615;78;Thiverval-Grignon;B1
78616;78;Thoiry;B1
78618;78;Tilly;B2
78620;78;Toussus-le-Noble;A
78621;78;Trappes;A
78623;78;Le Tremblay-sur-Mauldre;A
78624;78;Triel-sur-Seine;A
78638;78;Vaux-sur-Seine;A
78640;78;Vélizy-Villacoublay;Abis
78642;78;Verneuil-sur-Seine;A
78643;78;Vernouillet;A
78644;78;La Verrière;A
78646;78;Versailles;Abis
78647;78;Vert;A
78650;78;Le Vésinet;Abis
78653;78;Vicq;B1
78655;78;Vieille-Église-en-Yvelines;A
78668;78;La Villeneuve-en-Chevrie;B2
78672;78;Villennes-sur-Seine;A
78674;78;Villepreux;A
78677;78;Villette;B1
78681;78;Villiers-le-Mahieu;B1
78683;78;Villiers-Saint-Frédéric;A
78686;78;Viroflay;Abis
78688;78;Voisins-le-Bretonneux;A
79001;79;L'Absie;C
79002;79;Adilly;C
79003;79;Aiffres;B2
79005;79;Airvault;C
79007;79;Allonne;C
79008;79;Amailloux;C
79009;79;Amuré;C
79010;79;Arçais;C
79012;79;Ardin;C
79013;79;Argentonnay;C
79014;79;Loretz-d'Argenton;C
79015;79;Asnières-en-Poitou;C
79016;79;Assais-les-Jumeaux;C
79018;79;Aubigné;C
79019;79;Aubigny;C
79020;79;Augé;C
79022;79;Availles-Thouarsais;C
79023;79;Avon;C
79024;79;Azay-le-Brûlé;C
79025;79;Azay-sur-Thouet;C
79029;79;Beaulieu-sous-Parthenay;C
79030;79;Beaussais-Vitré;C
79031;79;Beauvoir-sur-Niort;C
79032;79;Béceleuf;C
79034;79;Bessines;C
79038;79;Boismé;C
79040;79;La Boissière-en-Gâtine;C
79042;79;Bougon;C
79046;79;Le Bourdet;C
79047;79;Boussais;C
79048;79;La Crèche;C
79049;79;Bressuire;C
79050;79;Bretignolles;C
79055;79;Brieuil-sur-Chizé;C
79056;79;Brion-près-Thouet;C
79057;79;Brioux-sur-Boutonne;C
79058;79;Brûlain;C
79059;79;Le Busseau;C
79061;79;Celles-sur-Belle;C
79062;79;Cerizay;C
79063;79;Val en Vignes;C
79064;79;Fontivillié;C
79066;79;Champdeniers;C
79069;79;Chanteloup;C
79070;79;La Chapelle-Bâton;C
79071;79;La Chapelle-Bertrand;C
79074;79;La Chapelle-Pouilloux;C
79076;79;La Chapelle-Saint-Laurent;C
79077;79;Beugnon-Thireuil;C
79078;79;Plaine-d'Argenson;C
79079;79;Mauléon;C
79080;79;Châtillon-sur-Thouet;C
79081;79;Chauray;B2
79083;79;Chef-Boutonne;C
79084;79;Chenay;C
79085;79;Chérigné;C
79086;79;Cherveux;C
79087;79;Chey;C
79088;79;Chiché;C
79089;79;Le Chillou;C
79090;79;Chizé;C
79091;79;Cirières;C
79092;79;Clavé;C
79094;79;Clessé;C
79095;79;Clussais-la-Pommeraie;C
79096;79;Combrand;C
79100;79;Coulon;C
79101;79;Coulonges-sur-l'Autize;C
79102;79;Coulonges-Thouarsais;C
79103;79;Courlay;C
79104;79;Cours;C
79105;79;Les Châteliers;C
79106;79;Couture-d'Argenson;C
79108;79;Doux;C
79109;79;Échiré;C
79111;79;Ensigné;C
79112;79;Épannes;C
79114;79;Exireuil;C
79115;79;Exoudun;C
79116;79;Faye-l'Abbesse;C
79117;79;Faye-sur-Ardin;C
79118;79;Fénery;C
79119;79;Fenioux;C
79120;79;La Ferrière-en-Parthenay;C
79121;79;Fomperron;C
79122;79;Fontenille-Saint-Martin-d'Entraigues;C
79123;79;La Forêt-sur-Sèvre;C
79124;79;Les Forges;C
79125;79;Fors;C
79126;79;Les Fosses;C
79127;79;La Foye-Monjault;C
79128;79;François;C
79129;79;Fressines;C
79130;79;Frontenay-Rohan-Rohan;C
79131;79;Geay;C
79132;79;Genneton;C
79133;79;Germond-Rouvre;C
79134;79;Glénay;C
79135;79;Gourgé;C
79136;79;Alloinay;C
79137;79;Granzay-Gript;C
79139;79;Les Groseillers;C
79140;79;Valdelaume;C
79141;79;Irais;C
79142;79;Juillé;C
79144;79;Juscorps;C
79145;79;Lageon;C
79147;79;Largeasse;C
79148;79;Lezay;C
79149;79;Lhoumois;C
79150;79;Limalonges;C
79152;79;Lorigné;C
79153;79;Loubigné;C
79154;79;Loubillé;C
79156;79;Louin;C
79157;79;Louzy;C
79158;79;Luché-sur-Brioux;C
79159;79;Luché-Thouarsais;C
79160;79;Lusseray;C
79161;79;Luzay;C
79162;79;Magné;C
79163;79;Mairé-Levescault;C
79164;79;Maisonnay;C
79165;79;Maisontiers;C
79166;79;Marigny;C
79167;79;Marnes;C
79170;79;Mauzé-sur-le-Mignon;C
79172;79;Mazières-en-Gâtine;C
79174;79;Melle;C
79175;79;Melleran;C
79176;79;Ménigoute;C
79177;79;Messé;C
79179;79;Moncoutant-sur-Sèvre;C
79183;79;Montravers;C
79184;79;La Mothe-Saint-Héray;C
79185;79;Aigondigné;C
79189;79;Nanteuil;C
79190;79;Neuvy-Bouin;C
79191;79;Niort;B2
79195;79;Nueil-les-Aubiers;C
79196;79;Plaine-et-Vallées;C
79197;79;Oroux;C
79198;79;Paizay-le-Chapt;C
79200;79;Pamplie;C
79201;79;Pamproux;C
79202;79;Parthenay;C
79203;79;Pas-de-Jeu;C
79204;79;Périgné;C
79207;79;La Petite-Boissière;C
79208;79;La Peyratte;C
79209;79;Pierrefitte;C
79210;79;Le Pin;C
79213;79;Pompaire;C
79215;79;Pougne-Hérisson;C
79216;79;Prahecq;C
79217;79;Prailles-La Couarde;C
79218;79;Pressigny;C
79220;79;Prin-Deyrançon;C
79223;79;Puihardy;C
79225;79;Reffannes;C
79226;79;Le Retail;C
79229;79;La Rochénard;C
79230;79;Rom;C
79231;79;Romans;C
79235;79;Saint-Amand-sur-Sèvre;C
79236;79;Saint-André-sur-Sèvre;C
79238;79;Saint-Aubin-du-Plain;C
79239;79;Saint-Aubin-le-Cloud;C
79241;79;Saint-Christophe-sur-Roc;C
79242;79;Voulmentin;C
79243;79;Saint-Coutant;C
79244;79;Saint-Cyr-la-Lande;C
79246;79;Sainte-Eanne;C
79249;79;Saint-Gelais;C
79250;79;Sainte-Gemme;C
79251;79;Marcillé;C
79252;79;Saint-Généroux;C
79253;79;Saint-Georges-de-Noisné;C
79254;79;Saint-Georges-de-Rex;C
79255;79;Saint-Germain-de-Longue-Chaume;C
79256;79;Saint-Germier;C
79257;79;Saint-Hilaire-la-Palud;C
79258;79;Saint-Jacques-de-Thouars;C
79259;79;Saint-Jean-de-Thouars;C
79263;79;Saint-Laurs;C
79265;79;Saint-Léger-de-Montbrun;C
79267;79;Saint-Lin;C
79268;79;Saint-Loup-Lamairé;C
79269;79;Saint-Maixent-de-Beugné;C
79270;79;Saint-Maixent-l'École;C
79271;79;Saint-Marc-la-Lande;C
79273;79;Saint-Martin-de-Bernegoue;C
79274;79;Saint-Martin-de-Mâcon;C
79276;79;Saint-Martin-de-Saint-Maixent;C
79277;79;Saint-Martin-de-Sanzay;C
79278;79;Saint-Martin-du-Fouilloux;C
79280;79;Saint Maurice Étusson;C
79281;79;Saint-Maxire;C
79283;79;Sainte-Néomaye;C
79284;79;Sainte-Ouenne;C
79285;79;Saint-Pardoux-Soutiers;C
79286;79;Saint-Paul-en-Gâtine;C
79289;79;Saint-Pierre-des-Échaubrognes;C
79290;79;Saint-Pompain;C
79293;79;Saint-Rémy;C
79294;79;Saint-Romans-des-Champs;C
79295;79;Saint-Romans-lès-Melle;C
79297;79;Sainte-Soline;C
79298;79;Saint-Symphorien;C
79299;79;Saint-Varent;C
79300;79;Sainte-Verge;C
79301;79;Saint-Vincent-la-Châtre;C
79302;79;Saivres;C
79303;79;Salles;C
79304;79;Sansais;C
79306;79;Saurais;C
79307;79;Sauzé-entre-Bois;C
79308;79;Sciecq;C
79309;79;Scillé;C
79310;79;Secondigné-sur-Belle;C
79311;79;Secondigny;C
79312;79;Séligné;C
79313;79;Sepvret;C
79316;79;Soudan;C
79319;79;Souvigné;C
79320;79;Surin;C
79322;79;Le Tallud;C
79326;79;Thénezay;C
79329;79;Thouars;C
79331;79;Tourtenay;C
79332;79;Trayes;C
79334;79;Val-du-Mignon;C
79335;79;Vallans;C
79336;79;Vançais;C
79337;79;Le Vanneau-Irleau;C
79338;79;Vanzay;C
79339;79;Vasles;C
79340;79;Vausseroux;C
79341;79;Vautebis;C
79342;79;Vernoux-en-Gâtine;C
79343;79;Vernoux-sur-Boutonne;C
79345;79;Verruyes;C
79346;79;Le Vert;C
79347;79;Viennay;C
79348;79;Villefollet;C
79349;79;Villemain;C
79350;79;Villiers-en-Bois;C
79351;79;Villiers-en-Plaine;C
79352;79;Villiers-sur-Chizé;C
79354;79;Vouhé;C
79355;79;Vouillé;C
79357;79;Xaintray;C
80001;80;Abbeville;B1
80002;80;Ablaincourt-Pressoir;C
80003;80;Acheux-en-Amiénois;C
80004;80;Acheux-en-Vimeu;C
80005;80;Agenville;C
80006;80;Agenvillers;C
80008;80;Aigneville;C
80009;80;Ailly-le-Haut-Clocher;C
80010;80;Ailly-sur-Noye;C
80011;80;Ailly-sur-Somme;C
80013;80;Airaines;C
80014;80;Aizecourt-le-Bas;C
80015;80;Aizecourt-le-Haut;C
80016;80;Albert;C
80017;80;Allaines;C
80018;80;Allenay;C
80019;80;Allery;C
80020;80;Allonville;B2
80021;80;Amiens;B1
80022;80;Andainville;C
80023;80;Andechy;C
80024;80;Argœuves;C
80025;80;Argoules;C
80026;80;Arguel;C
80027;80;Armancourt;C
80028;80;Arquèves;C
80029;80;Arrest;C
80030;80;Arry;C
80031;80;Arvillers;C
80032;80;Assainvillers;C
80033;80;Assevillers;C
80034;80;Athies;C
80035;80;Aubercourt;C
80036;80;Aubigny;C
80037;80;Aubvillers;C
80038;80;Auchonvillers;C
80039;80;Ault;C
80040;80;Aumâtre;C
80041;80;Aumont;C
80042;80;Autheux;C
80043;80;Authie;C
80044;80;Authieule;C
80045;80;Authuille;C
80046;80;Avelesges;C
80047;80;Aveluy;C
80048;80;Avesnes-Chaussoy;C
80049;80;Ayencourt;C
80050;80;Bacouel-sur-Selle;C
80051;80;Bailleul;C
80052;80;Baizieux;C
80053;80;Balâtre;C
80054;80;Barleux;C
80055;80;Barly;C
80056;80;Bavelincourt;C
80057;80;Bayencourt;C
80058;80;Bayonvillers;C
80059;80;Bazentin;C
80060;80;Béalcourt;C
80061;80;Beaucamps-le-Jeune;C
80062;80;Beaucamps-le-Vieux;C
80063;80;Beauchamps;B2
80064;80;Beaucourt-en-Santerre;C
80065;80;Beaucourt-sur-l'Ancre;C
80066;80;Beaucourt-sur-l'Hallue;C
80067;80;Beaufort-en-Santerre;C
80068;80;Beaumetz;C
80069;80;Beaumont-Hamel;C
80070;80;Beauquesne;C
80071;80;Beauval;C
80073;80;Bécordel-Bécourt;C
80074;80;Becquigny;C
80076;80;Béhen;C
80077;80;Béhencourt;C
80078;80;Bellancourt;C
80079;80;Belleuse;C
80080;80;Belloy-en-Santerre;C
80081;80;Belloy-Saint-Léonard;C
80082;80;Belloy-sur-Somme;C
80083;80;Bergicourt;C
80084;80;Bermesnil;C
80085;80;Bernâtre;C
80086;80;Bernaville;C
80087;80;Bernay-en-Ponthieu;C
80088;80;Bernes;C
80089;80;Berneuil;C
80090;80;Berny-en-Santerre;C
80092;80;Bertangles;B2
80093;80;Berteaucourt-les-Dames;C
80094;80;Berteaucourt-lès-Thennes;C
80095;80;Bertrancourt;C
80096;80;Béthencourt-sur-Mer;C
80097;80;Béthencourt-sur-Somme;C
80098;80;Bettembos;C
80099;80;Bettencourt-Rivière;C
80100;80;Bettencourt-Saint-Ouen;C
80101;80;Beuvraignes;C
80102;80;Biaches;C
80103;80;Biarre;C
80104;80;Biencourt;C
80105;80;Billancourt;C
80106;80;Blangy-sous-Poix;C
80107;80;Blangy-Tronville;B2
80108;80;Boisbergues;C
80109;80;Le Boisle;C
80110;80;Boismont;C
80112;80;Bonnay;C
80113;80;Bonneville;C
80114;80;Bosquel;C
80115;80;Bouchavesnes-Bergen;C
80116;80;Bouchoir;C
80117;80;Bouchon;C
80118;80;Boufflers;C
80119;80;Bougainville;C
80120;80;Bouillancourt-en-Séry;C
80121;80;Bouillancourt-la-Bataille;C
80122;80;Bouquemaison;C
80123;80;Bourdon;C
80124;80;Bourseville;C
80125;80;Boussicourt;C
80126;80;Bouttencourt;C
80127;80;Bouvaincourt-sur-Bresle;B2
80128;80;Bouvincourt-en-Vermandois;C
80129;80;Bouzincourt;C
80130;80;Bovelles;B2
80131;80;Boves;B1
80132;80;Braches;C
80133;80;Brailly-Cornehotte;C
80134;80;Brassy;C
80135;80;Bray-lès-Mareuil;C
80136;80;Bray-sur-Somme;C
80137;80;Breilly;C
80138;80;Bresle;C
80139;80;Breuil;C
80140;80;Brévillers;C
80141;80;Brie;C
80142;80;Briquemesnil-Floxicourt;C
80143;80;Brocourt;C
80144;80;Brouchy;C
80145;80;Brucamps;C
80146;80;Brutelles;C
80147;80;Buigny-l'Abbé;C
80148;80;Buigny-lès-Gamaches;C
80149;80;Buigny-Saint-Maclou;C
80150;80;Buire-Courcelles;C
80151;80;Buire-sur-l'Ancre;C
80152;80;Bus-la-Mésière;C
80153;80;Bus-lès-Artois;C
80154;80;Bussu;C
80155;80;Bussus-lès-Yaucourt;C
80156;80;Bussy-lès-Daours;C
80157;80;Bussy-lès-Poix;C
80158;80;Buverchy;C
80159;80;Cachy;C
80160;80;Cagny;B1
80161;80;Cahon;C
80162;80;Caix;C
80163;80;Cambron;C
80164;80;Camon;B1
80165;80;Camps-en-Amiénois;C
80166;80;Canaples;C
80167;80;Canchy;C
80168;80;Candas;C
80169;80;Cannessières;C
80170;80;Cantigny;C
80171;80;Caours;B2
80172;80;Cappy;C
80173;80;Cardonnette;C
80174;80;Le Cardonnois;C
80176;80;Carrépuis;C
80177;80;Cartigny;C
80179;80;Caulières;C
80180;80;Cavillon;C
80181;80;Cayeux-en-Santerre;C
80182;80;Cayeux-sur-Mer;C
80183;80;Cerisy-Buleux;C
80184;80;Cerisy;C
80185;80;Champien;C
80186;80;Chaulnes;C
80187;80;La Chaussée-Tirancourt;C
80188;80;Chaussoy-Epagny;C
80189;80;La Chavatte;C
80190;80;Chépy;C
80191;80;Chilly;C
80192;80;Chipilly;C
80193;80;Chirmont;C
80194;80;Chuignes;C
80195;80;Chuignolles;C
80196;80;Citerne;C
80197;80;Cizancourt;C
80198;80;Clairy-Saulchoix;B2
80199;80;Cléry-sur-Somme;C
80200;80;Cocquerel;C
80201;80;Coigneux;C
80202;80;Coisy;C
80203;80;Colincamps;C
80204;80;Combles;C
80205;80;Condé-Folie;C
80206;80;Contalmaison;C
80207;80;Contay;C
80208;80;Conteville;C
80210;80;Contre;C
80211;80;Conty;C
80212;80;Corbie;C
80213;80;Cottenchy;C
80214;80;Coullemelle;C
80215;80;Coulonvillers;C
80216;80;Courcelette;C
80217;80;Courcelles-au-Bois;C
80218;80;Courcelles-sous-Moyencourt;C
80219;80;Courcelles-sous-Thoix;C
80220;80;Courtemanche;C
80221;80;Cramont;C
80222;80;Crécy-en-Ponthieu;C
80223;80;Crémery;C
80224;80;Cressy-Omencourt;C
80225;80;Creuse;B2
80226;80;Croix-Moligneaux;C
80227;80;Croixrault;C
80228;80;Le Crotoy;B1
80229;80;Crouy-Saint-Pierre;C
80230;80;Curchy;C
80231;80;Curlu;C
80232;80;Damery;C
80233;80;Dancourt-Popincourt;C
80234;80;Daours;C
80235;80;Dargnies;C
80236;80;Davenescourt;C
80237;80;Démuin;C
80238;80;Dernancourt;C
80239;80;Devise;C
80240;80;Doingt;C
80241;80;Domart-en-Ponthieu;C
80242;80;Domart-sur-la-Luce;C
80243;80;Domesmont;C
80244;80;Dominois;C
80245;80;Domléger-Longvillers;C
80246;80;Dommartin;C
80247;80;Dompierre-Becquincourt;C
80248;80;Dompierre-sur-Authie;C
80249;80;Domqueur;C
80250;80;Domvast;C
80251;80;Doudelainville;C
80252;80;Douilly;C
80253;80;Doullens;C
80256;80;Dreuil-lès-Amiens;B1
80258;80;Driencourt;C
80259;80;Dromesnil;C
80260;80;Drucat;B2
80261;80;Dury;B1
80262;80;Eaucourt-sur-Somme;C
80263;80;L'Échelle-Saint-Aurin;C
80264;80;Éclusier-Vaux;C
80265;80;Embreville;C
80266;80;Englebelmer;C
80267;80;Ennemain;C
80268;80;Épagne-Épagnette;C
80269;80;Épaumesnil;C
80270;80;Épécamps;C
80271;80;Épehy;C
80272;80;Épénancourt;C
80273;80;Éplessier;C
80274;80;Eppeville;C
80275;80;Équancourt;C
80276;80;Équennes-Éramecourt;C
80278;80;Erches;C
80279;80;Ercheu;C
80280;80;Ercourt;C
80281;80;Ergnies;C
80282;80;Érondelle;C
80283;80;Esclainvillers;C
80284;80;Esmery-Hallon;C
80285;80;Essertaux;C
80287;80;Estrébœuf;C
80288;80;Estrées-Deniécourt;C
80290;80;Estrées-lès-Crécy;C
80291;80;Estrées-sur-Noye;B2
80292;80;Étalon;C
80293;80;Ételfay;C
80294;80;Éterpigny;C
80295;80;Étinehem-Méricourt;C
80296;80;L'Étoile;C
80297;80;Étréjust;C
80298;80;Étricourt-Manancourt;C
80299;80;La Faloise;C
80300;80;Falvy;C
80301;80;Famechon;C
80302;80;Faverolles;C
80303;80;Favières;C
80304;80;Fay;C
80305;80;Ferrières;C
80306;80;Fescamps;C
80307;80;Feuillères;C
80308;80;Feuquières-en-Vimeu;C
80310;80;Fienvillers;C
80311;80;Fignières;C
80312;80;Fins;C
80313;80;Flaucourt;C
80314;80;Flers;C
80315;80;Flers-sur-Noye;C
80316;80;Flesselles;C
80317;80;Fleury;C
80318;80;Flixecourt;C
80319;80;Fluy;C
80320;80;Folies;C
80321;80;Folleville;C
80322;80;Fonches-Fonchette;C
80324;80;Fontaine-le-Sec;C
80325;80;Fontaine-lès-Cappy;C
80326;80;Fontaine-sous-Montdidier;C
80327;80;Fontaine-sur-Maye;C
80328;80;Fontaine-sur-Somme;C
80329;80;Forceville;C
80330;80;Forceville-en-Vimeu;C
80331;80;Forest-l'Abbaye;C
80332;80;Forest-Montiers;C
80333;80;Fort-Mahon-Plage;C
80334;80;Fossemanant;C
80335;80;Foucaucourt-en-Santerre;C
80336;80;Foucaucourt-Hors-Nesle;C
80337;80;Fouencamps;C
80338;80;Fouilloy;C
80339;80;Fouquescourt;C
80340;80;Fourcigny;C
80341;80;Fourdrinoy;C
80342;80;Framerville-Rainecourt;C
80343;80;Framicourt;C
80344;80;Francières;C
80345;80;Franleu;C
80346;80;Franqueville;C
80347;80;Fransart;C
80348;80;Fransu;C
80349;80;Fransures;C
80350;80;Franvillers;C
80351;80;Fréchencourt;C
80352;80;Frémontiers;C
80353;80;Fresnes-Mazancourt;C
80354;80;Fresnes-Tilloloy;C
80355;80;Fresneville;C
80356;80;Fresnoy-Andainville;C
80357;80;Fresnoy-au-Val;C
80358;80;Fresnoy-en-Chaussée;C
80359;80;Fresnoy-lès-Roye;C
80360;80;Fressenneville;C
80361;80;Frettecuisse;C
80362;80;Frettemeule;C
80364;80;Friaucourt;C
80365;80;Fricamps;C
80366;80;Fricourt;C
80367;80;Frise;C
80368;80;Friville-Escarbotin;C
80369;80;Frohen-sur-Authie;C
80371;80;Froyelles;C
80372;80;Frucourt;C
80373;80;Gamaches;C
80374;80;Gapennes;C
80375;80;Gauville;C
80376;80;Gentelles;C
80377;80;Gézaincourt;C
80378;80;Ginchy;C
80379;80;Glisy;B2
80380;80;Gorenflos;C
80381;80;Gorges;C
80383;80;Goyencourt;C
80384;80;Grandcourt;C
80385;80;Grand-Laviers;B2
80386;80;Gratibus;C
80387;80;Grattepanche;B2
80388;80;Grébault-Mesnil;C
80390;80;Grivesnes;C
80391;80;Grivillers;C
80392;80;Grouches-Luchuel;C
80393;80;Gruny;C
80395;80;Guerbigny;C
80396;80;Gueschart;C
80397;80;Gueudecourt;C
80399;80;Guignemicourt;B2
80400;80;Guillaucourt;C
80401;80;Guillemont;C
80402;80;Guizancourt;C
80403;80;Guyencourt-sur-Noye;C
80404;80;Guyencourt-Saulcourt;C
80405;80;Hailles;C
80406;80;Hallencourt;C
80407;80;Hallivillers;C
80408;80;Halloy-lès-Pernois;C
80409;80;Hallu;C
80410;80;Ham;C
80411;80;Le Hamel;C
80412;80;Hamelet;C
80413;80;Hancourt;C
80414;80;Hangard;C
80415;80;Hangest-en-Santerre;C
80416;80;Hangest-sur-Somme;C
80417;80;Harbonnières;C
80418;80;Hardecourt-aux-Bois;C
80420;80;Harponville;C
80421;80;Hattencourt;C
80422;80;Hautvillers-Ouville;C
80423;80;Havernas;C
80424;80;Hébécourt;B2
80425;80;Hédauville;C
80426;80;Heilly;C
80427;80;Hem-Hardinval;C
80428;80;Hem-Monacu;C
80429;80;Hénencourt;C
80430;80;Herbécourt;C
80431;80;Hérissart;C
80432;80;Herleville;C
80433;80;Herly;C
80434;80;Hervilly;C
80435;80;Hesbécourt;C
80436;80;Hescamps;C
80437;80;Heucourt-Croquoison;C
80438;80;Heudicourt;C
80439;80;Heuzecourt;C
80440;80;Hiermont;C
80442;80;Hombleux;C
80443;80;Hornoy-le-Bourg;C
80444;80;Huchenneville;C
80445;80;Humbercourt;C
80446;80;Huppy;C
80449;80;Ignaucourt;C
80450;80;Inval-Boiron;C
80451;80;Irles;C
80452;80;Jumel;C
80453;80;Laboissière-en-Santerre;C
80455;80;Lachapelle;C
80456;80;Lafresguimont-Saint-Martin;C
80458;80;Lahoussoye;C
80459;80;Laleu;C
80460;80;Lamaronde;C
80461;80;Lamotte-Brebière;C
80462;80;Lamotte-Buleux;C
80463;80;Lamotte-Warfusée;C
80464;80;Lanchères;C
80465;80;Languevoisin-Quiquery;C
80466;80;Lanches-Saint-Hilaire;C
80467;80;Laucourt;C
80468;80;Laviéville;C
80469;80;Lawarde-Mauger-l'Hortoy;C
80470;80;Léalvillers;C
80472;80;Lesbœufs;C
80473;80;Liancourt-Fosse;C
80474;80;Licourt;C
80475;80;Liéramont;C
80476;80;Liercourt;C
80477;80;Ligescourt;C
80478;80;Lignières;C
80479;80;Lignières-Châtelain;C
80480;80;Lignières-en-Vimeu;C
80481;80;Lihons;C
80482;80;Limeux;C
80484;80;Liomer;C
80485;80;Ô-de-Selle;C
80486;80;Long;C
80487;80;Longavesnes;C
80488;80;Longpré-les-Corps-Saints;C
80489;80;Longueau;B1
80490;80;Longueval;C
80491;80;Longuevillette;C
80493;80;Louvencourt;C
80494;80;Louvrechy;C
80495;80;Lucheux;C
80496;80;Machiel;C
80497;80;Machy;C
80498;80;Mailly-Maillet;C
80499;80;Mailly-Raineval;C
80500;80;Maisnières;C
80501;80;Maison-Ponthieu;C
80502;80;Maison-Roland;C
80503;80;Maizicourt;C
80504;80;Malpart;C
80505;80;Carnoy-Mametz;C
80507;80;Marcelcave;C
80508;80;Marché-Allouarde;C
80509;80;Marchélepot-Misery;C
80511;80;Marestmontiers;C
80512;80;Mareuil-Caubert;B2
80513;80;Maricourt;C
80514;80;Marieux;C
80515;80;Marlers;C
80516;80;Marquaix;C
80517;80;Marquivillers;C
80518;80;Martainneville;C
80519;80;Matigny;C
80520;80;Maucourt;C
80521;80;Maurepas;C
80522;80;Le Mazis;C
80523;80;Méaulte;C
80524;80;Méharicourt;C
80525;80;Meigneux;C
80526;80;Le Meillard;C
80527;80;Méneslies;C
80528;80;Méréaucourt;C
80529;80;Mérélessart;C
80530;80;Méricourt-l'Abbé;C
80531;80;Méricourt-en-Vimeu;C
80533;80;Mers-les-Bains;B2
80535;80;Le Mesge;C
80536;80;Mesnil-Bruntel;C
80537;80;Mesnil-Domqueur;C
80538;80;Mesnil-en-Arrouaise;C
80540;80;Mesnil-Martinsart;C
80541;80;Mesnil-Saint-Georges;C
80542;80;Mesnil-Saint-Nicaise;C
80543;80;Métigny;C
80544;80;Mézerolles;C
80545;80;Mézières-en-Santerre;C
80546;80;Miannay;C
80547;80;Millencourt;C
80548;80;Millencourt-en-Ponthieu;C
80549;80;Miraumont;C
80550;80;Mirvaux;C
80552;80;Moislains;C
80553;80;Molliens-au-Bois;C
80554;80;Molliens-Dreuil;C
80555;80;Monchy-Lagache;C
80556;80;Mons-Boubert;C
80557;80;Estrées-Mons;C
80558;80;Monsures;C
80559;80;Montagne-Fayel;C
80560;80;Montauban-de-Picardie;C
80561;80;Montdidier;C
80562;80;Montigny-sur-l'Hallue;C
80563;80;Montigny-les-Jongleurs;C
80565;80;Montonvillers;C
80566;80;Fieffes-Montrelet;C
80568;80;Morchain;C
80569;80;Morcourt;C
80570;80;Moreuil;C
80571;80;Morisel;C
80572;80;Morlancourt;C
80573;80;Morvillers-Saint-Saturnin;C
80574;80;Mouflers;C
80575;80;Mouflières;C
80576;80;Moyencourt;C
80577;80;Moyencourt-lès-Poix;C
80578;80;Moyenneville;C
80579;80;Muille-Villette;C
80580;80;Nampont;C
80582;80;Namps-Maisnil;C
80583;80;Nampty;C
80584;80;Naours;C
80585;80;Nesle;C
80586;80;Nesle-l'Hôpital;C
80587;80;Neslette;C
80588;80;Neufmoulin;C
80589;80;Neuilly-le-Dien;C
80590;80;Neuilly-l'Hôpital;C
80591;80;Neuville-au-Bois;C
80592;80;Neuville-Coppegueule;C
80593;80;La Neuville-lès-Bray;C
80595;80;La Neuville-Sire-Bernard;C
80596;80;Neuvillette;C
80597;80;Nibas;C
80598;80;Nouvion;C
80599;80;Noyelles-en-Chaussée;C
80600;80;Noyelles-sur-Mer;C
80601;80;Nurlu;C
80602;80;Occoches;C
80603;80;Ochancourt;C
80604;80;Offignies;C
80605;80;Offoy;C
80606;80;Oisemont;C
80607;80;Oissy;C
80609;80;Oneux;C
80611;80;Oresmaux;C
80613;80;Oust-Marest;B2
80614;80;Outrebois;C
80615;80;Ovillers-la-Boisselle;C
80616;80;Pargny;C
80617;80;Parvillers-le-Quesnoy;C
80618;80;Pendé;C
80619;80;Pernois;C
80620;80;Péronne;C
80621;80;Hypercourt;C
80622;80;Picquigny;C
80623;80;Piennes-Onvillers;C
80624;80;Pierregot;C
80625;80;Trois-Rivières;C
80626;80;Pissy;B2
80627;80;Plachy-Buyon;C
80628;80;Le Plessier-Rozainvillers;C
80629;80;Pœuilly;C
80630;80;Poix-de-Picardie;C
80631;80;Ponches-Estruval;C
80632;80;Pont-de-Metz;B1
80633;80;Ponthoile;C
80634;80;Pont-Noyelles;C
80635;80;Pont-Remy;C
80637;80;Port-le-Grand;C
80638;80;Potte;C
80639;80;Poulainville;B2
80640;80;Pozières;C
80642;80;Prouville;C
80643;80;Prouzel;C
80644;80;Proyart;C
80645;80;Puchevillers;C
80646;80;Punchy;C
80647;80;Puzeaux;C
80648;80;Pys;C
80649;80;Quend;C
80650;80;Querrieu;C
80651;80;Le Quesne;C
80652;80;Le Quesnel;C
80654;80;Quesnoy-le-Montant;C
80655;80;Quesnoy-sur-Airaines;C
80656;80;Quevauvillers;C
80657;80;Quiry-le-Sec;C
80658;80;Quivières;C
80659;80;Raincheval;C
80661;80;Rainneville;C
80662;80;Ramburelles;C
80663;80;Rambures;C
80664;80;Rancourt;C
80665;80;Regnière-Écluse;C
80666;80;Remaisnil;C
80667;80;Remaugies;C
80668;80;Remiencourt;B2
80669;80;Rethonvillers;C
80670;80;Revelles;B2
80671;80;Ribeaucourt;C
80672;80;Ribemont-sur-Ancre;C
80673;80;Riencourt;C
80674;80;Rivery;B1
80675;80;Rogy;C
80676;80;Roiglise;C
80677;80;Roisel;C
80678;80;Rollot;C
80679;80;Ronssoy;C
80680;80;Rosières-en-Santerre;C
80681;80;Rouvrel;C
80682;80;Rouvroy-en-Santerre;C
80683;80;Rouy-le-Grand;C
80684;80;Rouy-le-Petit;C
80685;80;Roye;C
80686;80;Rubempré;C
80687;80;Rubescourt;C
80688;80;Rue;C
80690;80;Rumigny;B2
80691;80;Saigneville;C
80692;80;Sailly-Flibeaucourt;C
80693;80;Sailly-Laurette;C
80694;80;Sailly-le-Sec;C
80695;80;Sailly-Saillisel;C
80696;80;Sains-en-Amiénois;B2
80697;80;Saint-Acheul;C
80698;80;Saint-Aubin-Montenoy;C
80699;80;Saint-Aubin-Rivière;C
80700;80;Saint-Blimont;C
80701;80;Saint-Christ-Briost;C
80702;80;Saint-Fuscien;B2
80703;80;Saint-Germain-sur-Bresle;C
80704;80;Saint-Gratien;C
80705;80;Saint-Léger-lès-Authie;C
80706;80;Saint-Léger-lès-Domart;C
80707;80;Saint-Léger-sur-Bresle;C
80708;80;Saint-Mard;C
80709;80;Saint-Maulvis;C
80710;80;Saint-Maxent;C
80711;80;Saint-Ouen;C
80713;80;Saint-Quentin-en-Tourmont;C
80714;80;Saint-Quentin-la-Motte-Croix-au-Bailly;C
80716;80;Saint-Riquier;C
80717;80;Saint-Sauflieu;B2
80718;80;Saint-Sauveur;C
80719;80;Sainte-Segrée;C
80721;80;Saint-Valery-sur-Somme;B1
80722;80;Saint-Vaast-en-Chaussée;C
80723;80;Saisseval;C
80724;80;Saleux;B1
80725;80;Salouël;B1
80726;80;Sancourt;C
80728;80;Saulchoy-sous-Poix;C
80729;80;Sauvillers-Mongival;C
80730;80;Saveuse;B2
80732;80;Senarpont;C
80733;80;Senlis-le-Sec;C
80734;80;Sentelie;C
80735;80;Seux;C
80736;80;Sorel-en-Vimeu;C
80737;80;Sorel;C
80738;80;Soues;C
80740;80;Sourdon;C
80741;80;Soyécourt;C
80742;80;Surcamps;C
80743;80;Suzanne;C
80744;80;Tailly;C
80746;80;Talmas;C
80747;80;Templeux-la-Fosse;C
80748;80;Templeux-le-Guérard;C
80749;80;Terramesnil;C
80750;80;Tertry;C
80751;80;Thennes;C
80752;80;Thézy-Glimont;B2
80753;80;Thiepval;C
80754;80;Thieulloy-l'Abbaye;C
80755;80;Thieulloy-la-Ville;C
80756;80;Thièvres;C
80757;80;Thoix;C
80758;80;Thory;C
80759;80;Tilloloy;C
80760;80;Tilloy-Floriville;C
80762;80;Tincourt-Boucly;C
80763;80;Le Titre;C
80764;80;Tœufles;C
80765;80;Tours-en-Vimeu;C
80766;80;Toutencourt;C
80767;80;Le Translay;C
80769;80;Treux;C
80770;80;Tully;C
80771;80;Ugny-l'Équipée;C
80773;80;Vadencourt;C
80774;80;Vaire-sous-Corbie;C
80775;80;Valines;C
80776;80;Varennes;C
80777;80;Vauchelles-lès-Authie;C
80778;80;Vauchelles-lès-Domart;C
80779;80;Vauchelles-les-Quesnoy;C
80780;80;Vaudricourt;C
80781;80;Vauvillers;C
80782;80;Vaux-en-Amiénois;C
80783;80;Vaux-Marquenneville;C
80784;80;Vaux-sur-Somme;C
80785;80;Vecquemont;C
80786;80;Velennes;C
80787;80;Vercourt;C
80788;80;Vergies;C
80789;80;Vermandovillers;C
80790;80;Verpillières;C
80791;80;Vers-sur-Selle;B2
80792;80;La Vicogne;C
80793;80;Vignacourt;C
80794;80;Villecourt;C
80795;80;Ville-le-Marclet;C
80796;80;Villeroy;C
80797;80;Villers-aux-Érables;C
80798;80;Villers-Bocage;C
80799;80;Villers-Bretonneux;C
80800;80;Villers-Campsart;C
80801;80;Villers-Carbonnel;C
80802;80;Villers-Faucon;C
80803;80;Villers-lès-Roye;C
80804;80;Villers-sous-Ailly;C
80805;80;Villers-Tournelle;C
80806;80;Villers-sur-Authie;C
80807;80;Ville-sur-Ancre;C
80808;80;Vironchaux;C
80809;80;Vismes;C
80810;80;Vitz-sur-Authie;C
80811;80;Voyennes;C
80812;80;Vraignes-en-Vermandois;C
80813;80;Vraignes-lès-Hornoy;C
80814;80;Vrély;C
80815;80;Vron;C
80819;80;Wargnies;C
80820;80;Warloy-Baillon;C
80821;80;Warlus;C
80822;80;Warsy;C
80823;80;Warvillers;C
80824;80;Wiencourt-l'Équipée;C
80825;80;Wiry-au-Mont;C
80826;80;Woignarue;C
80827;80;Woincourt;C
80828;80;Woirel;C
80829;80;Y;C
80832;80;Yvrench;C
80833;80;Yvrencheux;C
80834;80;Yzengremer;C
80835;80;Yzeux;C
80836;80;Yonval;C
81001;81;Aguts;C
81002;81;Aiguefonde;C
81003;81;Alban;C
81004;81;Albi;B1
81005;81;Albine;C
81006;81;Algans;C
81007;81;Alos;C
81008;81;Almayrac;C
81009;81;Amarens;C
81010;81;Ambialet;C
81011;81;Ambres;C
81012;81;Andillac;C
81013;81;Andouque;C
81014;81;Anglès;C
81015;81;Appelle;C
81016;81;Arfons;C
81017;81;Arifat;C
81018;81;Arthès;B2
81019;81;Assac;C
81020;81;Aussac;C
81021;81;Aussillon;C
81022;81;Bannières;C
81023;81;Barre;C
81024;81;Beauvais-sur-Tescou;C
81025;81;Belcastel;C
81026;81;Bellegarde-Marsal;C
81027;81;Belleserre;C
81028;81;Berlats;C
81029;81;Bernac;C
81030;81;Bertre;C
81031;81;Le Bez;C
81032;81;Blan;C
81033;81;Blaye-les-Mines;C
81034;81;Boissezon;C
81035;81;Bournazel;C
81036;81;Bout-du-Pont-de-Larn;C
81037;81;Brassac;C
81038;81;Brens;C
81039;81;Briatexte;C
81040;81;Brousse;C
81041;81;Broze;C
81042;81;Burlats;B2
81043;81;Busque;C
81044;81;Cabanès;C
81045;81;Les Cabannes;C
81046;81;Cadalen;C
81047;81;Cadix;C
81048;81;Cagnac-les-Mines;C
81049;81;Cahuzac;C
81050;81;Cambon-lès-Lavaur;C
81051;81;Cahuzac-sur-Vère;C
81052;81;Cambon;B2
81053;81;Cambounès;C
81054;81;Cambounet-sur-le-Sor;B2
81055;81;Les Cammazes;C
81056;81;Campagnac;C
81058;81;Carbes;C
81059;81;Carlus;C
81060;81;Carmaux;C
81061;81;Castanet;C
81062;81;Fontrieu;C
81063;81;Castelnau-de-Lévis;B2
81064;81;Castelnau-de-Montmiral;C
81065;81;Castres;B2
81066;81;Caucalières;C
81067;81;Cestayrols;C
81068;81;Combefa;C
81069;81;Cordes-sur-Ciel;C
81070;81;Coufouleux;C
81071;81;Courris;C
81072;81;Crespin;C
81073;81;Crespinet;C
81074;81;Cunac;B2
81075;81;Cuq;C
81076;81;Cuq-Toulza;C
81077;81;Curvalle;C
81078;81;Damiatte;C
81079;81;Dénat;C
81080;81;Donnazac;C
81081;81;Dourgne;C
81082;81;Le Dourn;C
81083;81;Durfort;C
81084;81;Escoussens;C
81085;81;Lacapelle-Escroux;C
81086;81;Espérausses;C
81087;81;Fayssac;C
81088;81;Fauch;C
81089;81;Faussergues;C
81090;81;Fénols;C
81092;81;Fiac;C
81093;81;Florentin;C
81094;81;Fraissines;C
81095;81;Frausseilles;C
81096;81;Le Fraysse;C
81097;81;Fréjairolles;C
81098;81;Fréjeville;C
81099;81;Gaillac;C
81100;81;Garrevaques;C
81101;81;Le Garric;C
81102;81;Garrigues;C
81103;81;Gijounet;C
81104;81;Giroussens;C
81105;81;Graulhet;C
81106;81;Grazac;C
81108;81;Itzac;C
81109;81;Jonquières;C
81110;81;Jouqueviel;C
81111;81;Labarthe-Bleys;C
81112;81;Labastide-de-Lévis;C
81114;81;Labastide-Gabausse;C
81115;81;Labastide-Rouairoux;C
81116;81;Labastide-Saint-Georges;C
81117;81;Labessière-Candeil;C
81118;81;Laboulbène;C
81119;81;Laboutarie;C
81120;81;Labruguière;C
81121;81;Lacabarède;C
81122;81;Lacapelle-Pinet;C
81123;81;Lacapelle-Ségalar;C
81124;81;Lacaune;C
81125;81;Lacaze;C
81126;81;Lacougotte-Cadoul;C
81127;81;Lacroisille;C
81128;81;Lacrouzette;C
81129;81;Lagardiolle;C
81130;81;Lagarrigue;C
81131;81;Lagrave;C
81132;81;Guitalens-L'Albarède;C
81133;81;Lamillarié;C
81134;81;Lamontélarié;C
81135;81;Laparrouquial;C
81136;81;Larroque;C
81137;81;Lasfaillades;C
81138;81;Lasgraisses;C
81139;81;Lautrec;C
81140;81;Lavaur;C
81141;81;Lédas-et-Penthiès;C
81142;81;Lempaut;C
81143;81;Lescout;C
81144;81;Lescure-d'Albigeois;B2
81145;81;Lisle-sur-Tarn;C
81146;81;Livers-Cazelles;C
81147;81;Lombers;C
81148;81;Loubers;C
81149;81;Loupiac;C
81150;81;Lugan;C
81151;81;Magrin;C
81152;81;Mailhoc;C
81154;81;Marnaves;C
81156;81;Marssac-sur-Tarn;B2
81157;81;Marzens;C
81158;81;Le Masnau-Massuguiès;C
81159;81;Massac-Séran;C
81160;81;Massaguel;C
81161;81;Massals;C
81162;81;Maurens-Scopont;C
81163;81;Mazamet;C
81164;81;Mézens;C
81165;81;Milhars;C
81166;81;Milhavet;C
81167;81;Miolles;C
81168;81;Mirandol-Bourgnounac;C
81169;81;Missècle;C
81170;81;Monestiés;C
81171;81;Montans;C
81172;81;Montauriol;C
81173;81;Montcabrier;C
81174;81;Montdragon;C
81175;81;Montdurausse;C
81176;81;Montels;C
81177;81;Montfa;C
81178;81;Montgaillard;C
81179;81;Montgey;C
81180;81;Montirat;C
81181;81;Montpinier;C
81182;81;Montredon-Labessonnié;C
81183;81;Mont-Roc;C
81184;81;Montrosier;C
81185;81;Montvalen;C
81186;81;Moularès;C
81187;81;Moulayrès;C
81188;81;Moulin-Mage;C
81189;81;Mouzens;C
81190;81;Mouzieys-Teulet;C
81191;81;Mouzieys-Panens;C
81192;81;Murat-sur-Vèbre;C
81193;81;Nages;C
81195;81;Navès;C
81196;81;Noailhac;C
81197;81;Noailles;C
81198;81;Orban;C
81199;81;Padiès;C
81200;81;Palleville;C
81201;81;Pampelonne;C
81202;81;Parisot;C
81203;81;Paulinet;C
81204;81;Payrin-Augmontel;C
81205;81;Péchaudier;C
81206;81;Penne;C
81207;81;Peyregoux;C
81208;81;Peyrole;C
81209;81;Pont-de-Larn;C
81210;81;Poudis;C
81211;81;Poulan-Pouzols;C
81212;81;Prades;C
81213;81;Pratviel;C
81214;81;Puéchoursi;C
81215;81;Puybegon;C
81216;81;Puycalvel;C
81217;81;Puycelsi;C
81218;81;Puygouzon;B2
81219;81;Puylaurens;C
81220;81;Rabastens;C
81221;81;Rayssac;C
81222;81;Réalmont;C
81223;81;Le Rialet;C
81224;81;Le Riols;C
81225;81;Rivières;C
81227;81;Roquecourbe;B2
81228;81;Roquemaure;C
81229;81;Roquevidal;C
81230;81;Rosières;C
81231;81;Rouairoux;C
81232;81;Rouffiac;C
81233;81;Terre-de-Bancalié;C
81234;81;Roussayrolles;C
81235;81;Saint-Affrique-les-Montagnes;C
81236;81;Saint-Agnan;C
81237;81;Saint-Amancet;C
81238;81;Saint-Amans-Soult;C
81239;81;Saint-Amans-Valtoret;C
81240;81;Saint-André;C
81242;81;Saint-Avit;C
81243;81;Saint-Beauzile;C
81244;81;Saint-Benoît-de-Carmaux;C
81245;81;Saint-Christophe;C
81246;81;Sainte-Cécile-du-Cayrou;C
81247;81;Saint-Cirgue;C
81248;81;Saint-Gauzens;C
81249;81;Sainte-Gemme;C
81250;81;Saint-Genest-de-Contest;C
81251;81;Saint-Germain-des-Prés;C
81252;81;Saint-Germier;C
81253;81;Saint-Grégoire;C
81254;81;Saint-Jean-de-Marcel;C
81255;81;Saint-Jean-de-Rives;C
81256;81;Saint-Jean-de-Vals;C
81257;81;Saint-Juéry;B2
81258;81;Saint-Julien-du-Puy;C
81259;81;Saint-Julien-Gaulène;C
81261;81;Saint-Lieux-lès-Lavaur;C
81262;81;Saint-Marcel-Campes;C
81263;81;Saint-Martin-Laguépie;C
81264;81;Saint-Michel-Labadié;C
81265;81;Saint-Michel-de-Vax;C
81266;81;Saint-Paul-Cap-de-Joux;C
81267;81;Saint-Pierre-de-Trivisy;C
81268;81;Saint-Salvi-de-Carcavès;C
81269;81;Saint-Salvy-de-la-Balme;C
81270;81;Saint-Sernin-lès-Lavaur;C
81271;81;Saint-Sulpice-la-Pointe;B1
81272;81;Saint-Urcisse;C
81273;81;Saïx;B2
81274;81;Saliès;C
81275;81;Salles;C
81276;81;Salvagnac;C
81277;81;Saussenac;C
81278;81;Sauveterre;C
81279;81;La Sauzière-Saint-Jean;C
81280;81;Le Ségur;C
81281;81;Sémalens;C
81282;81;Senaux;C
81283;81;Senouillac;C
81284;81;Le Sequestre;B2
81285;81;Sérénac;C
81286;81;Serviès;C
81287;81;Sieurac;C
81288;81;Sorèze;C
81289;81;Soual;C
81290;81;Souel;C
81291;81;Taïx;C
81292;81;Tanus;C
81293;81;Tauriac;C
81294;81;Técou;C
81295;81;Teillet;C
81297;81;Terssac;B2
81298;81;Teulat;C
81299;81;Teyssode;C
81300;81;Tonnac;C
81302;81;Tréban;C
81303;81;Trébas;C
81304;81;Trévien;C
81305;81;Vabre;C
81306;81;Valderiès;C
81307;81;Valdurenque;C
81308;81;Valence-d'Albigeois;C
81309;81;Vaour;C
81310;81;Veilhes;C
81311;81;Vénès;C
81312;81;Verdalle;C
81313;81;Le Verdier;C
81314;81;Viane;C
81315;81;Vielmur-sur-Agout;C
81316;81;Vieux;C
81317;81;Villefranche-d'Albigeois;C
81318;81;Villeneuve-lès-Lavaur;C
81319;81;Villeneuve-sur-Vère;C
81320;81;Vindrac-Alayrac;C
81321;81;Le Vintrou;C
81322;81;Virac;C
81323;81;Viterbe;C
81324;81;Viviers-lès-Lavaur;C
81325;81;Viviers-lès-Montagnes;B2
81326;81;Sainte-Croix;C
82001;82;Albefeuille-Lagarde;C
82002;82;Albias;C
82003;82;Angeville;C
82004;82;Asques;C
82005;82;Aucamville;C
82006;82;Auterive;C
82007;82;Auty;C
82008;82;Auvillar;C
82009;82;Balignac;C
82010;82;Bardigues;C
82011;82;Barry-d'Islemade;C
82012;82;Les Barthes;C
82013;82;Beaumont-de-Lomagne;C
82014;82;Beaupuy;C
82015;82;Belbèze-en-Lomagne;C
82016;82;Belvèze;C
82017;82;Bessens;C
82018;82;Bioule;C
82019;82;Boudou;C
82020;82;Bouillac;C
82021;82;Bouloc-en-Quercy;C
82022;82;Bourg-de-Visa;C
82023;82;Bourret;C
82024;82;Brassac;C
82025;82;Bressols;B2
82026;82;Bruniquel;C
82027;82;Campsas;C
82028;82;Canals;C
82029;82;Castanet;C
82030;82;Castelferrus;C
82031;82;Castelmayran;C
82032;82;Castelsagrat;C
82033;82;Castelsarrasin;C
82034;82;Castéra-Bouzet;C
82035;82;Caumont;C
82036;82;Le Causé;C
82037;82;Caussade;C
82038;82;Caylus;C
82039;82;Cayrac;C
82040;82;Cayriech;C
82041;82;Cazals;C
82042;82;Cazes-Mondenard;C
82043;82;Comberouger;C
82044;82;Corbarieu;B2
82045;82;Cordes-Tolosannes;C
82046;82;Coutures;C
82047;82;Cumont;C
82048;82;Dieupentale;C
82049;82;Donzac;C
82050;82;Dunes;C
82051;82;Durfort-Lacapelette;C
82052;82;Escatalens;C
82053;82;Escazeaux;C
82054;82;Espalais;C
82055;82;Esparsac;C
82056;82;Espinas;C
82057;82;Fabas;C
82058;82;Fajolles;C
82059;82;Faudoas;C
82060;82;Fauroux;C
82061;82;Féneyrols;C
82062;82;Finhan;C
82063;82;Garganvillar;C
82064;82;Gariès;C
82065;82;Gasques;C
82066;82;Génébrières;C
82067;82;Gensac;C
82068;82;Gimat;C
82069;82;Ginals;C
82070;82;Glatens;C
82071;82;Goas;C
82072;82;Golfech;C
82073;82;Goudourville;C
82074;82;Gramont;C
82075;82;Grisolles;C
82076;82;L'Honor-de-Cos;C
82077;82;Labarthe;C
82078;82;Labastide-de-Penne;C
82079;82;Labastide-Saint-Pierre;C
82080;82;Labastide-du-Temple;C
82081;82;Labourgade;C
82082;82;Lacapelle-Livron;C
82083;82;Lachapelle;C
82084;82;Lacour;C
82085;82;Lacourt-Saint-Pierre;B2
82086;82;Lafitte;C
82087;82;Lafrançaise;C
82088;82;Laguépie;C
82089;82;Lamagistère;C
82090;82;Lamothe-Capdeville;C
82091;82;Lamothe-Cumont;C
82092;82;Lapenche;C
82093;82;Larrazet;C
82094;82;Lauzerte;C
82095;82;Lavaurette;C
82096;82;La Ville-Dieu-du-Temple;C
82097;82;Lavit;C
82098;82;Léojac;B2
82099;82;Lizac;C
82100;82;Loze;C
82101;82;Malause;C
82102;82;Mansonville;C
82103;82;Marignac;C
82104;82;Marsac;C
82105;82;Mas-Grenier;C
82106;82;Maubec;C
82107;82;Maumusson;C
82108;82;Meauzac;C
82109;82;Merles;C
82110;82;Mirabel;C
82111;82;Miramont-de-Quercy;C
82112;82;Moissac;C
82113;82;Molières;C
82114;82;Monbéqui;C
82115;82;Monclar-de-Quercy;C
82116;82;Montagudet;C
82117;82;Montaigu-de-Quercy;C
82118;82;Montaïn;C
82119;82;Montalzat;C
82120;82;Montastruc;C
82121;82;Montauban;B1
82122;82;Montbarla;C
82123;82;Montbartier;C
82124;82;Montbeton;B2
82125;82;Montech;C
82126;82;Monteils;C
82127;82;Montesquieu;C
82128;82;Montfermier;C
82129;82;Montgaillard;C
82130;82;Montjoi;C
82131;82;Montpezat-de-Quercy;C
82132;82;Montricoux;C
82133;82;Mouillac;C
82134;82;Nègrepelisse;C
82135;82;Nohic;C
82136;82;Orgueil;C
82137;82;Parisot;C
82138;82;Perville;C
82139;82;Le Pin;C
82140;82;Piquecos;C
82141;82;Pommevic;C
82142;82;Pompignan;C
82143;82;Poupas;C
82144;82;Puycornet;C
82145;82;Puygaillard-de-Quercy;C
82146;82;Puygaillard-de-Lomagne;C
82147;82;Puylagarde;C
82148;82;Puylaroque;C
82149;82;Réalville;C
82150;82;Reyniès;C
82151;82;Roquecor;C
82152;82;Saint-Aignan;C
82153;82;Saint-Amans-du-Pech;C
82154;82;Saint-Amans-de-Pellagal;C
82155;82;Saint-Antonin-Noble-Val;C
82156;82;Saint-Arroumex;C
82157;82;Saint-Beauzeil;C
82158;82;Saint-Cirice;C
82159;82;Saint-Cirq;C
82160;82;Saint-Clair;C
82161;82;Saint-Étienne-de-Tulmont;B2
82162;82;Saint-Georges;C
82163;82;Saint-Jean-du-Bouzet;C
82164;82;Sainte-Juliette;C
82165;82;Saint-Loup;C
82166;82;Saint-Michel;C
82167;82;Saint-Nauphary;B2
82168;82;Saint-Nazaire-de-Valentane;C
82169;82;Saint-Nicolas-de-la-Grave;C
82170;82;Saint-Paul-d'Espis;C
82171;82;Saint-Porquier;C
82172;82;Saint-Projet;C
82173;82;Saint-Sardos;C
82174;82;Saint-Vincent-d'Autéjac;C
82175;82;Saint-Vincent-Lespinasse;C
82176;82;La Salvetat-Belmontet;C
82177;82;Sauveterre;C
82178;82;Savenès;C
82179;82;Septfonds;C
82180;82;Sérignac;C
82181;82;Sistels;C
82182;82;Touffailles;C
82183;82;Tréjouls;C
82184;82;Vaïssac;C
82185;82;Valeilles;C
82186;82;Valence;C
82187;82;Varen;C
82188;82;Varennes;C
82189;82;Vazerac;C
82190;82;Verdun-sur-Garonne;C
82191;82;Verfeil;C
82192;82;Verlhac-Tescou;C
82193;82;Vigueron;C
82194;82;Villebrumier;C
82195;82;Villemade;B2
83001;83;Les Adrets-de-l'Estérel;A
83002;83;Aiguines;C
83003;83;Ampus;C
83004;83;Les Arcs;B1
83005;83;Artignosc-sur-Verdon;C
83006;83;Artigues;C
83007;83;Aups;C
83008;83;Bagnols-en-Forêt;B2
83009;83;Bandol;A
83010;83;Bargème;C
83011;83;Bargemon;C
83012;83;Barjols;C
83013;83;La Bastide;C
83014;83;Baudinard-sur-Verdon;C
83015;83;Bauduen;C
83016;83;Le Beausset;A
83017;83;Belgentier;A
83018;83;Besse-sur-Issole;B2
83019;83;Bormes-les-Mimosas;A
83020;83;Le Bourguet;C
83021;83;Bras;C
83022;83;Brenon;C
83023;83;Brignoles;B1
83025;83;Brue-Auriac;C
83026;83;Cabasse;C
83027;83;La Cadière-d'Azur;A
83028;83;Callas;B2
83029;83;Callian;B1
83030;83;Camps-la-Source;B2
83031;83;Le Cannet-des-Maures;B1
83032;83;Carcès;B1
83033;83;Carnoules;B2
83034;83;Carqueiranne;A
83035;83;Le Castellet;A
83036;83;Cavalaire-sur-Mer;A
83037;83;La Celle;B1
83038;83;Châteaudouble;C
83039;83;Châteauvert;C
83040;83;Châteauvieux;C
83041;83;Claviers;C
83042;83;Cogolin;A
83043;83;Collobrières;B2
83044;83;Comps-sur-Artuby;C
83045;83;Correns;C
83046;83;Cotignac;B1
83047;83;La Crau;A
83048;83;La Croix-Valmer;A
83049;83;Cuers;A
83050;83;Draguignan;B1
83051;83;Entrecasteaux;C
83052;83;Esparron;C
83053;83;Évenos;A
83054;83;La Farlède;A
83055;83;Fayence;A
83056;83;Figanières;B1
83057;83;Flassans-sur-Issole;B2
83058;83;Flayosc;B1
83059;83;Forcalqueiret;B2
83060;83;Fox-Amphoux;C
83061;83;Fréjus;A
83062;83;La Garde;A
83063;83;La Garde-Freinet;B1
83064;83;Garéoult;B1
83065;83;Gassin;Abis
83066;83;Ginasservis;C
83067;83;Gonfaron;B2
83068;83;Grimaud;A
83069;83;Hyères;A
83070;83;Le Lavandou;A
83071;83;La Londe-les-Maures;A
83072;83;Lorgues;B1
83073;83;Le Luc;B1
83074;83;La Martre;C
83075;83;Les Mayons;B2
83076;83;Mazaugues;C
83077;83;Méounes-lès-Montrieux;B2
83078;83;Moissac-Bellevue;C
83079;83;La Môle;B1
83080;83;Mons;B2
83081;83;Montauroux;A
83082;83;Montferrat;C
83083;83;Montfort-sur-Argens;C
83084;83;Montmeyan;C
83085;83;La Motte;B1
83086;83;Le Muy;B1
83087;83;Nans-les-Pins;B1
83088;83;Néoules;B2
83089;83;Ollières;B1
83090;83;Ollioules;A
83091;83;Pierrefeu-du-Var;B1
83092;83;Pignans;B1
83093;83;Plan-d'Aups-Sainte-Baume;B1
83094;83;Le Plan-de-la-Tour;A
83095;83;Pontevès;C
83096;83;Pourcieux;B1
83097;83;Pourrières;B1
83098;83;Le Pradet;A
83099;83;Puget-sur-Argens;A
83100;83;Puget-Ville;B1
83101;83;Ramatuelle;Abis
83102;83;Régusse;C
83103;83;Le Revest-les-Eaux;A
83104;83;Rians;B2
83105;83;Riboux;B2
83106;83;Rocbaron;B1
83107;83;Roquebrune-sur-Argens;A
83108;83;La Roquebrussanne;B2
83109;83;La Roque-Esclapon;C
83110;83;Rougiers;B1
83111;83;Sainte-Anastasie-sur-Issole;B2
83112;83;Saint-Cyr-sur-Mer;A
83113;83;Saint-Julien;C
83114;83;Saint-Martin-de-Pallières;C
83115;83;Sainte-Maxime;A
83116;83;Saint-Maximin-la-Sainte-Baume;B1
83117;83;Saint-Paul-en-Forêt;B1
83118;83;Saint-Raphaël;A
83119;83;Saint-Tropez;A
83120;83;Saint-Zacharie;A
83121;83;Salernes;C
83122;83;Les Salles-sur-Verdon;C
83123;83;Sanary-sur-Mer;A
83124;83;Seillans;B1
83125;83;Seillons-Source-d'Argens;B1
83126;83;La Seyne-sur-Mer;A
83127;83;Signes;B1
83128;83;Sillans-la-Cascade;C
83129;83;Six-Fours-les-Plages;A
83130;83;Solliès-Pont;A
83131;83;Solliès-Toucas;A
83132;83;Solliès-Ville;A
83133;83;Tanneron;B1
83134;83;Taradeau;B1
83135;83;Tavernes;C
83136;83;Le Thoronet;B2
83137;83;Toulon;A
83138;83;Tourrettes;B1
83139;83;Tourtour;C
83140;83;Tourves;B1
83141;83;Trans-en-Provence;B1
83142;83;Trigance;C
83143;83;Le Val;B1
83144;83;La Valette-du-Var;A
83145;83;Varages;C
83146;83;La Verdière;C
83147;83;Vérignon;C
83148;83;Vidauban;B1
83149;83;Villecroze;C
83150;83;Vinon-sur-Verdon;B1
83151;83;Vins-sur-Caramy;C
83152;83;Rayol-Canadel-sur-Mer;A
83153;83;Saint-Mandrier-sur-Mer;A
83154;83;Saint-Antonin-du-Var;C
84001;84;Althen-des-Paluds;B1
84002;84;Ansouis;C
84003;84;Apt;C
84004;84;Aubignan;B1
84005;84;Aurel;C
84006;84;Auribeau;C
84007;84;Avignon;B1
84008;84;Le Barroux;C
84009;84;La Bastide-des-Jourdans;C
84010;84;La Bastidonne;B1
84011;84;Le Beaucet;B2
84012;84;Beaumes-de-Venise;B1
84013;84;Beaumettes;C
84014;84;Beaumont-de-Pertuis;C
84015;84;Beaumont-du-Ventoux;C
84016;84;Bédarrides;B1
84017;84;Bédoin;B1
84018;84;Blauvac;C
84019;84;Bollène;C
84020;84;Bonnieux;C
84021;84;Brantes;C
84022;84;Buisson;C
84023;84;Buoux;C
84024;84;Cabrières-d'Aigues;C
84025;84;Cabrières-d'Avignon;C
84026;84;Cadenet;B1
84027;84;Caderousse;B1
84028;84;Cairanne;C
84029;84;Camaret-sur-Aigues;B1
84030;84;Caromb;B1
84031;84;Carpentras;B1
84032;84;Caseneuve;C
84033;84;Castellet-en-Luberon;C
84034;84;Caumont-sur-Durance;B1
84035;84;Cavaillon;B1
84036;84;Châteauneuf-de-Gadagne;B1
84037;84;Châteauneuf-du-Pape;C
84038;84;Cheval-Blanc;B1
84039;84;Courthézon;B1
84040;84;Crestet;C
84041;84;Crillon-le-Brave;B2
84042;84;Cucuron;C
84043;84;Entraigues-sur-la-Sorgue;B1
84044;84;Entrechaux;C
84045;84;Faucon;C
84046;84;Flassan;C
84047;84;Gargas;C
84048;84;Gignac;C
84049;84;Gigondas;C
84050;84;Gordes;C
84051;84;Goult;C
84052;84;Grambois;C
84053;84;Grillon;C
84054;84;L'Isle-sur-la-Sorgue;B1
84055;84;Jonquerettes;B1
84056;84;Jonquières;B1
84057;84;Joucas;C
84058;84;Lacoste;C
84059;84;Lafare;C
84060;84;Lagarde-d'Apt;C
84061;84;Lagarde-Paréol;C
84062;84;Lagnes;C
84063;84;Lamotte-du-Rhône;C
84064;84;Lapalud;C
84065;84;Lauris;B1
84066;84;Lioux;C
84067;84;Loriol-du-Comtat;B1
84068;84;Lourmarin;C
84069;84;Malaucène;C
84070;84;Malemort-du-Comtat;C
84071;84;Maubec;B2
84072;84;Mazan;B1
84073;84;Ménerbes;C
84074;84;Mérindol;C
84075;84;Méthamis;C
84076;84;Mirabeau;C
84077;84;Modène;B1
84078;84;Mondragon;C
84079;84;Monieux;C
84080;84;Monteux;B1
84081;84;Morières-lès-Avignon;B1
84082;84;Mormoiron;C
84083;84;Mornas;C
84084;84;La Motte-d'Aigues;C
84085;84;Murs;C
84086;84;Oppède;C
84087;84;Orange;B1
84088;84;Pernes-les-Fontaines;B1
84089;84;Pertuis;B1
84090;84;Peypin-d'Aigues;C
84091;84;Piolenc;B1
84092;84;Le Pontet;B1
84093;84;Puget;C
84094;84;Puyméras;C
84095;84;Puyvert;C
84096;84;Rasteau;C
84097;84;Richerenches;C
84098;84;Roaix;C
84099;84;Robion;B1
84100;84;La Roque-Alric;C
84101;84;La Roque-sur-Pernes;B2
84102;84;Roussillon;C
84103;84;Rustrel;C
84104;84;Sablet;C
84105;84;Saignon;C
84106;84;Sainte-Cécile-les-Vignes;C
84107;84;Saint-Christol;C
84108;84;Saint-Didier;B1
84109;84;Saint-Hippolyte-le-Graveyron;B2
84110;84;Saint-Léger-du-Ventoux;C
84111;84;Saint-Marcellin-lès-Vaison;C
84112;84;Saint-Martin-de-Castillon;C
84113;84;Saint-Martin-de-la-Brasque;C
84114;84;Saint-Pantaléon;C
84115;84;Saint-Pierre-de-Vassols;B2
84116;84;Saint-Romain-en-Viennois;C
84117;84;Saint-Roman-de-Malegarde;C
84118;84;Saint-Saturnin-lès-Apt;C
84119;84;Saint-Saturnin-lès-Avignon;B1
84120;84;Saint-Trinit;C
84121;84;Sannes;C
84122;84;Sarrians;B1
84123;84;Sault;C
84124;84;Saumane-de-Vaucluse;B1
84125;84;Savoillan;C
84126;84;Séguret;C
84127;84;Sérignan-du-Comtat;C
84128;84;Sivergues;C
84129;84;Sorgues;B1
84130;84;Suzette;C
84131;84;Taillades;B1
84132;84;Le Thor;B1
84133;84;La Tour-d'Aigues;B1
84134;84;Travaillan;C
84135;84;Uchaux;C
84136;84;Vacqueyras;B2
84137;84;Vaison-la-Romaine;B2
84138;84;Valréas;C
84139;84;Fontaine-de-Vaucluse;B1
84140;84;Vaugines;C
84141;84;Vedène;B1
84142;84;Velleron;B1
84143;84;Venasque;C
84144;84;Viens;C
84145;84;Villars;C
84146;84;Villedieu;C
84147;84;Villelaure;B1
84148;84;Villes-sur-Auzon;C
84149;84;Violès;C
84150;84;Visan;C
84151;84;Vitrolles-en-Lubéron;C
85001;85;L'Aiguillon-la-Presqu'île;B1
85002;85;L'Aiguillon-sur-Vie;C
85003;85;Aizenay;C
85004;85;Angles;C
85005;85;Antigny;C
85006;85;Apremont;C
85008;85;Aubigny-Les Clouzeaux;C
85009;85;Auchay-sur-Vendée;C
85010;85;Avrillé;C
85011;85;Barbâtre;B1
85012;85;La Barre-de-Monts;B1
85013;85;Bazoges-en-Paillers;C
85014;85;Bazoges-en-Pareds;C
85015;85;Beaufou;C
85016;85;Beaulieu-sous-la-Roche;C
85017;85;Beaurepaire;C
85018;85;Beauvoir-sur-Mer;C
85019;85;Bellevigny;C
85020;85;Benet;C
85022;85;Le Bernard;C
85023;85;Bessay;C
85024;85;Bois-de-Céné;C
85025;85;La Boissière-de-Montaigu;C
85026;85;La Boissière-des-Landes;C
85028;85;Bouillé-Courdault;C
85029;85;Bouin;C
85031;85;Le Boupère;C
85033;85;Bourneau;C
85034;85;Bournezeau;C
85035;85;Bretignolles-sur-Mer;B1
85036;85;La Bretonnière-la-Claye;C
85038;85;Les Brouzils;C
85039;85;La Bruffière;C
85040;85;La Caillère-Saint-Hilaire;C
85042;85;Chaillé-les-Marais;C
85045;85;La Chaize-Giraud;C
85046;85;La Chaize-le-Vicomte;C
85047;85;Challans;B1
85049;85;Champagné-les-Marais;C
85050;85;Le Champ-Saint-Père;C
85051;85;Chantonnay;C
85054;85;La Chapelle-Hermier;C
85055;85;La Chapelle-Palluau;C
85056;85;La Chapelle-Thémer;C
85058;85;Chasnais;C
85059;85;La Châtaigneraie;C
85061;85;Château-Guibert;C
85062;85;Châteauneuf;C
85064;85;Chauché;C
85065;85;Chavagnes-en-Paillers;C
85066;85;Chavagnes-les-Redoux;C
85067;85;Cheffois;C
85070;85;Coëx;C
85071;85;Commequiers;B2
85072;85;La Copechagnière;C
85073;85;Corpe;C
85074;85;La Couture;C
85076;85;Cugand-la-Bernardière;C
85077;85;Curzon;C
85078;85;Damvix;C
85080;85;Doix lès Fontaines;C
85081;85;Dompierre-sur-Yon;C
85082;85;Les Epesses;C
85083;85;L'Épine;B1
85084;85;Essarts-en-Bocage;C
85086;85;Falleron;C
85087;85;Faymoreau;C
85088;85;Le Fenouiller;B2
85089;85;La Ferrière;C
85090;85;Sèvremont;C
85092;85;Fontenay-le-Comte;C
85093;85;Fougeré;C
85094;85;Foussais-Payré;C
85095;85;Froidfond;C
85096;85;La Garnache;C
85097;85;La Gaubretière;C
85098;85;La Genétouze;C
85099;85;Le Girouard;C
85100;85;Givrand;C
85101;85;Le Givre;C
85102;85;Grand'Landes;C
85103;85;Grosbreuil;C
85104;85;Grues;C
85105;85;Le Gué-de-Velluire;C
85106;85;La Guérinière;B1
85108;85;L'Herbergement;C
85109;85;Les Herbiers;B1
85110;85;L'Hermenault;C
85111;85;L'Île-d'Elle;C
85112;85;L'Île-d'Olonne;C
85113;85;Île-d'Yeu;B1
85114;85;Jard-sur-Mer;B1
85115;85;La Jaudonnière;C
85116;85;La Jonchère;C
85117;85;Lairoux;C
85118;85;Landeronde;C
85119;85;Les Landes-Genusson;C
85120;85;Landevieille;C
85121;85;Le Langon;C
85123;85;Liez;C
85125;85;Loge-Fougereuse;C
85126;85;Longèves;C
85127;85;Longeville-sur-Mer;B1
85128;85;Luçon;C
85129;85;Les Lucs-sur-Boulogne;C
85130;85;Maché;C
85131;85;Les Magnils-Reigniers;C
85132;85;Maillé;C
85133;85;Maillezais;C
85134;85;Mallièvre;C
85135;85;Mareuil-sur-Lay-Dissais;C
85136;85;Marillet;C
85137;85;Marsais-Sainte-Radégonde;C
85138;85;Martinet;C
85139;85;Le Mazeau;C
85140;85;La Meilleraie-Tillay;C
85141;85;Menomblet;C
85142;85;La Merlatière;C
85143;85;Mervent;C
85144;85;Mesnard-la-Barotière;C
85145;85;Monsireigne;C
85146;85;Montaigu-Vendée;B1
85147;85;Montournais;C
85148;85;Montreuil;C
85149;85;Moreilles;C
85151;85;Mortagne-sur-Sèvre;C
85152;85;Les Achards;C
85153;85;Mouchamps;C
85154;85;Mouilleron-Saint-Germain;C
85155;85;Mouilleron-le-Captif;C
85156;85;Moutiers-les-Mauxfaits;C
85157;85;Moutiers-sur-le-Lay;C
85158;85;Mouzeuil-Saint-Martin;C
85159;85;Nalliers;C
85160;85;Nesmy;C
85161;85;Nieul-le-Dolent;C
85162;85;Rives-d'Autise;C
85163;85;Noirmoutier-en-l'Île;B1
85164;85;Notre-Dame-de-Monts;B1
85165;85;L'Oie;C
85167;85;L'Orbrie;C
85169;85;Palluau;C
85171;85;Péault;C
85172;85;Le Perrier;B2
85174;85;Petosse;C
85175;85;Les Pineaux;C
85176;85;Pissotte;C
85177;85;Les Velluire-sur-Vendée;C
85178;85;Le Poiré-sur-Vie;C
85179;85;Poiroux;C
85181;85;Pouillé;C
85182;85;Pouzauges;C
85184;85;Puy-de-Serre;C
85185;85;Puyravault;C
85186;85;La Rabatelière;C
85187;85;Réaumur;C
85188;85;La Réorthe;C
85189;85;Notre-Dame-de-Riez;B2
85190;85;Rocheservière;C
85191;85;La Roche-sur-Yon;B1
85192;85;Rochetrejoux;C
85193;85;Rosnay;C
85194;85;Les Sables-d'Olonne;B1
85196;85;Saint-André-Goule-d'Oie;C
85197;85;Montréverd;C
85198;85;Saint-Aubin-des-Ormeaux;C
85199;85;Saint-Aubin-la-Plaine;C
85200;85;Saint-Avaugourd-des-Landes;C
85201;85;Saint-Benoist-sur-Mer;C
85202;85;Sainte-Cécile;C
85204;85;Saint-Christophe-du-Ligneron;C
85205;85;Saint-Cyr-des-Gâts;C
85206;85;Saint-Cyr-en-Talmondais;C
85207;85;Saint-Denis-du-Payré;C
85208;85;Saint-Denis-la-Chevasse;C
85209;85;Saint-Étienne-de-Brillouet;C
85210;85;Saint-Étienne-du-Bois;C
85211;85;Sainte-Flaive-des-Loups;C
85212;85;Sainte-Florence;C
85213;85;Rives de l'Yon;C
85214;85;Sainte-Foy;B2
85215;85;Saint-Fulgent;C
85216;85;Sainte-Gemme-la-Plaine;C
85218;85;Saint-Georges-de-Pointindoux;C
85220;85;Saint-Germain-de-Prinçay;C
85221;85;Saint-Gervais;C
85222;85;Saint-Gilles-Croix-de-Vie;B1
85223;85;Saint-Jean-d’Hermine;C
85226;85;Saint-Hilaire-de-Riez;B1
85227;85;Saint-Hilaire-des-Loges;C
85229;85;Saint-Hilaire-de-Voust;C
85231;85;Saint-Hilaire-la-Forêt;C
85232;85;Saint-Hilaire-le-Vouhis;C
85234;85;Saint-Jean-de-Monts;B1
85235;85;Saint-Juire-Champgillon;C
85236;85;Saint-Julien-des-Landes;C
85237;85;Saint-Laurent-de-la-Salle;C
85238;85;Saint-Laurent-sur-Sèvre;C
85239;85;Saint-Maixent-sur-Vie;C
85240;85;Saint-Malô-du-Bois;C
85242;85;Saint-Mars-la-Réorthe;C
85243;85;Brem-sur-Mer;C
85244;85;Saint-Martin-de-Fraigneau;C
85245;85;Saint-Martin-des-Fontaines;C
85246;85;Saint-Martin-des-Noyers;C
85247;85;Saint-Martin-des-Tilleuls;C
85248;85;Saint-Martin-Lars-en-Sainte-Hermine;C
85250;85;Saint-Mathurin;B2
85251;85;Saint-Maurice-des-Noues;C
85252;85;Saint-Maurice-le-Girard;C
85254;85;Saint-Mesmin;C
85255;85;Saint-Michel-en-l'Herm;C
85256;85;Saint-Michel-le-Cloucq;C
85259;85;Saint-Paul-en-Pareds;C
85260;85;Saint-Paul-Mont-Penit;C
85261;85;Sainte-Pexine;C
85262;85;Saint-Philbert-de-Bouaine;C
85264;85;Saint-Pierre-du-Chemin;C
85265;85;Saint-Pierre-le-Vieux;C
85266;85;Saint-Prouant;C
85267;85;Sainte-Radégonde-des-Noyers;C
85268;85;Saint-Révérend;C
85269;85;Saint-Sigismond;C
85273;85;Saint-Urbain;C
85274;85;Saint-Valérien;C
85276;85;Saint-Vincent-Sterlanges;C
85277;85;Saint-Vincent-sur-Graon;C
85278;85;Saint-Vincent-sur-Jard;B1
85280;85;Sallertaine;B2
85281;85;Sérigné;C
85282;85;Sigournais;C
85284;85;Soullans;B1
85285;85;Le Tablier;C
85286;85;La Taillée;C
85287;85;Tallud-Sainte-Gemme;C
85288;85;Talmont-Saint-Hilaire;B1
85289;85;Terval;C
85290;85;Thiré;C
85291;85;Thorigny;C
85292;85;Rives-du-Fougerais;C
85293;85;Tiffauges;C
85294;85;La Tranche-sur-Mer;B1
85295;85;Treize-Septiers;C
85296;85;Treize-Vents;C
85297;85;Triaize;C
85298;85;Vairé;C
85300;85;Venansault;C
85301;85;Vendrennes;C
85302;85;Chanverrie;C
85303;85;Vix;C
85304;85;Vouillé-les-Marais;C
85305;85;Vouvant;C
85306;85;Xanton-Chassenon;C
86001;86;Adriers;C
86002;86;Amberre;C
86003;86;Anché;C
86004;86;Angles-sur-l'Anglin;C
86005;86;Angliers;C
86006;86;Antigny;C
86007;86;Antran;C
86008;86;Arçay;C
86009;86;Archigny;C
86010;86;Aslonnes;C
86011;86;Asnières-sur-Blour;C
86012;86;Asnois;C
86013;86;Aulnay;C
86014;86;Availles-en-Châtellerault;C
86015;86;Availles-Limouzine;C
86016;86;Avanton;C
86017;86;Ayron;C
86018;86;Basses;C
86019;86;Beaumont Saint-Cyr;C
86020;86;Bellefonds;C
86022;86;Berrie;C
86023;86;Berthegon;C
86024;86;Béruges;B2
86025;86;Béthines;C
86026;86;Beuxes;C
86027;86;Biard;B2
86028;86;Bignoux;C
86029;86;Blanzay;C
86031;86;Bonnes;C
86032;86;Bonneuil-Matours;C
86034;86;Bouresse;C
86035;86;Bourg-Archambault;C
86036;86;Bournand;C
86037;86;Brigueil-le-Chantre;C
86038;86;Brion;C
86039;86;Brux;C
86040;86;La Bussière;C
86041;86;Buxerolles;B2
86042;86;Buxeuil;C
86044;86;Ceaux-en-Loudun;C
86045;86;Celle-Lévescault;C
86046;86;Cenon-sur-Vienne;C
86047;86;Cernay;C
86048;86;Chabournay;C
86049;86;Chalais;C
86050;86;Chalandray;C
86051;86;Champagné-le-Sec;C
86052;86;Champagné-Saint-Hilaire;C
86053;86;Champigny en Rochereau;C
86054;86;Champniers;C
86055;86;La Chapelle-Bâton;C
86058;86;La Chapelle-Moulière;C
86059;86;Chapelle-Viviers;C
86061;86;Charroux;C
86062;86;Chasseneuil-du-Poitou;B2
86063;86;Chatain;C
86064;86;Château-Garnier;C
86065;86;Château-Larcher;C
86066;86;Châtellerault;C
86068;86;Chaunay;C
86069;86;La Chaussée;C
86070;86;Chauvigny;C
86072;86;Chenevelles;C
86073;86;Cherves;C
86074;86;Chiré-en-Montreuil;C
86075;86;Chouppes;C
86076;86;Cissé;C
86077;86;Civaux;C
86078;86;Civray;C
86079;86;La Roche-Rigault;C
86080;86;Cloué;C
86081;86;Colombiers;C
86082;86;Valence-en-Poitou;C
86083;86;Coulombiers;C
86084;86;Coulonges-les-Hérolles;C
86085;86;Coussay;C
86086;86;Coussay-les-Bois;C
86087;86;Craon;C
86088;86;Croutelle;B2
86089;86;Cuhon;C
86090;86;Curçay-sur-Dive;C
86091;86;Curzay-sur-Vonne;C
86092;86;Dangé-Saint-Romain;C
86093;86;Dercé;C
86094;86;Dienné;C
86095;86;Dissay;C
86096;86;Doussay;C
86097;86;La Ferrière-Airoux;C
86098;86;Fleix;C
86099;86;Fleuré;C
86100;86;Fontaine-le-Comte;B2
86102;86;Frozes;C
86103;86;Gençay;C
86104;86;Genouillé;C
86105;86;Gizay;C
86106;86;Glénouze;C
86107;86;Gouex;C
86108;86;La Grimaudière;C
86109;86;Guesnes;C
86110;86;Haims;C
86111;86;Ingrandes;C
86112;86;L'Isle-Jourdain;C
86113;86;Iteuil;C
86114;86;Jardres;C
86115;86;Jaunay-Marigny;B2
86116;86;Jazeneuil;C
86117;86;Jouhet;C
86118;86;Journet;C
86119;86;Joussé;C
86120;86;Lathus-Saint-Rémy;C
86121;86;Latillé;C
86122;86;Lauthiers;C
86123;86;Boivre-la-Vallée;C
86124;86;Lavoux;C
86125;86;Leigné-les-Bois;C
86126;86;Leignes-sur-Fontaine;C
86127;86;Leigné-sur-Usseau;C
86128;86;Lencloître;C
86129;86;Lésigny;C
86130;86;Leugny;C
86131;86;Lhommaizé;C
86132;86;Liglet;C
86133;86;Ligugé;C
86134;86;Linazay;C
86135;86;Liniers;C
86136;86;Lizant;C
86137;86;Loudun;C
86138;86;Luchapt;C
86139;86;Lusignan;C
86140;86;Lussac-les-Châteaux;C
86141;86;Magné;C
86142;86;Maillé;C
86143;86;Mairé;C
86144;86;Maisonneuve;C
86145;86;Marçay;C
86147;86;Marigny-Chemereau;C
86148;86;Marnay;C
86149;86;Martaizé;C
86150;86;Massognes;C
86151;86;Maulay;C
86152;86;Mauprévoir;C
86153;86;Mazerolles;C
86154;86;Mazeuil;C
86156;86;Messemé;C
86157;86;Mignaloux-Beauvoir;B2
86158;86;Migné-Auxances;B2
86159;86;Millac;C
86160;86;Mirebeau;C
86161;86;Moncontour;C
86162;86;Mondion;C
86163;86;Montamisé;B2
86164;86;Monthoiron;C
86165;86;Montmorillon;C
86167;86;Monts-sur-Guesnes;C
86169;86;Morton;C
86170;86;Moulismes;C
86171;86;Moussac;C
86172;86;Mouterre-sur-Blourde;C
86173;86;Mouterre-Silly;C
86174;86;Naintré;C
86175;86;Nalliers;C
86176;86;Nérignac;C
86177;86;Neuville-de-Poitou;C
86178;86;Nieuil-l'Espoir;C
86180;86;Nouaillé-Maupertuis;C
86181;86;Nueil-sous-Faye;C
86182;86;Orches;C
86183;86;Les Ormes;C
86184;86;Ouzilly;C
86186;86;Oyré;C
86187;86;Paizay-le-Sec;C
86189;86;Payroux;C
86190;86;Persac;C
86191;86;Pindray;C
86192;86;Plaisance;C
86193;86;Pleumartin;C
86194;86;Poitiers;B1
86195;86;Port-de-Piles;C
86196;86;Pouançay;C
86197;86;Pouant;C
86198;86;Pouillé;C
86200;86;Pressac;C
86201;86;Prinçay;C
86202;86;La Puye;C
86203;86;Queaux;C
86204;86;Quinçay;C
86205;86;Ranton;C
86206;86;Raslay;C
86207;86;La Roche-Posay;C
86209;86;Roches-Prémarie-Andillé;C
86210;86;Roiffé;C
86211;86;Romagne;C
86213;86;Rouillé;C
86214;86;Saint-Benoît;B2
86217;86;Saint-Christophe;C
86218;86;Saint-Clair;C
86220;86;Saint-Gaudent;C
86221;86;Saint-Genest-d'Ambière;C
86222;86;Saint-Georges-lès-Baillargeaux;C
86223;86;Saint-Germain;C
86224;86;Saint-Gervais-les-Trois-Clochers;C
86225;86;Saint-Jean-de-Sauves;C
86226;86;Saint-Julien-l'Ars;C
86227;86;Saint-Laon;C
86228;86;Saint-Laurent-de-Jourdes;C
86229;86;Saint-Léger-de-Montbrillais;C
86230;86;Saint-Léomer;C
86233;86;Valdivienne;C
86234;86;Saint-Martin-l'Ars;C
86235;86;Saint-Maurice-la-Clouère;C
86236;86;Saint-Pierre-de-Maillé;C
86237;86;Saint-Pierre-d'Exideuil;C
86239;86;Sainte-Radégonde;C
86241;86;Saint-Rémy-sur-Creuse;C
86242;86;Saint-Romain;C
86244;86;Saint-Sauvant;C
86245;86;Senillé-Saint-Sauveur;C
86246;86;Saint-Savin;C
86247;86;Val-de-Comporté;C
86248;86;Saint-Secondin;C
86249;86;Saires;C
86250;86;Saix;C
86252;86;Sammarçolles;C
86253;86;Sanxay;C
86254;86;Saulgé;C
86255;86;Savigné;C
86256;86;Savigny-Lévescault;C
86257;86;Savigny-sous-Faye;C
86258;86;Scorbé-Clairvaux;C
86260;86;Sérigny;C
86261;86;Sèvres-Anxaumont;C
86262;86;Sillars;C
86263;86;Smarves;C
86264;86;Sommières-du-Clain;C
86265;86;Sossais;C
86266;86;Surin;C
86268;86;Tercé;C
86269;86;Ternay;C
86270;86;Thollet;C
86271;86;Thurageau;C
86272;86;Thuré;C
86273;86;La Trimouille;C
86274;86;Les Trois-Moutiers;C
86275;86;Usseau;C
86276;86;Usson-du-Poitou;C
86279;86;Vaux-sur-Vienne;C
86280;86;Vellèches;C
86281;86;Saint-Martin-la-Pallu;C
86284;86;Vernon;C
86285;86;Verrières;C
86286;86;Verrue;C
86287;86;Vézières;C
86288;86;Vicq-sur-Gartempe;C
86289;86;Le Vigeant;C
86290;86;La Villedieu-du-Clain;C
86291;86;Villemort;C
86292;86;Villiers;C
86293;86;Vivonne;C
86294;86;Vouillé;C
86295;86;Voulême;C
86296;86;Voulon;C
86297;86;Vouneuil-sous-Biard;B2
86298;86;Vouneuil-sur-Vienne;C
86299;86;Vouzailles;C
86300;86;Yversay;C
87001;87;Aixe-sur-Vienne;C
87002;87;Ambazac;C
87003;87;Arnac-la-Poste;C
87004;87;Augne;C
87005;87;Aureil;C
87006;87;Azat-le-Ris;C
87007;87;Balledent;C
87008;87;La Bazeuge;C
87009;87;Beaumont-du-Lac;C
87011;87;Bellac;C
87012;87;Berneuil;C
87013;87;Bersac-sur-Rivalier;C
87014;87;Bessines-sur-Gartempe;C
87015;87;Beynac;C
87016;87;Les Billanges;C
87017;87;Blanzac;C
87018;87;Blond;C
87019;87;Boisseuil;B2
87020;87;Bonnac-la-Côte;C
87021;87;Bosmie-l'Aiguille;B2
87022;87;Breuilaufa;C
87023;87;Le Buis;C
87024;87;Bujaleuf;C
87025;87;Burgnac;C
87027;87;Bussière-Galant;C
87028;87;Val-d'Oire-et-Gartempe;C
87029;87;Les Cars;C
87030;87;Chaillac-sur-Vienne;C
87031;87;Le Chalard;C
87032;87;Châlus;C
87033;87;Chamboret;C
87034;87;Champagnac-la-Rivière;C
87035;87;Champnétery;C
87036;87;Champsac;C
87037;87;La Chapelle-Montbrandeix;C
87038;87;Chaptelat;B2
87039;87;Château-Chervix;C
87040;87;Châteauneuf-la-Forêt;C
87041;87;Châteauponsac;C
87042;87;Le Châtenet-en-Dognon;C
87043;87;Cheissoux;C
87044;87;Chéronnac;C
87045;87;Cieux;C
87046;87;Cognac-la-Forêt;C
87047;87;Compreignac;C
87048;87;Condat-sur-Vienne;B2
87049;87;Coussac-Bonneval;C
87050;87;Couzeix;B2
87051;87;La Croisille-sur-Briance;C
87052;87;La Croix-sur-Gartempe;C
87053;87;Cromac;C
87054;87;Cussac;C
87056;87;Dinsac;C
87057;87;Dompierre-les-Églises;C
87058;87;Domps;C
87059;87;Le Dorat;C
87060;87;Dournazac;C
87061;87;Droux;C
87062;87;Eybouleuf;C
87063;87;Eyjeaux;C
87064;87;Eymoutiers;C
87065;87;Feytiat;B2
87066;87;Flavignac;C
87067;87;Folles;C
87068;87;Fromental;C
87069;87;Gajoubert;C
87070;87;La Geneytouse;C
87071;87;Glandon;C
87072;87;Glanges;C
87073;87;Gorre;C
87074;87;Les Grands-Chézeaux;C
87075;87;Isle;B2
87076;87;Jabreilles-les-Bordes;C
87077;87;Janailhac;C
87078;87;Javerdat;C
87079;87;La Jonchère-Saint-Maurice;C
87080;87;Jouac;C
87081;87;Jourgnac;C
87082;87;Ladignac-le-Long;C
87083;87;Laurière;C
87084;87;Lavignac;C
87085;87;Limoges;B1
87086;87;Linards;C
87087;87;Lussac-les-Églises;C
87088;87;Magnac-Bourg;C
87089;87;Magnac-Laval;C
87090;87;Mailhac-sur-Benaize;C
87091;87;Maisonnais-sur-Tardoire;C
87092;87;Marval;C
87093;87;Masléon;C
87094;87;Meilhac;C
87095;87;Meuzac;C
87096;87;La Meyze;C
87097;87;Val d'Issoire;C
87099;87;Moissannes;C
87100;87;Montrol-Sénard;C
87101;87;Mortemart;C
87103;87;Nantiat;C
87104;87;Nedde;C
87105;87;Neuvic-Entier;C
87106;87;Nexon;C
87107;87;Nieul;C
87108;87;Nouic;C
87109;87;Oradour-Saint-Genest;C
87110;87;Oradour-sur-Glane;C
87111;87;Oradour-sur-Vayres;C
87112;87;Pageas;C
87113;87;Le Palais-sur-Vienne;B2
87114;87;Panazol;B2
87115;87;Pensol;C
87116;87;Peyrat-de-Bellac;C
87117;87;Peyrat-le-Château;C
87118;87;Peyrilhac;C
87119;87;Pierre-Buffière;C
87120;87;La Porcherie;C
87121;87;Rancon;C
87122;87;Razès;C
87123;87;Rempnat;C
87124;87;Rilhac-Lastours;C
87125;87;Rilhac-Rancon;B2
87126;87;Rochechouart;C
87127;87;La Roche-l'Abeille;C
87128;87;Saint-Pardoux-le-Lac;C
87129;87;Royères;C
87130;87;Roziers-Saint-Georges;C
87131;87;Saillat-sur-Vienne;C
87132;87;Saint-Amand-le-Petit;C
87133;87;Saint-Amand-Magnazeix;C
87134;87;Sainte-Anne-Saint-Priest;C
87135;87;Saint-Auvent;C
87137;87;Saint-Bazile;C
87138;87;Saint-Bonnet-Briance;C
87139;87;Saint-Bonnet-de-Bellac;C
87140;87;Saint-Brice-sur-Vienne;C
87141;87;Saint-Cyr;C
87142;87;Saint-Denis-des-Murs;C
87143;87;Saint-Gence;C
87144;87;Saint-Genest-sur-Roselle;C
87145;87;Saint-Georges-les-Landes;C
87146;87;Saint-Germain-les-Belles;C
87147;87;Saint-Gilles-les-Forêts;C
87148;87;Saint-Hilaire-Bonneval;C
87149;87;Saint-Hilaire-la-Treille;C
87150;87;Saint-Hilaire-les-Places;C
87151;87;Saint-Jean-Ligoure;C
87152;87;Saint-Jouvent;C
87153;87;Saint-Julien-le-Petit;C
87154;87;Saint-Junien;C
87155;87;Saint-Junien-les-Combes;C
87156;87;Saint-Just-le-Martel;C
87157;87;Saint-Laurent-les-Églises;C
87158;87;Saint-Laurent-sur-Gorre;C
87159;87;Saint-Léger-la-Montagne;C
87160;87;Saint-Léger-Magnazeix;C
87161;87;Saint-Léonard-de-Noblat;C
87162;87;Sainte-Marie-de-Vaux;C
87163;87;Saint-Martial-sur-Isop;C
87164;87;Saint-Martin-de-Jussac;C
87165;87;Saint-Martin-le-Mault;C
87166;87;Saint-Martin-le-Vieux;C
87167;87;Saint-Martin-Terressus;C
87168;87;Saint-Mathieu;C
87169;87;Saint-Maurice-les-Brousses;C
87170;87;Saint-Méard;C
87172;87;Saint-Ouen-sur-Gartempe;C
87174;87;Saint-Paul;C
87176;87;Saint-Priest-Ligoure;C
87177;87;Saint-Priest-sous-Aixe;C
87178;87;Saint-Priest-Taurion;C
87179;87;Saint-Sornin-la-Marche;C
87180;87;Saint-Sornin-Leulac;C
87181;87;Saint-Sulpice-Laurière;C
87182;87;Saint-Sulpice-les-Feuilles;C
87183;87;Saint-Sylvestre;C
87185;87;Saint-Victurnien;C
87186;87;Saint-Vitte-sur-Briance;C
87187;87;Saint-Yrieix-la-Perche;C
87188;87;Saint-Yrieix-sous-Aixe;C
87189;87;Les Salles-Lavauguyon;C
87190;87;Sauviat-sur-Vige;C
87191;87;Séreilhac;C
87192;87;Solignac;C
87193;87;Surdoux;C
87194;87;Sussac;C
87195;87;Tersannes;C
87197;87;Thouron;C
87198;87;Vaulry;C
87199;87;Vayres;C
87200;87;Verneuil-Moustiers;C
87201;87;Verneuil-sur-Vienne;C
87202;87;Veyrac;C
87203;87;Vicq-sur-Breuilh;C
87204;87;Videix;C
87205;87;Le Vigen;C
87206;87;Villefavard;C
88001;88;Les Ableuvenettes;C
88002;88;Ahéville;C
88003;88;Aingeville;C
88004;88;Ainvelle;C
88005;88;Allarmont;C
88006;88;Ambacourt;C
88007;88;Ameuvelle;C
88008;88;Anglemont;C
88009;88;Anould;C
88010;88;Aouze;C
88011;88;Arches;C
88012;88;Archettes;C
88013;88;Aroffe;C
88014;88;Arrentès-de-Corcieux;C
88015;88;Attignéville;C
88016;88;Attigny;C
88017;88;Aulnois;C
88019;88;Autigny-la-Tour;C
88020;88;Autreville;C
88021;88;Autrey;C
88022;88;Auzainvilliers;C
88023;88;Avillers;C
88024;88;Avrainville;C
88025;88;Avranville;C
88026;88;Aydoilles;C
88027;88;Badménil-aux-Bois;C
88028;88;La Baffe;C
88029;88;La Vôge-les-Bains;C
88030;88;Bainville-aux-Saules;C
88031;88;Balléville;C
88032;88;Ban-de-Laveline;C
88033;88;Ban-de-Sapt;C
88035;88;Barbey-Seroux;C
88036;88;Barville;C
88037;88;Basse-sur-le-Rupt;C
88038;88;Battexey;C
88039;88;Baudricourt;C
88040;88;Bayecourt;C
88041;88;Bazegney;C
88042;88;Bazien;C
88043;88;Bazoilles-et-Ménil;C
88044;88;Bazoilles-sur-Meuse;C
88045;88;Beaufremont;C
88046;88;Beauménil;C
88047;88;Begnécourt;C
88048;88;Bellefontaine;C
88049;88;Belmont-lès-Darney;C
88050;88;Belmont-sur-Buttant;C
88051;88;Belmont-sur-Vair;C
88052;88;Belrupt;C
88053;88;Belval;C
88054;88;Bertrimoutier;C
88055;88;Bettegney-Saint-Brice;C
88056;88;Bettoncourt;C
88057;88;Le Beulay;C
88058;88;Biécourt;C
88059;88;Biffontaine;C
88060;88;Blémerey;C
88061;88;Bleurville;C
88062;88;Blevaincourt;C
88063;88;Bocquegney;C
88064;88;Bois-de-Champ;C
88065;88;Bonvillet;C
88066;88;Boulaincourt;C
88068;88;La Bourgonce;C
88069;88;Bouxières-aux-Bois;C
88070;88;Bouxurulles;C
88071;88;Bouzemont;C
88073;88;Brantigny;C
88074;88;Brechainville;C
88075;88;La Bresse;C
88076;88;Brouvelieures;C
88077;88;Brû;C
88078;88;Bruyères;C
88079;88;Bulgnéville;C
88080;88;Bult;C
88081;88;Bussang;C
88082;88;Celles-sur-Plaine;C
88083;88;Certilleux;C
88084;88;Chamagne;C
88085;88;Champdray;C
88086;88;Champ-le-Duc;C
88087;88;Chantraine;B2
88088;88;La Chapelle-aux-Bois;C
88089;88;La Chapelle-devant-Bruyères;C
88090;88;Charmes;C
88091;88;Charmois-devant-Bruyères;C
88092;88;Charmois-l'Orgueilleux;C
88093;88;Châtas;C
88094;88;Châtel-sur-Moselle;C
88095;88;Châtenois;C
88096;88;Châtillon-sur-Saône;C
88097;88;Chauffecourt;C
88098;88;Chaumousey;C
88099;88;Chavelot;B2
88100;88;Chef-Haut;C
88101;88;Cheniménil;C
88102;88;Chermisey;C
88103;88;Circourt;C
88104;88;Circourt-sur-Mouzon;C
88105;88;Claudon;C
88106;88;Ban-sur-Meurthe-Clefcy;C
88107;88;Clérey-la-Côte;C
88108;88;Le Clerjus;C
88109;88;Cleurie;C
88110;88;Clézentaine;C
88111;88;Coinches;C
88113;88;Combrimont;C
88114;88;Contrexéville;C
88115;88;Corcieux;C
88116;88;Cornimont;C
88117;88;Courcelles-sous-Châtenois;C
88118;88;Coussey;C
88119;88;Crainvilliers;C
88120;88;La Croix-aux-Mines;C
88121;88;Damas-aux-Bois;C
88122;88;Damas-et-Bettegney;C
88123;88;Damblain;C
88124;88;Darney;C
88125;88;Darney-aux-Chênes;C
88126;88;Darnieulles;C
88127;88;Deinvillers;C
88128;88;Denipaire;C
88129;88;Derbamont;C
88130;88;Destord;C
88131;88;Deycimont;C
88132;88;Deyvillers;C
88133;88;Dignonville;C
88134;88;Dinozé;B2
88135;88;Docelles;C
88136;88;Dogneville;B2
88137;88;Dolaincourt;C
88138;88;Dombasle-devant-Darney;C
88139;88;Dombasle-en-Xaintois;C
88140;88;Dombrot-le-Sec;C
88141;88;Dombrot-sur-Vair;C
88142;88;Domèvre-sur-Avière;C
88143;88;Domèvre-sur-Durbion;C
88144;88;Domèvre-sous-Montfort;C
88145;88;Domfaing;C
88146;88;Domjulien;C
88147;88;Dommartin-aux-Bois;C
88148;88;Dommartin-lès-Remiremont;C
88149;88;Dommartin-lès-Vallois;C
88150;88;Dommartin-sur-Vraine;C
88151;88;Dompaire;C
88152;88;Dompierre;C
88153;88;Domptail;C
88154;88;Domrémy-la-Pucelle;C
88155;88;Domvallier;C
88156;88;Doncières;C
88157;88;Dounoux;C
88158;88;Éloyes;C
88159;88;Entre-deux-Eaux;C
88160;88;Épinal;B2
88161;88;Escles;C
88162;88;Esley;C
88163;88;Essegney;C
88164;88;Estrennes;C
88165;88;Étival-Clairefontaine;C
88166;88;Évaux-et-Ménil;C
88167;88;Faucompierre;C
88168;88;Fauconcourt;C
88169;88;Fays;C
88170;88;Ferdrupt;C
88171;88;Fignévelle;C
88172;88;Fiménil;C
88173;88;Florémont;C
88174;88;Fomerey;C
88175;88;Fontenay;C
88176;88;Fontenoy-le-Château;C
88177;88;La Forge;C
88178;88;Les Forges;B2
88179;88;Fouchécourt;C
88180;88;Frain;C
88181;88;Fraize;C
88182;88;Frapelle;C
88183;88;Frebécourt;C
88184;88;Fremifontaine;C
88185;88;Frenelle-la-Grande;C
88186;88;Frenelle-la-Petite;C
88187;88;Frénois;C
88188;88;Fresse-sur-Moselle;C
88189;88;Fréville;C
88190;88;Frizon;C
88192;88;Gelvécourt-et-Adompt;C
88193;88;Gemaingoutte;C
88194;88;Gemmelaincourt;C
88195;88;Gendreville;C
88196;88;Gérardmer;C
88197;88;Gerbamont;C
88198;88;Gerbépal;C
88199;88;Gignéville;C
88200;88;Gigney;C
88201;88;Girancourt;C
88202;88;Gircourt-lès-Viéville;C
88203;88;Girecourt-sur-Durbion;C
88205;88;Girmont-Val-d'Ajol;C
88206;88;Gironcourt-sur-Vraine;C
88208;88;Godoncourt;C
88209;88;Golbey;B2
88210;88;Gorhey;C
88212;88;Grand;C
88213;88;La Grande-Fosse;C
88214;88;Grandrupt-de-Bains;C
88215;88;Grandrupt;C
88216;88;Grandvillers;C
88218;88;Granges-Aumontzey;C
88219;88;Greux;C
88220;88;Grignoncourt;C
88221;88;Gruey-lès-Surance;C
88222;88;Gugnécourt;C
88223;88;Gugney-aux-Aulx;C
88224;88;Hadigny-les-Verrières;C
88225;88;Hadol;C
88226;88;Hagécourt;C
88227;88;Hagnéville-et-Roncourt;C
88228;88;Haillainville;C
88229;88;Harchéchamp;C
88230;88;Hardancourt;C
88231;88;Haréville;C
88232;88;Harmonville;C
88233;88;Harol;C
88236;88;La Haye;C
88237;88;Hennecourt;C
88238;88;Hennezel;C
88239;88;Hergugney;C
88240;88;Herpelmont;C
88241;88;Houécourt;C
88242;88;Houéville;C
88243;88;Housseras;C
88244;88;La Houssière;C
88245;88;Hurbache;C
88246;88;Hymont;C
88247;88;Igney;B2
88248;88;Isches;C
88249;88;Jainvillotte;C
88250;88;Jarménil;C
88251;88;Jeanménil;C
88252;88;Jésonville;C
88253;88;Jeuxey;B2
88254;88;Jorxey;C
88255;88;Jubainville;C
88256;88;Jussarupt;C
88257;88;Juvaincourt;C
88258;88;Lamarche;C
88259;88;Landaville;C
88260;88;Langley;C
88261;88;Laval-sur-Vologne;C
88262;88;Laveline-devant-Bruyères;C
88263;88;Laveline-du-Houx;C
88264;88;Légéville-et-Bonfays;C
88265;88;Lemmecourt;C
88266;88;Lépanges-sur-Vologne;C
88267;88;Lerrain;C
88268;88;Lesseux;C
88269;88;Liézey;C
88270;88;Liffol-le-Grand;C
88271;88;Lignéville;C
88272;88;Lironcourt;C
88273;88;Longchamp;C
88274;88;Longchamp-sous-Châtenois;C
88275;88;Lubine;C
88276;88;Lusse;C
88277;88;Luvigny;C
88278;88;Maconcourt;C
88279;88;Madecourt;C
88280;88;Madegney;C
88281;88;Madonne-et-Lamerey;C
88283;88;Malaincourt;C
88284;88;Mandray;C
88285;88;Mandres-sur-Vair;C
88286;88;Marainville-sur-Madon;C
88287;88;Marey;C
88288;88;Maroncourt;C
88289;88;Martigny-les-Bains;C
88290;88;Martigny-les-Gerbonvaux;C
88291;88;Martinvelle;C
88292;88;Mattaincourt;C
88293;88;Maxey-sur-Meuse;C
88294;88;Mazeley;C
88295;88;Mazirot;C
88296;88;Médonville;C
88297;88;Méménil;C
88298;88;Ménarmont;C
88299;88;Ménil-en-Xaintois;C
88300;88;Ménil-de-Senones;C
88301;88;Ménil-sur-Belvitte;C
88302;88;Le Ménil;C
88303;88;Midrevaux;C
88304;88;Mirecourt;C
88305;88;Moncel-sur-Vair;C
88306;88;Le Mont;C
88307;88;Mont-lès-Lamarche;C
88308;88;Mont-lès-Neufchâteau;C
88309;88;Monthureux-le-Sec;C
88310;88;Monthureux-sur-Saône;C
88311;88;Montmotier;C
88312;88;Morelmaison;C
88313;88;Moriville;C
88314;88;Morizécourt;C
88315;88;Mortagne;C
88316;88;Morville;C
88317;88;Moussey;C
88318;88;Moyemont;C
88319;88;Moyenmoutier;C
88320;88;Nayemont-les-Fosses;C
88321;88;Neufchâteau;C
88322;88;La Neuveville-devant-Lépanges;C
88324;88;La Neuveville-sous-Châtenois;C
88325;88;La Neuveville-sous-Montfort;C
88326;88;Neuvillers-sur-Fave;C
88327;88;Nomexy;C
88328;88;Nompatelize;C
88330;88;Nonville;C
88331;88;Nonzeville;C
88332;88;Norroy;C
88333;88;Nossoncourt;C
88334;88;Oëlleville;C
88335;88;Offroicourt;C
88336;88;Ollainville;C
88338;88;Ortoncourt;C
88340;88;Padoux;C
88341;88;Pair-et-Grandrupt;C
88342;88;Pallegney;C
88343;88;Parey-sous-Montfort;C
88344;88;Pargny-sous-Mureau;C
88345;88;La Petite-Fosse;C
88346;88;La Petite-Raon;C
88347;88;Pierrefitte;C
88348;88;Pierrepont-sur-l'Arentèle;C
88349;88;Plainfaing;C
88350;88;Pleuvezain;C
88351;88;Plombières-les-Bains;C
88352;88;Pompierre;C
88353;88;Pont-lès-Bonfays;C
88354;88;Pont-sur-Madon;C
88355;88;Portieux;C
88356;88;Les Poulières;C
88357;88;Poussay;C
88358;88;Pouxeux;C
88359;88;Prey;C
88360;88;Provenchères-lès-Darney;C
88361;88;Provenchères-et-Colroy;C
88362;88;Le Puid;C
88363;88;Punerot;C
88364;88;Puzieux;C
88365;88;Racécourt;C
88366;88;Rainville;C
88367;88;Rambervillers;C
88368;88;Ramecourt;C
88369;88;Ramonchamp;C
88370;88;Rancourt;C
88371;88;Raon-aux-Bois;C
88372;88;Raon-l'Étape;C
88373;88;Raon-sur-Plaine;C
88374;88;Rapey;C
88375;88;Raves;C
88376;88;Rebeuville;C
88377;88;Regnévelle;C
88378;88;Regney;C
88379;88;Rehaincourt;C
88380;88;Rehaupal;C
88381;88;Relanges;C
88382;88;Remicourt;C
88383;88;Remiremont;C
88385;88;Remoncourt;C
88386;88;Remomeix;C
88387;88;Removille;C
88388;88;Renauvoid;C
88389;88;Repel;C
88390;88;Robécourt;C
88391;88;Rochesson;C
88394;88;Romain-aux-Bois;C
88395;88;Romont;C
88398;88;Les Rouges-Eaux;C
88399;88;Le Roulier;C
88400;88;Rouvres-en-Xaintois;C
88401;88;Rouvres-la-Chétive;C
88402;88;Roville-aux-Chênes;C
88403;88;Rozerotte;C
88404;88;Rozières-sur-Mouzon;C
88406;88;Rugney;C
88407;88;Ruppes;C
88408;88;Rupt-sur-Moselle;C
88409;88;Saint-Amé;C
88410;88;Sainte-Barbe;C
88411;88;Saint-Baslemont;C
88412;88;Saint-Benoît-la-Chipotte;C
88413;88;Saint-Dié-des-Vosges;C
88415;88;Saint-Étienne-lès-Remiremont;C
88416;88;Saint-Genest;C
88417;88;Saint-Gorgon;C
88418;88;Sainte-Hélène;C
88419;88;Saint-Jean-d'Ormont;C
88421;88;Saint-Julien;C
88423;88;Saint-Léonard;C
88424;88;Sainte-Marguerite;C
88425;88;Saint-Maurice-sur-Mortagne;C
88426;88;Saint-Maurice-sur-Moselle;C
88427;88;Saint-Menge;C
88428;88;Saint-Michel-sur-Meurthe;C
88429;88;Saint-Nabord;C
88430;88;Saint-Ouen-lès-Parey;C
88431;88;Saint-Paul;C
88432;88;Saint-Pierremont;C
88433;88;Saint-Prancher;C
88434;88;Saint-Remimont;C
88435;88;Saint-Remy;C
88436;88;Saint-Stail;C
88437;88;Saint-Vallier;C
88438;88;La Salle;C
88439;88;Sanchey;C
88440;88;Sandaucourt;C
88441;88;Sans-Vallois;C
88442;88;Sapois;C
88443;88;Sartes;C
88444;88;Le Saulcy;C
88445;88;Saulcy-sur-Meurthe;C
88446;88;Saulxures-lès-Bulgnéville;C
88447;88;Saulxures-sur-Moselotte;C
88448;88;Sauville;C
88449;88;Savigny;C
88450;88;Senaide;C
88451;88;Senones;C
88452;88;Senonges;C
88453;88;Seraumont;C
88454;88;Sercœur;C
88455;88;Serécourt;C
88456;88;Serocourt;C
88457;88;Sionne;C
88458;88;Socourt;C
88459;88;Soncourt;C
88460;88;Soulosse-sous-Saint-Élophe;C
88461;88;Suriauville;C
88462;88;Le Syndicat;C
88463;88;Taintrux;C
88464;88;Tendon;C
88465;88;Thaon-les-Vosges;B2
88466;88;They-sous-Montfort;C
88467;88;Thiéfosse;C
88468;88;Le Thillot;C
88469;88;Thiraucourt;C
88470;88;Le Tholy;C
88471;88;Les Thons;C
88472;88;Thuillières;C
88473;88;Tignécourt;C
88474;88;Tilleux;C
88475;88;Tollaincourt;C
88476;88;Totainville;C
88477;88;Trampot;C
88478;88;Tranqueville-Graux;C
88479;88;Trémonzey;C
88480;88;Ubexy;C
88481;88;Uriménil;C
88482;88;Urville;C
88483;88;Uxegney;C
88484;88;Uzemain;C
88485;88;La Vacheresse-et-la-Rouillie;C
88486;88;Vagney;C
88487;88;Le Val-d'Ajol;C
88488;88;Valfroicourt;C
88489;88;Valleroy-aux-Saules;C
88490;88;Valleroy-le-Sec;C
88491;88;Les Vallois;C
88492;88;Le Valtin;C
88493;88;Varmonzey;C
88494;88;Vaubexy;C
88495;88;Vaudéville;C
88496;88;Vaudoncourt;C
88497;88;Vaxoncourt;C
88498;88;Vecoux;C
88499;88;Velotte-et-Tatignécourt;C
88500;88;Ventron;C
88501;88;Le Vermont;C
88502;88;Vervezelle;C
88503;88;Vexaincourt;C
88504;88;Vicherey;C
88505;88;Vienville;C
88506;88;Vieux-Moulin;C
88507;88;Villers;C
88508;88;Ville-sur-Illon;C
88509;88;Villoncourt;C
88510;88;Villotte;C
88511;88;Villouxel;C
88512;88;Viménil;C
88513;88;Vincey;C
88514;88;Viocourt;C
88515;88;Vioménil;C
88516;88;Vittel;C
88517;88;Viviers-le-Gras;C
88518;88;Viviers-lès-Offroicourt;C
88519;88;La Voivre;C
88520;88;Les Voivres;C
88521;88;Vomécourt;C
88522;88;Vomécourt-sur-Madon;C
88523;88;Vouxey;C
88524;88;Vrécourt;C
88525;88;Vroville;C
88526;88;Wisembach;C
88527;88;Xaffévillers;C
88528;88;Xamontarupt;C
88529;88;Xaronval;C
88530;88;Xertigny;C
88531;88;Xonrupt-Longemer;C
88532;88;Zincourt;C
89002;89;Aigremont;C
89003;89;Montholon;C
89004;89;Aisy-sur-Armançon;C
89005;89;Ancy-le-Franc;C
89006;89;Ancy-le-Libre;C
89007;89;Andryes;C
89008;89;Angely;C
89009;89;Annay-la-Côte;C
89010;89;Annay-sur-Serein;C
89011;89;Annéot;C
89012;89;Annoux;C
89013;89;Appoigny;B2
89014;89;Arces-Dilo;C
89015;89;Arcy-sur-Cure;C
89016;89;Argentenay;C
89017;89;Argenteuil-sur-Armançon;C
89018;89;Armeau;C
89019;89;Arthonnay;C
89020;89;Asnières-sous-Bois;C
89021;89;Asquins;C
89022;89;Athie;C
89023;89;Augy;C
89024;89;Auxerre;B1
89025;89;Avallon;C
89027;89;Bagneaux;C
89028;89;Baon;C
89029;89;Bassou;C
89030;89;Bazarnes;C
89031;89;Beaumont;C
89032;89;Beauvilliers;C
89033;89;Beauvoir;C
89034;89;Beine;C
89035;89;Bellechaume;C
89036;89;La Belliole;C
89037;89;Béon;C
89038;89;Bernouil;C
89039;89;Béru;C
89040;89;Bessy-sur-Cure;C
89041;89;Beugnon;C
89042;89;Bierry-les-Belles-Fontaines;C
89043;89;Blacy;C
89044;89;Blannay;C
89045;89;Bleigny-le-Carreau;C
89046;89;Bléneau;C
89048;89;Bœurs-en-Othe;C
89049;89;Bois-d'Arcy;C
89050;89;Bonnard;C
89051;89;Les Bordes;C
89053;89;Branches;C
89054;89;Brannay;C
89055;89;Brienon-sur-Armançon;C
89056;89;Brion;C
89057;89;Brosses;C
89058;89;Bussières;C
89059;89;Bussy-en-Othe;C
89060;89;Bussy-le-Repos;C
89061;89;Butteaux;C
89062;89;Carisey;C
89063;89;La Celle-Saint-Cyr;C
89064;89;Censy;C
89065;89;Cérilly;C
89066;89;Cerisiers;C
89067;89;Cézy;C
89068;89;Chablis;C
89069;89;Chailley;C
89071;89;Chamoux;C
89072;89;Champcevrais;C
89073;89;Champignelles;C
89074;89;Champigny;C
89075;89;Champlay;C
89076;89;Champlost;C
89077;89;Champs-sur-Yonne;C
89079;89;Chamvres;C
89080;89;La Chapelle-sur-Oreuse;C
89081;89;La Chapelle-Vaupelteigne;C
89083;89;Charbuy;C
89084;89;Charentenay;C
89085;89;Charmoy;C
89086;89;Charny Orée de Puisaye;C
89087;89;Chassignelles;C
89088;89;Chassy;C
89089;89;Chastellux-sur-Cure;C
89091;89;Châtel-Censoir;C
89092;89;Châtel-Gérard;C
89093;89;Chaumont;C
89094;89;Chaumot;C
89095;89;Chemilly-sur-Serein;C
89096;89;Chemilly-sur-Yonne;C
89098;89;Cheney;C
89099;89;Cheny;C
89100;89;Chéroy;C
89101;89;Chéu;C
89102;89;Chevannes;C
89104;89;Chichée;C
89105;89;Chichery;C
89108;89;Chitry;C
89111;89;Les Clérimois;C
89112;89;Collan;C
89113;89;Collemiers;C
89115;89;Compigny;C
89116;89;Cornant;C
89117;89;Coulangeron;C
89118;89;Coulanges-la-Vineuse;C
89119;89;Coulanges-sur-Yonne;C
89120;89;Coulours;C
89122;89;Courgenay;C
89123;89;Courgis;C
89124;89;Courlon-sur-Yonne;C
89125;89;Courson-les-Carrières;C
89126;89;Courtoin;C
89127;89;Courtois-sur-Yonne;C
89128;89;Coutarnoux;C
89129;89;Crain;C
89130;89;Deux Rivières;C
89131;89;Cruzy-le-Châtel;C
89132;89;Cry;C
89133;89;Cudot;C
89134;89;Cussy-les-Forges;C
89136;89;Cuy;C
89137;89;Dannemoine;C
89139;89;Diges;C
89141;89;Dissangis;C
89142;89;Dixmont;C
89143;89;Dollot;C
89144;89;Domats;C
89145;89;Domecy-sur-Cure;C
89146;89;Domecy-sur-le-Vault;C
89147;89;Dracy;C
89148;89;Druyes-les-Belles-Fontaines;C
89149;89;Dyé;C
89150;89;Égleny;C
89151;89;Égriselles-le-Bocage;C
89152;89;Épineau-les-Voves;C
89153;89;Épineuil;C
89154;89;Escamps;C
89155;89;Escolives-Sainte-Camille;C
89156;89;Esnon;C
89158;89;Étais-la-Sauvin;C
89159;89;Étaule;C
89160;89;Étigny;C
89161;89;Étivey;C
89162;89;Évry;C
89163;89;La Ferté-Loupière;C
89164;89;Festigny;C
89165;89;Flacy;C
89167;89;Fleury-la-Vallée;C
89168;89;Fleys;C
89169;89;Flogny-la-Chapelle;C
89170;89;Foissy-lès-Vézelay;C
89171;89;Foissy-sur-Vanne;C
89172;89;Fontaine-la-Gaillarde;C
89173;89;Fontaines;C
89175;89;Fontenay-près-Chablis;C
89176;89;Fontenay-près-Vézelay;C
89177;89;Fontenay-sous-Fouronnes;C
89179;89;Fontenoy;C
89180;89;Fouchères;C
89181;89;Fournaudin;C
89182;89;Fouronnes;C
89183;89;Fresnes;C
89184;89;Fulvy;C
89186;89;Germigny;C
89187;89;Gigny;C
89188;89;Girolles;C
89189;89;Gisy-les-Nobles;C
89190;89;Givry;C
89191;89;Gland;C
89194;89;Grimault;C
89195;89;Gron;C
89196;89;Valravillon;C
89197;89;Guillon-Terre-Plaine;C
89198;89;Gurgy;C
89199;89;Gy-l'Évêque;C
89200;89;Hauterive;C
89201;89;Héry;C
89202;89;Irancy;C
89203;89;Island;C
89204;89;L'Isle-sur-Serein;C
89205;89;Jaulges;C
89206;89;Joigny;C
89207;89;Jouancy;C
89208;89;Joux-la-Ville;C
89209;89;Jouy;C
89210;89;Jully;C
89211;89;Junay;C
89212;89;Jussy;C
89214;89;Lailly;C
89215;89;Lain;C
89216;89;Lainsecq;C
89217;89;Lalande;C
89218;89;Laroche-Saint-Cydroine;C
89219;89;Lasson;C
89220;89;Lavau;C
89221;89;Leugny;C
89222;89;Levis;C
89223;89;Lézinnes;C
89224;89;Lichères-près-Aigremont;C
89225;89;Lichères-sur-Yonne;C
89226;89;Lignorelles;C
89227;89;Ligny-le-Châtel;C
89228;89;Lindry;C
89229;89;Lixy;C
89230;89;Looze;C
89232;89;Lucy-le-Bois;C
89233;89;Lucy-sur-Cure;C
89234;89;Lucy-sur-Yonne;C
89235;89;Magny;C
89236;89;Maillot;B2
89237;89;Mailly-la-Ville;C
89238;89;Mailly-le-Château;C
89239;89;Malay-le-Grand;B2
89240;89;Malay-le-Petit;C
89242;89;Maligny;C
89244;89;Marmeaux;C
89245;89;Marsangy;C
89246;89;Massangis;C
89247;89;Mélisey;C
89248;89;Menades;C
89249;89;Mercy;C
89250;89;Méré;C
89251;89;Merry-la-Vallée;C
89252;89;Merry-Sec;C
89253;89;Merry-sur-Yonne;C
89254;89;Mézilles;C
89255;89;Michery;C
89256;89;Migé;C
89257;89;Migennes;C
89259;89;Môlay;C
89261;89;Molinons;C
89262;89;Molosmes;C
89263;89;Monéteau;B2
89264;89;Montacher-Villegardin;C
89265;89;Montigny-la-Resle;C
89266;89;Montillot;C
89267;89;Montréal;C
89268;89;Mont-Saint-Sulpice;C
89270;89;Mouffy;C
89271;89;Moulins-en-Tonnerrois;C
89272;89;Moulins-sur-Ouanne;C
89273;89;Moutiers-en-Puisaye;C
89274;89;Nailly;C
89276;89;Neuvy-Sautour;C
89277;89;Nitry;C
89278;89;Noé;C
89279;89;Noyers;C
89280;89;Nuits;C
89281;89;Les Ormes;C
89282;89;Ormoy;C
89283;89;Ouanne;C
89284;89;Pacy-sur-Armançon;C
89285;89;Pailly;C
89286;89;Parly;C
89287;89;Paron;B2
89288;89;Paroy-en-Othe;C
89289;89;Paroy-sur-Tholon;C
89290;89;Pasilly;C
89291;89;Passy;C
89292;89;Percey;C
89295;89;Perrigny;C
89296;89;Perrigny-sur-Armançon;C
89297;89;Pierre-Perthuis;C
89298;89;Piffonds;C
89299;89;Pimelles;C
89300;89;Pisy;C
89302;89;Plessis-Saint-Jean;C
89303;89;Poilly-sur-Serein;C
89304;89;Poilly-sur-Tholon;C
89306;89;Pontaubert;C
89307;89;Pontigny;C
89308;89;Pont-sur-Vanne;C
89309;89;Pont-sur-Yonne;C
89310;89;La Postolle;C
89311;89;Pourrain;C
89312;89;Précy-le-Sec;C
89313;89;Précy-sur-Vrin;C
89314;89;Prégilbert;C
89315;89;Préhy;C
89316;89;Provency;C
89318;89;Quarré-les-Tombes;C
89319;89;Quenne;C
89320;89;Quincerot;C
89321;89;Ravières;C
89323;89;Roffey;C
89324;89;Rogny-les-Sept-Écluses;C
89325;89;Ronchères;C
89326;89;Rosoy;C
89327;89;Rousson;C
89328;89;Rouvray;C
89329;89;Rugny;C
89331;89;Sainpuits;C
89332;89;Saint-Agnan;C
89333;89;Saint-André-en-Terre-Plaine;C
89334;89;Le Val d'Ocre;C
89335;89;Saint-Aubin-sur-Yonne;C
89336;89;Saint-Brancher;C
89337;89;Saint-Bris-le-Vineux;C
89338;89;Saint-Clément;B2
89339;89;Sainte-Colombe;C
89341;89;Saint-Cyr-les-Colons;C
89342;89;Saint-Denis-lès-Sens;C
89344;89;Saint-Fargeau;C
89345;89;Saint-Florentin;C
89346;89;Saint-Georges-sur-Baulche;B2
89347;89;Saint-Germain-des-Champs;C
89348;89;Saint-Julien-du-Sault;C
89349;89;Saint-Léger-Vauban;C
89350;89;Saint-Loup-d'Ordon;C
89351;89;Sainte-Magnance;C
89352;89;Saint-Martin-des-Champs;C
89353;89;Saint-Martin-d'Ordon;C
89354;89;Saint-Martin-du-Tertre;B2
89355;89;Saint-Martin-sur-Armançon;C
89359;89;Saint-Maurice-aux-Riches-Hommes;C
89360;89;Saint-Maurice-le-Vieil;C
89361;89;Saint-Maurice-Thizouaille;C
89362;89;Saint-Moré;C
89363;89;Sainte-Pallaye;C
89364;89;Saint-Père;C
89365;89;Saint-Privé;C
89367;89;Saints-en-Puisaye;C
89368;89;Saint-Sauveur-en-Puisaye;C
89369;89;Saint-Sérotin;C
89370;89;Saint-Valérien;C
89371;89;Sainte-Vertu;C
89373;89;Saligny;C
89374;89;Sambourg;C
89375;89;Santigny;C
89376;89;Sarry;C
89377;89;Sauvigny-le-Beuréal;C
89378;89;Sauvigny-le-Bois;C
89379;89;Savigny-en-Terre-Plaine;C
89380;89;Savigny-sur-Clairis;C
89382;89;Seignelay;C
89383;89;Sementron;C
89384;89;Senan;C
89385;89;Sennevoy-le-Bas;C
89386;89;Sennevoy-le-Haut;C
89387;89;Sens;B2
89388;89;Sépeaux-Saint Romain;C
89390;89;Serbonnes;C
89391;89;Sergines;C
89392;89;Sermizelles;C
89393;89;Serrigny;C
89394;89;Sery;C
89395;89;Les Sièges;C
89397;89;Sommecaise;C
89398;89;Sormery;C
89399;89;Soucy;C
89400;89;Sougères-en-Puisaye;C
89402;89;Soumaintrain;C
89403;89;Stigny;C
89404;89;Subligny;C
89405;89;Les Hauts de Forterre;C
89406;89;Talcy;C
89407;89;Tanlay;C
89408;89;Tannerre-en-Puisaye;C
89409;89;Tharoiseau;C
89410;89;Tharot;C
89411;89;Les Vallées de la Vanne;C
89412;89;Thizy;C
89413;89;Thorey;C
89414;89;Thorigny-sur-Oreuse;C
89415;89;Thory;C
89416;89;Thury;C
89417;89;Tissey;C
89418;89;Tonnerre;C
89419;89;Toucy;C
89420;89;Treigny-Perreuse-Sainte-Colombe;C
89422;89;Trichey;C
89423;89;Tronchoy;C
89424;89;Trucy-sur-Yonne;C
89425;89;Turny;C
89426;89;Val-de-Mercy;C
89427;89;Vallan;C
89428;89;Vallery;C
89430;89;Varennes;C
89431;89;Vassy-sous-Pisy;C
89432;89;Vaudeurs;C
89433;89;Vault-de-Lugny;C
89434;89;Vaumort;C
89436;89;Venizy;C
89437;89;Venouse;C
89438;89;Venoy;C
89439;89;Vergigny;C
89440;89;Verlin;C
89441;89;Vermenton;C
89442;89;Vernoy;C
89443;89;Véron;C
89445;89;Vézannes;C
89446;89;Vézelay;C
89447;89;Vézinnes;C
89449;89;Villeblevin;C
89450;89;Villebougis;C
89451;89;Villechétive;C
89452;89;Villecien;C
89453;89;Villefargeau;C
89456;89;Villemanoche;C
89458;89;Villenavotte;C
89459;89;Villeneuve-la-Dondagre;C
89460;89;Villeneuve-la-Guyard;C
89461;89;Villeneuve-l'Archevêque;C
89462;89;Villeneuve-les-Genêts;C
89463;89;Villeneuve-Saint-Salves;C
89464;89;Villeneuve-sur-Yonne;C
89465;89;Villeperrot;C
89466;89;Villeroy;C
89467;89;Villethierry;C
89468;89;Villevallier;C
89469;89;Perceneige;C
89470;89;Villiers-les-Hauts;C
89471;89;Villiers-Louis;C
89472;89;Villiers-Saint-Benoît;C
89474;89;Villiers-Vineux;C
89475;89;Villon;C
89477;89;Villy;C
89478;89;Vincelles;C
89479;89;Vincelottes;C
89480;89;Vinneuf;C
89481;89;Vireaux;C
89482;89;Viviers;C
89483;89;Voisines;C
89485;89;Voutenay-sur-Cure;C
89486;89;Yrouerre;C
90001;90;Andelnans;B2
90002;90;Angeot;C
90003;90;Anjoutey;C
90004;90;Argiésans;B2
90005;90;Auxelles-Bas;C
90006;90;Auxelles-Haut;C
90007;90;Banvillars;C
90008;90;Bavilliers;B2
90009;90;Beaucourt;B2
90010;90;Belfort;B2
90011;90;Bermont;B2
90012;90;Bessoncourt;C
90013;90;Bethonvilliers;C
90014;90;Boron;C
90015;90;Botans;B2
90016;90;Bourg-sous-Châtelet;C
90017;90;Bourogne;B2
90018;90;Brebotte;C
90019;90;Bretagne;C
90020;90;Buc;C
90021;90;Charmois;B2
90022;90;Châtenois-les-Forges;B2
90023;90;Chaux;B2
90024;90;Chavanatte;C
90025;90;Chavannes-les-Grands;C
90026;90;Chèvremont;B2
90027;90;Courcelles;C
90028;90;Courtelevant;C
90029;90;Cravanche;B2
90030;90;Croix;C
90031;90;Cunelières;C
90032;90;Danjoutin;B2
90033;90;Delle;B2
90034;90;Denney;B2
90035;90;Dorans;B2
90036;90;Eguenigue;C
90037;90;Éloie;B2
90039;90;Essert;B2
90041;90;Étueffont;C
90042;90;Évette-Salbert;B2
90043;90;Faverois;C
90044;90;Felon;C
90045;90;Fêche-l'Église;C
90046;90;Florimont;C
90047;90;Fontaine;C
90048;90;Fontenelle;C
90049;90;Foussemagne;C
90050;90;Frais;C
90051;90;Froidefontaine;C
90052;90;Giromagny;C
90053;90;Grandvillars;B2
90054;90;Grosmagny;C
90055;90;Grosne;C
90056;90;Joncherey;B2
90057;90;Lachapelle-sous-Chaux;B2
90058;90;Lachapelle-sous-Rougemont;C
90059;90;Lacollonge;C
90060;90;Lagrange;C
90061;90;Lamadeleine-Val-des-Anges;C
90062;90;Larivière;C
90063;90;Lebetain;C
90064;90;Lepuix-Neuf;C
90065;90;Lepuix;C
90066;90;Leval;C
90067;90;Menoncourt;C
90068;90;Meroux-Moval;B2
90069;90;Méziré;B2
90070;90;Montbouton;C
90071;90;Montreux-Château;C
90072;90;Morvillars;B2
90074;90;Novillard;C
90075;90;Offemont;B2
90076;90;Pérouse;B2
90077;90;Petit-Croix;C
90078;90;Petitefontaine;C
90079;90;Petitmagny;C
90080;90;Phaffans;C
90081;90;Réchésy;C
90082;90;Autrechêne;C
90083;90;Recouvrance;C
90084;90;Reppe;C
90085;90;Riervescemont;C
90086;90;Romagny-sous-Rougemont;C
90087;90;Roppe;B2
90088;90;Rougegoutte;C
90089;90;Rougemont-le-Château;C
90090;90;Saint-Dizier-l'Évêque;C
90091;90;Saint-Germain-le-Châtelet;C
90093;90;Sermamagny;B2
90094;90;Sevenans;B2
90095;90;Suarce;C
90096;90;Thiancourt;C
90097;90;Trévenans;B2
90098;90;Urcerey;C
90099;90;Valdoie;B2
90100;90;Vauthiermont;C
90101;90;Vellescot;C
90102;90;Vescemont;C
90103;90;Vétrigne;B2
90104;90;Vézelois;B2
90105;90;Villars-le-Sec;C
91001;91;Abbéville-la-Rivière;B2
91016;91;Angerville;B2
91017;91;Angervilliers;B1
91021;91;Arpajon;A
91022;91;Arrancourt;B2
91027;91;Athis-Mons;A
91035;91;Authon-la-Plaine;B2
91037;91;Auvernaux;B1
91038;91;Auvers-Saint-Georges;B1
91041;91;Avrainville;B1
91044;91;Ballainvilliers;A
91045;91;Ballancourt-sur-Essonne;B1
91047;91;Baulne;B1
91064;91;Bièvres;Abis
91067;91;Blandy;B2
91069;91;Boigneville;B2
91075;91;Bois-Herpin;B2
91079;91;Boissy-la-Rivière;B2
91080;91;Boissy-le-Cutté;B2
91081;91;Boissy-le-Sec;B2
91085;91;Boissy-sous-Saint-Yon;B1
91086;91;Bondoufle;A
91093;91;Boullay-les-Troux;B1
91095;91;Bouray-sur-Juine;B1
91097;91;Boussy-Saint-Antoine;A
91098;91;Boutervilliers;B2
91099;91;Boutigny-sur-Essonne;B1
91100;91;Bouville;B1
91103;91;Brétigny-sur-Orge;A
91105;91;Breuillet;A
91106;91;Breux-Jouy;A
91109;91;Brières-les-Scellés;B1
91111;91;Briis-sous-Forges;B1
91112;91;Brouy;B2
91114;91;Brunoy;A
91115;91;Bruyères-le-Châtel;A
91121;91;Buno-Bonnevaux;B2
91122;91;Bures-sur-Yvette;A
91129;91;Cerny;B1
91130;91;Chalo-Saint-Mars;B2
91131;91;Chalou-Moulineux;B2
91132;91;Chamarande;B1
91135;91;Champcueil;B1
91136;91;Champlan;A
91137;91;Champmotteux;B2
91145;91;Chatignonville;B2
91148;91;Chauffour-lès-Étréchy;B1
91156;91;Cheptainville;B1
91159;91;Chevannes;B1
91161;91;Chilly-Mazarin;A
91174;91;Corbeil-Essonnes;A
91175;91;Corbreuse;B2
91179;91;Le Coudray-Montceaux;A
91180;91;Courances;B1
91184;91;Courdimanche-sur-Essonne;B1
91186;91;Courson-Monteloup;B1
91191;91;Crosne;A
91195;91;Dannemois;B1
91198;91;D'Huison-Longueville;B1
91200;91;Dourdan;A
91201;91;Draveil;A
91204;91;Écharcon;A
91207;91;Égly;A
91215;91;Épinay-sous-Sénart;A
91216;91;Épinay-sur-Orge;A
91223;91;Étampes;B1
91225;91;Étiolles;A
91226;91;Étréchy;B1
91228;91;Évry-Courcouronnes;A
91232;91;La Ferté-Alais;B1
91235;91;Fleury-Mérogis;A
91240;91;Fontaine-la-Rivière;B2
91243;91;Fontenay-lès-Briis;B1
91244;91;Fontenay-le-Vicomte;A
91247;91;La Forêt-le-Roi;B2
91248;91;La Forêt-Sainte-Croix;B2
91249;91;Forges-les-Bains;A
91272;91;Gif-sur-Yvette;A
91273;91;Gironville-sur-Essonne;B2
91274;91;Gometz-la-Ville;B1
91275;91;Gometz-le-Châtel;A
91284;91;Les Granges-le-Roi;B2
91286;91;Grigny;A
91292;91;Guibeville;B1
91293;91;Guigneville-sur-Essonne;B1
91294;91;Guillerval;B2
91312;91;Igny;A
91315;91;Itteville;B1
91318;91;Janville-sur-Juine;B1
91319;91;Janvry;B1
91326;91;Juvisy-sur-Orge;A
91330;91;Lardy;B1
91332;91;Leudeville;B1
91333;91;Leuville-sur-Orge;A
91338;91;Limours;A
91339;91;Linas;A
91340;91;Lisses;A
91345;91;Longjumeau;A
91347;91;Longpont-sur-Orge;A
91359;91;Maisse;B1
91363;91;Marcoussis;A
91374;91;Marolles-en-Beauce;B2
91376;91;Marolles-en-Hurepoix;A
91377;91;Massy;A
91378;91;Mauchamps;B1
91386;91;Mennecy;A
91390;91;Le Mérévillois;B2
91393;91;Mérobert;B2
91399;91;Mespuits;B2
91405;91;Milly-la-Forêt;B1
91408;91;Moigny-sur-École;B1
91411;91;Les Molières;B1
91412;91;Mondeville;B1
91414;91;Monnerville;B2
91421;91;Montgeron;A
91425;91;Montlhéry;A
91432;91;Morangis;A
91433;91;Morigny-Champigny;B1
91434;91;Morsang-sur-Orge;A
91435;91;Morsang-sur-Seine;A
91441;91;Nainville-les-Roches;B1
91457;91;La Norville;A
91458;91;Nozay;A
91461;91;Ollainville;A
91463;91;Oncy-sur-École;B1
91468;91;Ormoy;A
91469;91;Ormoy-la-Rivière;B2
91471;91;Orsay;A
91473;91;Orveau;B1
91477;91;Palaiseau;A
91479;91;Paray-Vieille-Poste;A
91482;91;Pecqueuse;B1
91494;91;Le Plessis-Pâté;A
91495;91;Plessis-Saint-Benoist;B2
91507;91;Prunay-sur-Essonne;B2
91508;91;Puiselet-le-Marais;B1
91511;91;Pussay;B2
91514;91;Quincy-sous-Sénart;A
91519;91;Richarville;B2
91521;91;Ris-Orangis;A
91525;91;Roinville;B1
91526;91;Roinvilliers;B2
91533;91;Saclas;B2
91534;91;Saclay;A
91538;91;Saint-Aubin;A
91540;91;Saint-Chéron;B1
91544;91;Saint-Cyr-la-Rivière;B2
91546;91;Saint-Cyr-sous-Dourdan;B1
91547;91;Saint-Escobille;B2
91549;91;Sainte-Geneviève-des-Bois;A
91552;91;Saint-Germain-lès-Arpajon;A
91553;91;Saint-Germain-lès-Corbeil;A
91556;91;Saint-Hilaire;B2
91560;91;Saint-Jean-de-Beauregard;B1
91568;91;Saint-Maurice-Montcouronne;B1
91570;91;Saint-Michel-sur-Orge;A
91573;91;Saint-Pierre-du-Perray;A
91577;91;Saintry-sur-Seine;A
91578;91;Saint-Sulpice-de-Favières;B1
91579;91;Saint-Vrain;B1
91581;91;Saint-Yon;A
91587;91;Saulx-les-Chartreux;A
91589;91;Savigny-sur-Orge;A
91593;91;Sermaise;B1
91599;91;Soisy-sur-École;B1
91600;91;Soisy-sur-Seine;A
91602;91;Souzy-la-Briche;B2
91613;91;Congerville-Thionville;B2
91617;91;Tigery;A
91619;91;Torfou;B1
91629;91;Valpuiseaux;B1
91630;91;Le Val-Saint-Germain;B1
91631;91;Varennes-Jarcy;A
91634;91;Vaugrigneuse;B1
91635;91;Vauhallan;Abis
91639;91;Vayres-sur-Essonne;B1
91645;91;Verrières-le-Buisson;Abis
91648;91;Vert-le-Grand;B1
91649;91;Vert-le-Petit;B1
91654;91;Videlles;B1
91657;91;Vigneux-sur-Seine;A
91659;91;Villabé;A
91661;91;Villebon-sur-Yvette;A
91662;91;Villeconin;B2
91665;91;La Ville-du-Bois;A
91666;91;Villejust;A
91667;91;Villemoisson-sur-Orge;A
91671;91;Villeneuve-sur-Auvers;B2
91679;91;Villiers-le-Bâcle;A
91685;91;Villiers-sur-Orge;A
91687;91;Viry-Châtillon;A
91689;91;Wissous;A
91691;91;Yerres;A
91692;91;Les Ulis;A
92002;92;Antony;Abis
92004;92;Asnières-sur-Seine;Abis
92007;92;Bagneux;Abis
92009;92;Bois-Colombes;Abis
92012;92;Boulogne-Billancourt;Abis
92014;92;Bourg-la-Reine;Abis
92019;92;Châtenay-Malabry;Abis
92020;92;Châtillon;Abis
92022;92;Chaville;Abis
92023;92;Clamart;Abis
92024;92;Clichy;Abis
92025;92;Colombes;Abis
92026;92;Courbevoie;Abis
92032;92;Fontenay-aux-Roses;Abis
92033;92;Garches;Abis
92035;92;La Garenne-Colombes;Abis
92036;92;Gennevilliers;Abis
92040;92;Issy-les-Moulineaux;Abis
92044;92;Levallois-Perret;Abis
92046;92;Malakoff;Abis
92047;92;Marnes-la-Coquette;Abis
92048;92;Meudon;Abis
92049;92;Montrouge;Abis
92050;92;Nanterre;Abis
92051;92;Neuilly-sur-Seine;Abis
92060;92;Le Plessis-Robinson;Abis
92062;92;Puteaux;Abis
92063;92;Rueil-Malmaison;Abis
92064;92;Saint-Cloud;Abis
92071;92;Sceaux;Abis
92072;92;Sèvres;Abis
92073;92;Suresnes;Abis
92075;92;Vanves;Abis
92076;92;Vaucresson;Abis
92077;92;Ville-d'Avray;Abis
92078;92;Villeneuve-la-Garenne;Abis
93001;93;Aubervilliers;Abis
93005;93;Aulnay-sous-Bois;A
93006;93;Bagnolet;Abis
93007;93;Le Blanc-Mesnil;A
93008;93;Bobigny;A
93010;93;Bondy;A
93013;93;Le Bourget;A
93014;93;Clichy-sous-Bois;A
93015;93;Coubron;A
93027;93;La Courneuve;A
93029;93;Drancy;A
93030;93;Dugny;A
93031;93;Épinay-sur-Seine;A
93032;93;Gagny;A
93033;93;Gournay-sur-Marne;A
93039;93;L'Île-Saint-Denis;A
93045;93;Les Lilas;Abis
93046;93;Livry-Gargan;A
93047;93;Montfermeil;A
93048;93;Montreuil;Abis
93049;93;Neuilly-Plaisance;Abis
93050;93;Neuilly-sur-Marne;A
93051;93;Noisy-le-Grand;A
93053;93;Noisy-le-Sec;A
93055;93;Pantin;Abis
93057;93;Les Pavillons-sous-Bois;A
93061;93;Le Pré-Saint-Gervais;Abis
93062;93;Le Raincy;Abis
93063;93;Romainville;Abis
93064;93;Rosny-sous-Bois;A
93066;93;Saint-Denis;Abis
93070;93;Saint-Ouen-sur-Seine;Abis
93071;93;Sevran;A
93072;93;Stains;A
93073;93;Tremblay-en-France;A
93074;93;Vaujours;A
93077;93;Villemomble;Abis
93078;93;Villepinte;A
93079;93;Villetaneuse;A
94001;94;Ablon-sur-Seine;A
94002;94;Alfortville;Abis
94003;94;Arcueil;Abis
94004;94;Boissy-Saint-Léger;A
94011;94;Bonneuil-sur-Marne;A
94015;94;Bry-sur-Marne;Abis
94016;94;Cachan;Abis
94017;94;Champigny-sur-Marne;A
94018;94;Charenton-le-Pont;Abis
94019;94;Chennevières-sur-Marne;A
94021;94;Chevilly-Larue;A
94022;94;Choisy-le-Roi;A
94028;94;Créteil;A
94033;94;Fontenay-sous-Bois;Abis
94034;94;Fresnes;A
94037;94;Gentilly;Abis
94038;94;L'Haÿ-les-Roses;Abis
94041;94;Ivry-sur-Seine;Abis
94042;94;Joinville-le-Pont;Abis
94043;94;Le Kremlin-Bicêtre;Abis
94044;94;Limeil-Brévannes;A
94046;94;Maisons-Alfort;Abis
94047;94;Mandres-les-Roses;A
94048;94;Marolles-en-Brie;A
94052;94;Nogent-sur-Marne;Abis
94053;94;Noiseau;A
94054;94;Orly;A
94055;94;Ormesson-sur-Marne;A
94056;94;Périgny;A
94058;94;Le Perreux-sur-Marne;Abis
94059;94;Le Plessis-Trévise;A
94060;94;La Queue-en-Brie;A
94065;94;Rungis;A
94067;94;Saint-Mandé;Abis
94068;94;Saint-Maur-des-Fossés;Abis
94069;94;Saint-Maurice;Abis
94070;94;Santeny;A
94071;94;Sucy-en-Brie;A
94073;94;Thiais;A
94074;94;Valenton;A
94075;94;Villecresnes;A
94076;94;Villejuif;Abis
94077;94;Villeneuve-le-Roi;A
94078;94;Villeneuve-Saint-Georges;A
94079;94;Villiers-sur-Marne;A
94080;94;Vincennes;Abis
94081;94;Vitry-sur-Seine;A
95002;95;Ableiges;B1
95008;95;Aincourt;B1
95011;95;Ambleville;B2
95012;95;Amenucourt;B2
95014;95;Andilly;A
95018;95;Argenteuil;A
95019;95;Arnouville;A
95023;95;Arronville;B1
95024;95;Arthies;B2
95026;95;Asnières-sur-Oise;B1
95028;95;Attainville;B1
95039;95;Auvers-sur-Oise;A
95040;95;Avernes;B1
95042;95;Baillet-en-France;B1
95046;95;Banthelu;B2
95051;95;Beauchamp;A
95052;95;Beaumont-sur-Oise;A
95054;95;Le Bellay-en-Vexin;B2
95055;95;Bellefontaine;B1
95056;95;Belloy-en-France;B1
95058;95;Bernes-sur-Oise;A
95059;95;Berville;B2
95060;95;Bessancourt;A
95061;95;Béthemont-la-Forêt;B1
95063;95;Bezons;A
95074;95;Boisemont;A
95078;95;Boissy-l'Aillerie;B1
95088;95;Bonneuil-en-France;A
95091;95;Bouffémont;A
95094;95;Bouqueval;B1
95101;95;Bray-et-Lû;B2
95102;95;Bréançon;B2
95110;95;Brignancourt;B2
95116;95;Bruyères-sur-Oise;B1
95119;95;Buhy;B2
95120;95;Butry-sur-Oise;A
95127;95;Cergy;A
95134;95;Champagne-sur-Oise;A
95139;95;La Chapelle-en-Vexin;B2
95141;95;Charmont;B2
95142;95;Chars;B2
95144;95;Châtenay-en-France;B1
95149;95;Chaumontel;B1
95150;95;Chaussy;B2
95151;95;Chauvry;B1
95154;95;Chennevières-lès-Louvres;B1
95157;95;Chérence;B2
95166;95;Cléry-en-Vexin;B2
95169;95;Commeny;B1
95170;95;Condécourt;B1
95176;95;Cormeilles-en-Parisis;A
95177;95;Cormeilles-en-Vexin;B1
95181;95;Courcelles-sur-Viosne;B1
95183;95;Courdimanche;A
95197;95;Deuil-la-Barre;A
95199;95;Domont;A
95203;95;Eaubonne;A
95205;95;Écouen;A
95210;95;Enghien-les-Bains;Abis
95211;95;Ennery;B1
95212;95;Épiais-lès-Louvres;A
95213;95;Épiais-Rhus;B2
95214;95;Épinay-Champlâtreux;B1
95218;95;Éragny;A
95219;95;Ermont;A
95229;95;Ézanville;A
95241;95;Fontenay-en-Parisis;B1
95250;95;Fosses;B1
95252;95;Franconville;A
95253;95;Frémainville;B1
95254;95;Frémécourt;B1
95256;95;Frépillon;A
95257;95;La Frette-sur-Seine;A
95258;95;Frouville;B1
95268;95;Garges-lès-Gonesse;A
95270;95;Genainville;B2
95271;95;Génicourt;B1
95277;95;Gonesse;A
95280;95;Goussainville;A
95287;95;Grisy-les-Plâtres;B2
95288;95;Groslay;A
95295;95;Guiry-en-Vexin;B2
95298;95;Haravilliers;B2
95301;95;Haute-Isle;B2
95303;95;Le Heaulme;B2
95304;95;Hédouville;B1
95306;95;Herblay-sur-Seine;A
95308;95;Hérouville-en-Vexin;B1
95309;95;Hodent;B2
95313;95;L'Isle-Adam;A
95316;95;Jagny-sous-Bois;B1
95323;95;Jouy-le-Moutier;A
95328;95;Labbeville;B1
95331;95;Lassy;B1
95341;95;Livilliers;B1
95348;95;Longuesse;B1
95351;95;Louvres;B1
95352;95;Luzarches;B1
95353;95;Maffliers;B1
95355;95;Magny-en-Vexin;B1
95365;95;Mareil-en-France;B1
95369;95;Margency;A
95370;95;Marines;B1
95371;95;Marly-la-Ville;B1
95379;95;Maudétour-en-Vexin;B2
95387;95;Menouville;B1
95388;95;Menucourt;A
95392;95;Mériel;A
95394;95;Méry-sur-Oise;A
95395;95;Le Mesnil-Aubry;B1
95409;95;Moisselles;B1
95422;95;Montgeroult;B1
95424;95;Montigny-lès-Cormeilles;A
95426;95;Montlignon;A
95427;95;Montmagny;A
95428;95;Montmorency;A
95429;95;Montreuil-sur-Epte;B2
95430;95;Montsoult;B1
95436;95;Mours;A
95438;95;Moussy;B2
95445;95;Nerville-la-Forêt;B1
95446;95;Nesles-la-Vallée;A
95447;95;Neuilly-en-Vexin;B2
95450;95;Neuville-sur-Oise;A
95452;95;Nointel;B1
95456;95;Noisy-sur-Oise;B2
95459;95;Nucourt;B2
95462;95;Omerville;B2
95476;95;Osny;A
95480;95;Parmain;A
95483;95;Le Perchay;B1
95487;95;Persan;A
95488;95;Pierrelaye;A
95489;95;Piscop;A
95491;95;Le Plessis-Bouchard;A
95492;95;Le Plessis-Gassot;B1
95493;95;Le Plessis-Luzarches;B1
95500;95;Pontoise;A
95504;95;Presles;B1
95509;95;Puiseux-en-France;B1
95510;95;Puiseux-Pontoise;A
95523;95;La Roche-Guyon;B2
95527;95;Roissy-en-France;A
95529;95;Ronquerolles;A
95535;95;Sagy;B1
95539;95;Saint-Brice-sous-Forêt;A
95541;95;Saint-Clair-sur-Epte;B2
95543;95;Saint-Cyr-en-Arthies;B1
95554;95;Saint-Gervais;B2
95555;95;Saint-Gratien;A
95563;95;Saint-Leu-la-Forêt;A
95566;95;Saint-Martin-du-Tertre;B1
95572;95;Saint-Ouen-l'Aumône;A
95574;95;Saint-Prix;A
95580;95;Saint-Witz;B1
95582;95;Sannois;A
95584;95;Santeuil;B1
95585;95;Sarcelles;A
95592;95;Seraincourt;B1
95594;95;Seugy;B1
95598;95;Soisy-sous-Montmorency;A
95604;95;Survilliers;B1
95607;95;Taverny;A
95610;95;Théméricourt;B1
95611;95;Theuville;B1
95612;95;Le Thillay;A
95625;95;Us;B1
95627;95;Vallangoujard;B1
95628;95;Valmondois;A
95633;95;Vaudherland;A
95637;95;Vauréal;A
95641;95;Vémars;B1
95651;95;Vétheuil;B1
95652;95;Viarmes;B1
95656;95;Vienne-en-Arthies;B1
95658;95;Vigny;B1
95660;95;Villaines-sous-Bois;B1
95675;95;Villeron;B1
95676;95;Villers-en-Arthies;B2
95678;95;Villiers-Adam;A
95680;95;Villiers-le-Bel;A
95682;95;Villiers-le-Sec;B1
95690;95;Wy-dit-Joli-Village;B2
97101;971;Les Abymes;B1
97102;971;Anse-Bertrand;B1
97103;971;Baie-Mahault;B1
97104;971;Baillif;B1
97105;971;Basse-Terre;B1
97106;971;Bouillante;B1
97107;971;Capesterre-Belle-Eau;B1
97108;971;Capesterre-de-Marie-Galante;B1
97109;971;Gourbeyre;B1
97110;971;La Désirade;B1
97111;971;Deshaies;B1
97112;971;Grand-Bourg;B1
97113;971;Le Gosier;A
97114;971;Goyave;B1
97115;971;Lamentin;B1
97116;971;Morne-à-l'Eau;B1
97117;971;Le Moule;B1
97118;971;Petit-Bourg;B1
97119;971;Petit-Canal;B1
97120;971;Pointe-à-Pitre;B1
97121;971;Pointe-Noire;B1
97122;971;Port-Louis;B1
97124;971;Saint-Claude;B1
97125;971;Saint-François;A
97126;971;Saint-Louis;B1
97128;971;Sainte-Anne;B1
97129;971;Sainte-Rose;B1
97130;971;Terre-de-Bas;B1
97131;971;Terre-de-Haut;B1
97132;971;Trois-Rivières;B1
97133;971;Vieux-Fort;B1
97134;971;Vieux-Habitants;B1
97201;972;L'Ajoupa-Bouillon;B1
97202;972;Les Anses-d'Arlet;A
97203;972;Basse-Pointe;B1
97204;972;Le Carbet;B1
97205;972;Case-Pilote;B1
97206;972;Le Diamant;A
97207;972;Ducos;B1
97208;972;Fonds-Saint-Denis;B1
97209;972;Fort-de-France;B1
97210;972;Le François;B1
97211;972;Grand'Rivière;B1
97212;972;Gros-Morne;B1
97213;972;Le Lamentin;B1
97214;972;Le Lorrain;B1
97215;972;Macouba;B1
97216;972;Le Marigot;B1
97217;972;Le Marin;A
97218;972;Le Morne-Rouge;B1
97219;972;Le Prêcheur;B1
97220;972;Rivière-Pilote;B1
97221;972;Rivière-Salée;B1
97222;972;Le Robert;B1
97223;972;Saint-Esprit;B1
97224;972;Saint-Joseph;B1
97225;972;Saint-Pierre;B1
97226;972;Sainte-Anne;B1
97227;972;Sainte-Luce;B1
97228;972;Sainte-Marie;B1
97229;972;Schœlcher;B1
97230;972;La Trinité;B1
97231;972;Les Trois-Îlets;A
97232;972;Le Vauclin;B1
97233;972;Le Morne-Vert;B1
97234;972;Bellefontaine;B1
97301;973;Régina;B1
97302;973;Cayenne;B1
97303;973;Iracoubo;B1
97304;973;Kourou;B1
97305;973;Macouria;B1
97306;973;Mana;B1
97307;973;Matoury;B1
97308;973;Saint-Georges;B1
97309;973;Remire-Montjoly;B1
97310;973;Roura;B1
97311;973;Saint-Laurent-du-Maroni;B1
97312;973;Sinnamary;B1
97313;973;Montsinéry-Tonnegrande;B1
97314;973;Ouanary;B1
97352;973;Saül;B1
97353;973;Maripasoula;B1
97356;973;Camopi;B1
97357;973;Grand-Santi;B1
97358;973;Saint-Élie;B1
97360;973;Apatou;B1
97361;973;Awala-Yalimapo;B1
97362;973;Papaichton;B1
97401;974;Les Avirons;A
97402;974;Bras-Panon;B1
97403;974;Entre-Deux;B1
97404;974;L'Étang-Salé;A
97405;974;Petite-Île;B1
97406;974;La Plaine-des-Palmistes;B1
97407;974;Le Port;B1
97408;974;La Possession;B1
97409;974;Saint-André;B1
97410;974;Saint-Benoît;B1
97411;974;Saint-Denis;B1
97412;974;Saint-Joseph;B1
97413;974;Saint-Leu;A
97414;974;Saint-Louis;B1
97415;974;Saint-Paul;A
97416;974;Saint-Pierre;B1
97417;974;Saint-Philippe;B1
97418;974;Sainte-Marie;B1
97419;974;Sainte-Rose;B1
97420;974;Sainte-Suzanne;B1
97421;974;Salazie;B1
97422;974;Le Tampon;B1
97423;974;Les Trois-Bassins;B1
97424;974;Cilaos;B1
97601;976;Acoua;B1
97602;976;Bandraboua;B1
97603;976;Bandrele;B1
97604;976;Bouéni;B1
97605;976;Chiconi;B1
97606;976;Chirongui;B1
97607;976;Dembeni;B1
97608;976;Dzaoudzi;B1
97609;976;Kani-Kéli;B1
97610;976;Koungou;B1
97611;976;Mamoudzou;B1
97612;976;Mtsamboro;B1
97613;976;M'Tsangamouji;B1
97614;976;Ouangani;B1
97615;976;Pamandzi;B1
97616;976;Sada;B1
97617;976;Tsingoni;B1
